  0
SECTION
  2
HEADER
  9
$ACADVER
  1
AC1032
  9
$ACADMAINTVER
 90
      377
  9
$DWGCODEPAGE
  3
ANSI_936
  9
$LASTSAVEDBY
  1
asus
  9
$REQUIREDVERSIONS
160
                 0
  9
$INSBASE
 10
0.0
 20
0.0
 30
0.0
  9
$EXTMIN
 10
2925.110820903006
 20
7143.959744147875
 30
0.0
  9
$EXTMAX
 10
3308.467092060852
 20
7335.36495025686
 30
0.0
  9
$LIMMIN
 10
0.0
 20
0.0
  9
$LIMMAX
 10
420.0
 20
297.0
  9
$ORTHOMODE
 70
     0
  9
$REGENMODE
 70
     1
  9
$FILLMODE
 70
     1
  9
$QTEXTMODE
 70
     0
  9
$MIRRTEXT
 70
     0
  9
$LTSCALE
 40
0.3
  9
$ATTMODE
 70
     1
  9
$TEXTSIZE
 40
2.5
  9
$TRACEWID
 40
1.0
  9
$TEXTSTYLE
  7
Standard
  9
$CLAYER
  8
dim
  9
$CELTYPE
  6
ByLayer
  9
$CECOLOR
 62
   256
  9
$CELTSCALE
 40
1.0
  9
$DISPSILH
 70
     0
  9
$DIMSCALE
 40
1.0
  9
$DIMASZ
 40
2.5
  9
$DIMEXO
 40
0.625
  9
$DIMDLI
 40
3.75
  9
$DIMRND
 40
0.0
  9
$DIMDLE
 40
0.0
  9
$DIMEXE
 40
1.25
  9
$DIMTP
 40
0.0
  9
$DIMTM
 40
0.0
  9
$DIMTXT
 40
2.5
  9
$DIMCEN
 40
2.5
  9
$DIMTSZ
 40
0.0
  9
$DIMTOL
 70
     0
  9
$DIMLIM
 70
     0
  9
$DIMTIH
 70
     0
  9
$DIMTOH
 70
     0
  9
$DIMSE1
 70
     0
  9
$DIMSE2
 70
     0
  9
$DIMTAD
 70
     1
  9
$DIMZIN
 70
     8
  9
$DIMBLK
  1

  9
$DIMASO
 70
     1
  9
$DIMSHO
 70
     1
  9
$DIMPOST
  1

  9
$DIMAPOST
  1

  9
$DIMALT
 70
     0
  9
$DIMALTD
 70
     3
  9
$DIMALTF
 40
0.03937007874016
  9
$DIMLFAC
 40
1.0
  9
$DIMTOFL
 70
     1
  9
$DIMTVP
 40
0.0
  9
$DIMTIX
 70
     0
  9
$DIMSOXD
 70
     0
  9
$DIMSAH
 70
     0
  9
$DIMBLK1
  1

  9
$DIMBLK2
  1

  9
$DIMSTYLE
  2
ISO-25
  9
$DIMCLRD
 70
     0
  9
$DIMCLRE
 70
     0
  9
$DIMCLRT
 70
     0
  9
$DIMTFAC
 40
1.0
  9
$DIMGAP
 40
0.625
  9
$DIMJUST
 70
     0
  9
$DIMSD1
 70
     0
  9
$DIMSD2
 70
     0
  9
$DIMTOLJ
 70
     0
  9
$DIMTZIN
 70
     8
  9
$DIMALTZ
 70
     0
  9
$DIMALTTZ
 70
     0
  9
$DIMUPT
 70
     0
  9
$DIMDEC
 70
     2
  9
$DIMTDEC
 70
     2
  9
$DIMALTU
 70
     2
  9
$DIMALTTD
 70
     3
  9
$DIMTXSTY
  7
Standard
  9
$DIMAUNIT
 70
     0
  9
$DIMADEC
 70
     0
  9
$DIMALTRND
 40
0.0
  9
$DIMAZIN
 70
     0
  9
$DIMDSEP
 70
    44
  9
$DIMATFIT
 70
     3
  9
$DIMFRAC
 70
     0
  9
$DIMLDRBLK
  1

  9
$DIMLUNIT
 70
     2
  9
$DIMLWD
 70
    -2
  9
$DIMLWE
 70
    -2
  9
$DIMTMOVE
 70
     0
  9
$DIMFXL
 40
1.0
  9
$DIMFXLON
 70
     0
  9
$DIMJOGANG
 40
0.7853981633974483
  9
$DIMTFILL
 70
     0
  9
$DIMTFILLCLR
 70
     0
  9
$DIMARCSYM
 70
     0
  9
$DIMLTYPE
  6

  9
$DIMLTEX1
  6

  9
$DIMLTEX2
  6

  9
$DIMTXTDIRECTION
 70
     0
  9
$LUNITS
 70
     2
  9
$LUPREC
 70
     4
  9
$SKETCHINC
 40
1.0
  9
$FILLETRAD
 40
1.0
  9
$AUNITS
 70
     0
  9
$AUPREC
 70
     0
  9
$MENU
  1
.
  9
$ELEVATION
 40
0.0
  9
$PELEVATION
 40
0.0
  9
$THICKNESS
 40
0.0
  9
$LIMCHECK
 70
     0
  9
$CHAMFERA
 40
0.0
  9
$CHAMFERB
 40
0.0
  9
$CHAMFERC
 40
0.0
  9
$CHAMFERD
 40
0.0
  9
$SKPOLY
 70
     0
  9
$TDCREATE
 40
2461117.991793981
  9
$TDUCREATE
 40
2461117.658460648
  9
$TDUPDATE
 40
2461321.010520833
  9
$TDUUPDATE
 40
2461320.677187500
  9
$TDINDWG
 40
3.3755671296
  9
$TDUSRTIMER
 40
3.3755671296
  9
$USRTIMER
 70
     1
  9
$ANGBASE
 50
0.0
  9
$ANGDIR
 70
     0
  9
$PDMODE
 70
     0
  9
$PDSIZE
 40
0.0
  9
$PLINEWID
 40
0.0
  9
$SPLFRAME
 70
     0
  9
$SPLINETYPE
 70
     6
  9
$SPLINESEGS
 70
     8
  9
$HANDSEED
  5
1136
  9
$SURFTAB1
 70
     6
  9
$SURFTAB2
 70
     6
  9
$SURFTYPE
 70
     6
  9
$SURFU
 70
     6
  9
$SURFV
 70
     6
  9
$UCSBASE
  2

  9
$UCSNAME
  2

  9
$UCSORG
 10
0.0
 20
0.0
 30
0.0
  9
$UCSXDIR
 10
1.0
 20
0.0
 30
0.0
  9
$UCSYDIR
 10
0.0
 20
1.0
 30
0.0
  9
$UCSORTHOREF
  2

  9
$UCSORTHOVIEW
 70
     0
  9
$UCSORGTOP
 10
0.0
 20
0.0
 30
0.0
  9
$UCSORGBOTTOM
 10
0.0
 20
0.0
 30
0.0
  9
$UCSORGLEFT
 10
0.0
 20
0.0
 30
0.0
  9
$UCSORGRIGHT
 10
0.0
 20
0.0
 30
0.0
  9
$UCSORGFRONT
 10
0.0
 20
0.0
 30
0.0
  9
$UCSORGBACK
 10
0.0
 20
0.0
 30
0.0
  9
$PUCSBASE
  2

  9
$PUCSNAME
  2

  9
$PUCSORG
 10
0.0
 20
0.0
 30
0.0
  9
$PUCSXDIR
 10
1.0
 20
0.0
 30
0.0
  9
$PUCSYDIR
 10
0.0
 20
1.0
 30
0.0
  9
$PUCSORTHOREF
  2

  9
$PUCSORTHOVIEW
 70
     0
  9
$PUCSORGTOP
 10
0.0
 20
0.0
 30
0.0
  9
$PUCSORGBOTTOM
 10
0.0
 20
0.0
 30
0.0
  9
$PUCSORGLEFT
 10
0.0
 20
0.0
 30
0.0
  9
$PUCSORGRIGHT
 10
0.0
 20
0.0
 30
0.0
  9
$PUCSORGFRONT
 10
0.0
 20
0.0
 30
0.0
  9
$PUCSORGBACK
 10
0.0
 20
0.0
 30
0.0
  9
$USERI1
 70
     0
  9
$USERI2
 70
     0
  9
$USERI3
 70
     0
  9
$USERI4
 70
     0
  9
$USERI5
 70
     0
  9
$USERR1
 40
0.0
  9
$USERR2
 40
0.0
  9
$USERR3
 40
0.0
  9
$USERR4
 40
0.0
  9
$USERR5
 40
0.0
  9
$WORLDVIEW
 70
     1
  9
$SHADEDGE
 70
     3
  9
$SHADEDIF
 70
    70
  9
$TILEMODE
 70
     1
  9
$MAXACTVP
 70
    64
  9
$PINSBASE
 10
0.0
 20
0.0
 30
0.0
  9
$PLIMCHECK
 70
     0
  9
$PEXTMIN
 10
7.601175114382158
 20
1.374157946925834
 30
-0.0000000349181948
  9
$PEXTMAX
 10
242.2701654328723
 20
206.2992638491965
 30
0.0000000814935746
  9
$PLIMMIN
 10
-0.0447615522646174
 20
0.0254945110475546
  9
$PLIMMAX
 10
296.9552384477354
 20
210.0254945110476
  9
$UNITMODE
 70
     0
  9
$VISRETAIN
 70
     1
  9
$PLINEGEN
 70
     0
  9
$PSLTSCALE
 70
     0
  9
$TREEDEPTH
 70
  3020
  9
$CMLSTYLE
  2
Standard
  9
$CMLJUST
 70
     0
  9
$CMLSCALE
 40
20.0
  9
$PROXYGRAPHICS
 70
     1
  9
$MEASUREMENT
 70
     1
  9
$CELWEIGHT
370
    -1
  9
$ENDCAPS
280
     0
  9
$JOINSTYLE
280
     0
  9
$LWDISPLAY
290
     0
  9
$INSUNITS
 70
     4
  9
$HYPERLINKBASE
  1

  9
$STYLESHEET
  1

  9
$XEDIT
290
     1
  9
$CEPSNTYPE
380
     0
  9
$PSTYLEMODE
290
     1
  9
$FINGERPRINTGUID
  2
{103A409E-E34E-D749-A341-F1C95AFC36B8}
  9
$VERSIONGUID
  2
{3DE9423C-207E-7B46-B2B0-1F68D1EB2914}
  9
$EXTNAMES
290
     1
  9
$PSVPSCALE
 40
0.0
  9
$OLESTARTUP
290
     0
  9
$SORTENTS
280
   127
  9
$INDEXCTL
280
     0
  9
$HIDETEXT
280
     1
  9
$XCLIPFRAME
280
     2
  9
$HALOGAP
280
     0
  9
$OBSCOLOR
 70
   257
  9
$OBSLTYPE
280
     0
  9
$INTERSECTIONDISPLAY
280
     0
  9
$INTERSECTIONCOLOR
 70
   257
  9
$DIMASSOC
280
     2
  9
$PROJECTNAME
  1

  9
$CAMERADISPLAY
290
     0
  9
$LENSLENGTH
 40
50.0
  9
$CAMERAHEIGHT
 40
0.0
  9
$STEPSPERSEC
 40
2.0
  9
$STEPSIZE
 40
6.0
  9
$3DDWFPREC
 40
2.0
  9
$PSOLWIDTH
 40
5.0
  9
$PSOLHEIGHT
 40
80.0
  9
$LOFTANG1
 40
1.570796326794896
  9
$LOFTANG2
 40
1.570796326794896
  9
$LOFTMAG1
 40
0.0
  9
$LOFTMAG2
 40
0.0
  9
$LOFTPARAM
 70
     7
  9
$LOFTNORMALS
280
     1
  9
$LATITUDE
 40
37.795
  9
$LONGITUDE
 40
-122.394
  9
$NORTHDIRECTION
 40
0.0
  9
$TIMEZONE
 70
 -8000
  9
$LIGHTGLYPHDISPLAY
280
     1
  9
$TILEMODELIGHTSYNCH
280
     1
  9
$CMATERIAL
347
EC
  9
$SOLIDHIST
280
     0
  9
$SHOWHIST
280
     1
  9
$DWFFRAME
280
     2
  9
$DGNFRAME
280
     0
  9
$REALWORLDSCALE
290
     1
  9
$INTERFERECOLOR
 62
     1
  9
$INTERFEREOBJVS
345
F9
  9
$INTERFEREVPVS
346
F6
  9
$CSHADOW
280
     0
  9
$SHADOWPLANELOCATION
 40
0.0
  0
ENDSEC
  0
SECTION
  2
CLASSES
  0
CLASS
  1
ACDBDICTIONARYWDFLT
  2
AcDbDictionaryWithDefault
  3
ObjectDBX Classes
 90
        0
 91
        1
280
     0
281
     0
  0
CLASS
  1
DICTIONARYVAR
  2
AcDbDictionaryVar
  3
ObjectDBX Classes
 90
        0
 91
       13
280
     0
281
     0
  0
CLASS
  1
TABLESTYLE
  2
AcDbTableStyle
  3
ObjectDBX Classes
 90
     4095
 91
        1
280
     0
281
     0
  0
CLASS
  1
MATERIAL
  2
AcDbMaterial
  3
ObjectDBX Classes
 90
     1153
 91
        3
280
     0
281
     0
  0
CLASS
  1
VISUALSTYLE
  2
AcDbVisualStyle
  3
ObjectDBX Classes
 90
     4095
 91
       24
280
     0
281
     0
  0
CLASS
  1
SCALE
  2
AcDbScale
  3
ObjectDBX Classes
 90
     1153
 91
       18
280
     0
281
     0
  0
CLASS
  1
MLEADERSTYLE
  2
AcDbMLeaderStyle
  3
ACDB_MLEADERSTYLE_CLASS
 90
     4095
 91
        2
280
     0
281
     0
  0
CLASS
  1
CELLSTYLEMAP
  2
AcDbCellStyleMap
  3
ObjectDBX Classes
 90
     1152
 91
        1
280
     0
281
     0
  0
CLASS
  1
EXACXREFPANELOBJECT
  2
ExAcXREFPanelObject
  3
EXAC_ESW
 90
     1025
 91
        0
280
     0
281
     0
  0
CLASS
  1
NPOCOLLECTION
  2
AcDbImpNonPersistentObjectsCollection
  3
ObjectDBX Classes
 90
     1153
 91
        0
280
     0
281
     0
  0
CLASS
  1
LAYER_INDEX
  2
AcDbLayerIndex
  3
ObjectDBX Classes
 90
        0
 91
        0
280
     0
281
     0
  0
CLASS
  1
SPATIAL_INDEX
  2
AcDbSpatialIndex
  3
ObjectDBX Classes
 90
        0
 91
        0
280
     0
281
     0
  0
CLASS
  1
IDBUFFER
  2
AcDbIdBuffer
  3
ObjectDBX Classes
 90
        0
 91
        0
280
     0
281
     0
  0
CLASS
  1
ACDBSECTIONVIEWSTYLE
  2
AcDbSectionViewStyle
  3
ObjectDBX Classes
 90
     1025
 91
        1
280
     0
281
     0
  0
CLASS
  1
ACDBDETAILVIEWSTYLE
  2
AcDbDetailViewStyle
  3
ObjectDBX Classes
 90
     1025
 91
        1
280
     0
281
     0
  0
CLASS
  1
SORTENTSTABLE
  2
AcDbSortentsTable
  3
ObjectDBX Classes
 90
        0
 91
        6
280
     0
281
     0
  0
CLASS
  1
WIPEOUT
  2
AcDbWipeout
  3
WipeOut|Product Desc: Object Enabler for WipeOut entity | Company: Autodesk, Inc. | WEB Address: www.autodesk.com
 90
     2175
 91
       13
280
     0
281
     1
  0
CLASS
  1
WIPEOUTVARIABLES
  2
AcDbWipeoutVariables
  3
"WipeOut|Product Desc:     WipeOut Dbx Application|Company:          Autodesk, Inc.|WEB Address:      www.autodesk.com"
 90
        0
 91
        1
280
     0
281
     0
  0
CLASS
  1
DIMASSOC
  2
AcDbDimAssoc
  3
"AcDbDimAssoc|Product Desc:     AcDim ARX App For Dimension|Company:          Autodesk, Inc.|WEB Address:      www.autodesk.com"
 90
        0
 91
       38
280
     0
281
     0
  0
ENDSEC
  0
SECTION
  2
TABLES
  0
TABLE
  2
VPORT
  5
8
330
0
100
AcDbSymbolTable
 70
     1
  0
VPORT
  5
EA
330
8
100
AcDbSymbolTableRecord
100
AcDbViewportTableRecord
  2
*Active
 70
     0
 10
0.0
 20
0.0
 11
1.0
 21
1.0
 12
3090.489858531007
 22
7225.383759399128
 13
0.0
 23
0.0
 14
10.0
 24
10.0
 15
10.0
 25
10.0
 16
0.0
 26
0.0
 36
1.0
 17
0.0
 27
0.0
 37
0.0
 40
280.9787837716158
 41
2.190025795356835
 42
50.0
 43
0.0
 44
0.0
 50
0.0
 51
0.0
 71
     0
 72
  1000
 73
     1
 74
     3
 75
     0
 76
     1
 77
     0
 78
     0
281
     0
 65
     1
110
0.0
120
0.0
130
0.0
111
1.0
121
0.0
131
0.0
112
0.0
122
1.0
132
0.0
 79
     0
146
0.0
348
F5
 60
     3
 61
     5
292
     1
282
     1
141
0.0
142
0.0
 63
   250
421
  3355443
1001
ACAD_NAV_VCDISPLAY
1070
     3
  0
ENDTAB
  0
TABLE
  2
LTYPE
  5
5
330
0
100
AcDbSymbolTable
 70
     4
  0
LTYPE
  5
14
330
5
100
AcDbSymbolTableRecord
100
AcDbLinetypeTableRecord
  2
ByBlock
 70
     0
  3

 72
    65
 73
     0
 40
0.0
  0
LTYPE
  5
15
330
5
100
AcDbSymbolTableRecord
100
AcDbLinetypeTableRecord
  2
ByLayer
 70
     0
  3

 72
    65
 73
     0
 40
0.0
  0
LTYPE
  5
16
330
5
100
AcDbSymbolTableRecord
100
AcDbLinetypeTableRecord
  2
Continuous
 70
     0
  3
Solid line
 72
    65
 73
     0
 40
0.0
  0
LTYPE
  5
3F3
330
5
100
AcDbSymbolTableRecord
100
AcDbLinetypeTableRecord
  2
ACAD_ISO02W100
 70
     0
  3
ISO dash __ __ __ __ __ __ __ __ __ __ __ __ __
 72
    65
 73
     2
 40
15.0
 49
12.0
 74
     0
 49
-3.0
 74
     0
  0
LTYPE
  5
8CC
330
5
100
AcDbSymbolTableRecord
100
AcDbLinetypeTableRecord
  2
DASHED
 70
     0
  3
Dashed __ __ __ __ __ __ __ __ __ __ __ __ __ _
 72
    65
 73
     2
 40
19.05
 49
12.7
 74
     0
 49
-6.349999999999999
 74
     0
  0
ENDTAB
  0
TABLE
  2
LAYER
  5
2
102
{ACAD_XDICTIONARY
360
1FF
102
}
330
0
100
AcDbSymbolTable
 70
    15
  0
LAYER
  5
10
102
{ACAD_XDICTIONARY
360
13C
102
}
330
2
100
AcDbSymbolTableRecord
100
AcDbLayerTableRecord
  2
0
 70
     0
 62
     7
  6
Continuous
370
    -3
390
F
347
EE
348
0
  0
LAYER
  5
2F6
330
2
100
AcDbSymbolTableRecord
100
AcDbLayerTableRecord
  2
wallhatch
 70
     0
 62
     7
  6
Continuous
370
    -3
390
F
347
EE
348
0
1001
AcAecLayerStandard
1000

1000

1001
AcCmTransparency
1071
        0
  0
LAYER
  5
2F9
330
2
100
AcDbSymbolTableRecord
100
AcDbLayerTableRecord
  2
floorhatch
 70
     0
 62
     7
  6
Continuous
370
    -3
390
F
347
EE
348
0
1001
AcAecLayerStandard
1000

1000

1001
AcCmTransparency
1071
        0
  0
LAYER
  5
2FA
330
2
100
AcDbSymbolTableRecord
100
AcDbLayerTableRecord
  2
door
 70
     0
 62
     3
  6
DASHED
370
    -3
390
F
347
EE
348
0
1001
AcAecLayerStandard
1000

1000

1001
AcCmTransparency
1071
        0
  0
LAYER
  5
2FB
330
2
100
AcDbSymbolTableRecord
100
AcDbLayerTableRecord
  2
windoes
 70
     0
 62
     3
  6
Continuous
370
    -3
390
F
347
EE
348
0
1001
AcAecLayerStandard
1000

1000

1001
AcCmTransparency
1071
        0
  0
LAYER
  5
3AB
330
2
100
AcDbSymbolTableRecord
100
AcDbLayerTableRecord
  2
wall
 70
     0
 62
    50
  6
Continuous
370
    -3
390
F
347
EE
348
0
1001
AcAecLayerStandard
1000

1000

1001
AcCmTransparency
1071
        0
  0
LAYER
  5
3EF
330
2
100
AcDbSymbolTableRecord
100
AcDbLayerTableRecord
  2
solar panel
 70
     0
 62
     5
  6
DASHED
370
    -3
390
F
347
EE
348
0
1001
AcAecLayerStandard
1000

1000

1001
AcCmTransparency
1071
 33554687
  0
LAYER
  5
435
330
2
100
AcDbSymbolTableRecord
100
AcDbLayerTableRecord
  2
plant
 70
     0
 62
     1
  6
Continuous
370
    -3
390
F
347
EE
348
0
1001
AcAecLayerStandard
1000

1000

1001
AcCmTransparency
1071
        0
  0
LAYER
  5
43D
330
2
100
AcDbSymbolTableRecord
100
AcDbLayerTableRecord
  2
furniture
 70
     0
 62
     6
  6
Continuous
370
    -3
390
F
347
EE
348
0
1001
AcAecLayerStandard
1000

1000

1001
AcCmTransparency
1071
        0
  0
LAYER
  5
8F6
102
{ACAD_XDICTIONARY
360
8F7
102
}
330
2
100
AcDbSymbolTableRecord
100
AcDbLayerTableRecord
  2
F-FURN
 70
     0
 62
     4
  6
Continuous
370
    -3
390
F
347
EE
348
0
1001
AcAecLayerStandard
1000

1000

  0
LAYER
  5
A03
330
2
100
AcDbSymbolTableRecord
100
AcDbLayerTableRecord
  2
plant hatch
 70
     0
 62
     7
  6
Continuous
370
    -3
390
F
347
EE
348
0
1001
AcAecLayerStandard
1000

1000

1001
AcCmTransparency
1071
        0
  0
LAYER
  5
AAF
330
2
100
AcDbSymbolTableRecord
100
AcDbLayerTableRecord
  2
wall2
 70
     0
 62
    50
  6
Continuous
370
    -3
390
F
347
EE
348
0
1001
AcAecLayerStandard
1000

1000

1001
AcCmTransparency
1071
        0
  0
LAYER
  5
ABD
330
2
100
AcDbSymbolTableRecord
100
AcDbLayerTableRecord
  2
spairal staircase
 70
     0
 62
     7
  6
Continuous
370
    -3
390
F
347
EE
348
0
1001
AcAecLayerStandard
1000

1000

1001
AcCmTransparency
1071
        0
  0
LAYER
  5
AED
330
2
100
AcDbSymbolTableRecord
100
AcDbLayerTableRecord
  2
Defpoints
 70
     0
 62
     7
  6
Continuous
290
     0
370
    -3
390
F
347
EE
348
0
  0
LAYER
  5
B35
330
2
100
AcDbSymbolTableRecord
100
AcDbLayerTableRecord
  2
dim
 70
     0
 62
     1
  6
Continuous
290
     0
370
    -3
390
F
347
EE
348
0
1001
AcAecLayerStandard
1000

1000

1001
AcCmTransparency
1071
        0
  0
ENDTAB
  0
TABLE
  2
STYLE
  5
3
330
0
100
AcDbSymbolTable
 70
     4
  0
STYLE
  5
11
330
3
100
AcDbSymbolTableRecord
100
AcDbTextStyleTableRecord
  2
Standard
 70
     0
 40
0.0
 41
1.0
 50
0.0
 71
     0
 42
2.5
  3
arial.ttf
  4

1001
ACAD
1000
Arial
1071
       34
  0
STYLE
  5
132
330
3
100
AcDbSymbolTableRecord
100
AcDbTextStyleTableRecord
  2
Annotative
 70
     0
 40
0.0
 41
1.0
 50
0.0
 71
     0
 42
2.5
  3
arial.ttf
  4

1001
AcadAnnotative
1000
AnnotativeData
1002
{
1070
     1
1070
     1
1002
}
1001
ACAD
1000
Arial
1071
       34
  0
STYLE
  5
3F2
330
3
100
AcDbSymbolTableRecord
100
AcDbTextStyleTableRecord
  2

 70
     1
 40
0.0
 41
1.0
 50
0.0
 71
     0
 42
2.5
  3
ltypeshp.shx
  4

  0
STYLE
  5
684
330
3
100
AcDbSymbolTableRecord
100
AcDbTextStyleTableRecord
  2
ROMANS
 70
     0
 40
0.0
 41
1.0
 50
0.0
 71
     0
 42
150.0
  3
ROMANS.SHX
  4

  0
ENDTAB
  0
TABLE
  2
VIEW
  5
6
330
0
100
AcDbSymbolTable
 70
     1
  0
ENDTAB
  0
TABLE
  2
UCS
  5
7
330
0
100
AcDbSymbolTable
 70
     0
  0
ENDTAB
  0
TABLE
  2
APPID
  5
9
330
0
100
AcDbSymbolTable
 70
    21
  0
APPID
  5
12
330
9
100
AcDbSymbolTableRecord
100
AcDbRegAppTableRecord
  2
ACAD
 70
     0
  0
APPID
  5
9E
330
9
100
AcDbSymbolTableRecord
100
AcDbRegAppTableRecord
  2
ACAD_PSEXT
 70
     0
  0
APPID
  5
133
330
9
100
AcDbSymbolTableRecord
100
AcDbRegAppTableRecord
  2
AcadAnnoPO
 70
     0
  0
APPID
  5
134
330
9
100
AcDbSymbolTableRecord
100
AcDbRegAppTableRecord
  2
AcadAnnotative
 70
     0
  0
APPID
  5
135
330
9
100
AcDbSymbolTableRecord
100
AcDbRegAppTableRecord
  2
ACAD_DSTYLE_DIMJAG
 70
     0
  0
APPID
  5
136
330
9
100
AcDbSymbolTableRecord
100
AcDbRegAppTableRecord
  2
ACAD_DSTYLE_DIMTALN
 70
     0
  0
APPID
  5
165
330
9
100
AcDbSymbolTableRecord
100
AcDbRegAppTableRecord
  2
ACAD_MLEADERVER
 70
     0
  0
APPID
  5
217
330
9
100
AcDbSymbolTableRecord
100
AcDbRegAppTableRecord
  2
ACAD_NAV_VCDISPLAY
 70
     0
  0
APPID
  5
2CC
330
9
100
AcDbSymbolTableRecord
100
AcDbRegAppTableRecord
  2
ACAD_EXEMPT_FROM_CAD_STANDARDS
 70
     0
  0
APPID
  5
2F7
330
9
100
AcDbSymbolTableRecord
100
AcDbRegAppTableRecord
  2
AcAecLayerStandard
 70
     0
  0
APPID
  5
2F8
330
9
100
AcDbSymbolTableRecord
100
AcDbRegAppTableRecord
  2
AcCmTransparency
 70
     0
  0
APPID
  5
326
330
9
100
AcDbSymbolTableRecord
100
AcDbRegAppTableRecord
  2
GradientColor1ACI
 70
     0
  0
APPID
  5
327
330
9
100
AcDbSymbolTableRecord
100
AcDbRegAppTableRecord
  2
GradientColor2ACI
 70
     0
  0
APPID
  5
68A
330
9
100
AcDbSymbolTableRecord
100
AcDbRegAppTableRecord
  2
ACAD_DSTYLE_DIMJOGGED_JOGANGLE_SYMBOL
 70
     0
  0
APPID
  5
68B
330
9
100
AcDbSymbolTableRecord
100
AcDbRegAppTableRecord
  2
ACAD_DSTYLE_DIMBREAK
 70
     0
  0
APPID
  5
68C
330
9
100
AcDbSymbolTableRecord
100
AcDbRegAppTableRecord
  2
ACAD_DSTYLE_DIMTEXT_FILL
 70
     0
  0
APPID
  5
A22
330
9
100
AcDbSymbolTableRecord
100
AcDbRegAppTableRecord
  2
AcDbDynamicBlockGUID
 70
     0
  0
APPID
  5
ADA
330
9
100
AcDbSymbolTableRecord
100
AcDbRegAppTableRecord
  2
DCO15
 70
     0
  0
APPID
  5
AEA
330
9
100
AcDbSymbolTableRecord
100
AcDbRegAppTableRecord
  2
Acad_TC
 70
     0
  0
APPID
  5
D59
330
9
100
AcDbSymbolTableRecord
100
AcDbRegAppTableRecord
  2
AcadAnnoMonitorAlertIconDisabled
 70
     0
  0
APPID
  5
D9C
330
9
100
AcDbSymbolTableRecord
100
AcDbRegAppTableRecord
  2
ACAD_DSTYLE_DIMRADIAL_EXTENSION
 70
     0
  0
ENDTAB
  0
TABLE
  2
DIMSTYLE
  5
A
330
0
100
AcDbSymbolTable
 70
     8
100
AcDbDimStyleTable
 71
     2
340
27
340
137
  0
DIMSTYLE
105
1B0
330
A
100
AcDbSymbolTableRecord
100
AcDbDimStyleTableRecord
  2
Standard
 70
     0
340
11
  0
DIMSTYLE
105
137
330
A
100
AcDbSymbolTableRecord
100
AcDbDimStyleTableRecord
  2
Annotative
 70
     0
 40
0.0
 41
2.5
 42
0.625
 43
3.75
 44
1.25
 73
     0
 74
     0
 77
     1
 78
     8
140
2.5
141
2.5
143
0.03937007874016
147
0.625
171
     3
172
     1
271
     2
272
     2
274
     3
278
    44
283
     0
284
     8
340
11
1001
AcadAnnotative
1000
AnnotativeData
1002
{
1070
     1
1070
     1
1002
}
1001
ACAD_DSTYLE_DIMJAG
1070
   388
1040
1.5
1001
ACAD_DSTYLE_DIMTALN
1070
   392
1070
     0
  0
DIMSTYLE
105
27
102
{ACAD_REACTORS
330
B05
330
B1D
330
D80
330
D9D
330
DB5
330
DCD
330
DE9
330
E01
330
E19
330
E31
330
E3E
330
E4B
330
E63
330
E7B
330
E93
330
EAB
330
EC7
330
EDF
330
EF7
330
F0F
330
F27
330
F34
330
F4C
330
F66
330
F7E
330
F96
330
FAE
330
FC6
330
FDE
330
FF6
330
100E
330
1026
330
103E
330
1056
330
106E
330
1106
330
111E
102
}
330
A
100
AcDbSymbolTableRecord
100
AcDbDimStyleTableRecord
  2
ISO-25
 70
     0
 41
2.5
 42
0.625
 43
3.75
 44
1.25
 73
     0
 74
     0
 77
     1
 78
     8
140
2.5
141
2.5
143
0.03937007874016
147
0.625
171
     3
172
     1
271
     2
272
     2
274
     3
278
    44
283
     0
284
     8
340
11
  0
DIMSTYLE
105
685
330
A
100
AcDbSymbolTableRecord
100
AcDbDimStyleTableRecord
  2
1-25
 70
     0
 40
25.0
 41
2.0
 42
1.0
 43
1.0
 44
1.0
 46
1.0
 69
     1
 73
     0
 74
     0
 77
     1
140
2.0
141
2.0
147
1.0
172
     1
174
     1
176
     8
177
     8
178
     7
271
     0
272
     0
279
     2
340
684
341
47A
342
47A
1001
ACAD_DSTYLE_DIMJAG
1070
   388
1040
1.5
1001
ACAD_DSTYLE_DIMTALN
1070
   392
1070
     0
1001
ACAD_DSTYLE_DIMTEXT_FILL
1070
   376
1070
     1
1070
   377
1004
1800000001000000000000C1000000000000000000000000
  0
DIMSTYLE
105
686
330
A
100
AcDbSymbolTableRecord
100
AcDbDimStyleTableRecord
  2
1-50
 70
     0
 40
50.0
 41
2.0
 42
1.0
 43
1.0
 44
1.0
 46
1.0
 69
     1
 73
     0
 74
     0
 77
     1
140
2.0
141
2.0
147
1.0
172
     1
174
     1
176
     8
177
     8
178
     7
271
     0
272
     0
279
     2
340
684
341
47A
342
47A
1001
ACAD_DSTYLE_DIMJAG
1070
   388
1040
1.5
1001
ACAD_DSTYLE_DIMTALN
1070
   392
1070
     0
1001
ACAD_DSTYLE_DIMTEXT_FILL
1070
   376
1070
     1
1070
   377
1004
1800000001000000000000C1000000000000000000000000
  0
DIMSTYLE
105
687
330
A
100
AcDbSymbolTableRecord
100
AcDbDimStyleTableRecord
  2
1-1
 70
     0
 41
1.0
 42
1.0
 43
1.0
 44
1.0
 46
1.0
 49
2.5
 50
60.0
 73
     0
 74
     0
 77
     1
 78
     8
 90
        2
140
2.0
141
1.0
147
1.0
172
     1
174
     1
178
   256
271
     0
272
     0
279
     2
283
     0
289
     0
290
     1
340
11
342
47F
1001
ACAD_DSTYLE_DIMBREAK
1070
   391
1040
3.75
1001
AcadAnnotative
1000
AnnotativeData
1002
{
1070
     1
1070
     1
1002
}
1001
ACAD_DSTYLE_DIMJAG
1070
   388
1040
1.0
1001
ACAD_DSTYLE_DIMTALN
1070
   392
1070
     0
1001
ACAD_DSTYLE_DIMJOGGED_JOGANGLE_SYMBOL
1070
   384
1040
1.047197551196597
  0
DIMSTYLE
105
688
330
A
100
AcDbSymbolTableRecord
100
AcDbDimStyleTableRecord
  2
1-10
 70
     0
 40
10.0
 41
2.0
 42
1.0
 43
1.0
 44
1.0
 46
1.0
 69
     1
 73
     0
 74
     0
 77
     1
140
2.0
141
2.0
147
1.0
172
     1
174
     1
176
     8
177
     8
178
     7
271
     0
272
     0
279
     2
340
684
341
47A
342
47A
1001
ACAD_DSTYLE_DIMJAG
1070
   388
1040
1.5
1001
ACAD_DSTYLE_DIMTALN
1070
   392
1070
     0
1001
ACAD_DSTYLE_DIMTEXT_FILL
1070
   376
1070
     1
1070
   377
1004
1800000001000000000000C1000000000000000000000000
  0
DIMSTYLE
105
689
330
A
100
AcDbSymbolTableRecord
100
AcDbDimStyleTableRecord
  2
1-20
 70
     0
 40
20.0
 41
2.0
 42
1.0
 43
1.0
 44
1.0
 46
1.0
 69
     1
 73
     0
 74
     0
 77
     1
140
2.0
141
2.0
147
1.0
172
     1
174
     1
176
     8
177
     8
178
     7
271
     0
272
     0
279
     2
340
684
341
47A
342
47A
1001
ACAD_DSTYLE_DIMJAG
1070
   388
1040
1.5
1001
ACAD_DSTYLE_DIMTALN
1070
   392
1070
     0
1001
ACAD_DSTYLE_DIMTEXT_FILL
1070
   376
1070
     1
1070
   377
1004
1800000001000000000000C1000000000000000000000000
  0
ENDTAB
  0
TABLE
  2
BLOCK_RECORD
  5
1
330
0
100
AcDbSymbolTable
 70
    44
  0
BLOCK_RECORD
  5
1F
102
{ACAD_XDICTIONARY
360
1CE
102
}
330
1
100
AcDbSymbolTableRecord
100
AcDbBlockTableRecord
  2
*Model_Space
340
22
 70
     0
280
     1
281
     0
  0
BLOCK_RECORD
  5
D2
330
1
100
AcDbSymbolTableRecord
100
AcDbBlockTableRecord
  2
*Paper_Space
340
D3
 70
     0
280
     1
281
     0
  0
BLOCK_RECORD
  5
D6
330
1
100
AcDbSymbolTableRecord
100
AcDbBlockTableRecord
  2
*Paper_Space0
340
D7
 70
     0
280
     1
281
     0
  0
BLOCK_RECORD
  5
47A
102
{ACAD_XDICTIONARY
360
47B
102
}
330
1
100
AcDbSymbolTableRecord
100
AcDbBlockTableRecord
  2
_Oblique
340
0
 70
     0
280
     1
281
     0
  0
BLOCK_RECORD
  5
47F
102
{ACAD_XDICTIONARY
360
480
102
}
330
1
100
AcDbSymbolTableRecord
100
AcDbBlockTableRecord
  2
_ArchTick
340
0
 70
     0
280
     1
281
     0
  0
BLOCK_RECORD
  5
485
102
{ACAD_XDICTIONARY
360
486
102
}
330
1
100
AcDbSymbolTableRecord
100
AcDbBlockTableRecord
  2
SHOWER 03
340
0
310
2800000020000000200000000100080000000000000400000000000000000000000000000000000000000000000080000080000000808000800000008000800080800000C0C0C000C0DCC000F0CAA6000020400000206000002080000020A0000020C0000020E00000400000004020000040400000406000004080000040A0
310
000040C0000040E00000600000006020000060400000606000006080000060A0000060C0000060E00000800000008020000080400000806000008080000080A0000080C0000080E00000A0000000A0200000A0400000A0600000A0800000A0A00000A0C00000A0E00000C0000000C0200000C0400000C0600000C0800000C0
310
A00000C0C00000C0E00000E0000000E0200000E0400000E0600000E0800000E0A00000E0C00000E0E00040000000400020004000400040006000400080004000A0004000C0004000E00040200000402020004020400040206000402080004020A0004020C0004020E000404000004040200040404000404060004040800040
310
40A0004040C0004040E00040600000406020004060400040606000406080004060A0004060C0004060E00040800000408020004080400040806000408080004080A0004080C0004080E00040A0000040A0200040A0400040A0600040A0800040A0A00040A0C00040A0E00040C0000040C0200040C0400040C0600040C08000
310
40C0A00040C0C00040C0E00040E0000040E0200040E0400040E0600040E0800040E0A00040E0C00040E0E00080000000800020008000400080006000800080008000A0008000C0008000E00080200000802020008020400080206000802080008020A0008020C0008020E00080400000804020008040400080406000804080
310
008040A0008040C0008040E00080600000806020008060400080606000806080008060A0008060C0008060E00080800000808020008080400080806000808080008080A0008080C0008080E00080A0000080A0200080A0400080A0600080A0800080A0A00080A0C00080A0E00080C0000080C0200080C0400080C0600080C0
310
800080C0A00080C0C00080C0E00080E0000080E0200080E0400080E0600080E0800080E0A00080E0C00080E0E000C0000000C0002000C0004000C0006000C0008000C000A000C000C000C000E000C0200000C0202000C0204000C0206000C0208000C020A000C020C000C020E000C0400000C0402000C0404000C0406000C0
310
408000C040A000C040C000C040E000C0600000C0602000C0604000C0606000C0608000C060A000C060C000C060E000C0800000C0802000C0804000C0806000C0808000C080A000C080C000C080E000C0A00000C0A02000C0A04000C0A06000C0A08000C0A0A000C0A0C000C0A0E000C0C00000C0C02000C0C04000C0C06000
310
C0C08000C0C0A000F0FBFF00A4A0A000808080000000FF0000FF000000FFFF00FF000000FF00FF00FFFF0000FFFFFF000000000000000000000000000000000000000000000000000000000000000000000000000000000000000000000000A4A4000000000000000000000000000000000000000000000000000000A4A4A4
310
A4A4A4A4A4000000000000000000000000000000000000000000000000A4A400000000A4A40000000000000000000000000000000000000000000000A40000000000000000A400000000000000000000000000000000000000000000A4000000A4A4000000A400000000000000000000000000000000000000000000A40000
310
00A4A4000000A400000000000000000000000000000000000000000000A4000000A4A4000000A400000000000000000000000000000000000000000000A4000000A4A4000000A40000000000000000000000000000000000000000000000A40000A4A40000A4000000000000000000000000000000000000000000000000A4
310
A400A4A400A4A40000000000000000000000000000000000000000000000000000A4A4A4A40000000000000000000000000000000000000000000000000000000000A4A4000000000000000000000000000000000000000000000000000000000000A4A4000000000000000000000000000000000000000000000000000000
310
000000A4A4000000000000000000000000000000000000000000000000000000000000A4A4000000000000000000000000000000000000000000000000000000000000A4A4000000000000000000000000000000000000000000000000000000000000A4A4A4A4A40000000000000000000000000000000000000000000000
310
00000000A4A40000A4A40000000000000000000000000000000000000000000000000000A4A4A4A4A4A40000000000000000000000000000000000000000000000000000A4A4A400A4A40000000000000000000000000000000000000000000000000000A4A4A4A4A400000000000000000000000000000000000000000000
310
0000000000A4A4A4A400000000000000000000000000000000000000000000A4A4A4000000A4A4A4A400A4A4A4000000000000000000000000000000000000A4A4A4A4A4A4A4A4A4A4A4A4A4A4000000000000000000000000000000000000A4A4A4A4A4A4A4A4A4A4A4A4A4A4000000000000000000000000000000000000
310
0000A4A4A4A4A4A4A4A4A4A400000000000000000000000000000000000000000000A4A4A400A4A4A4A4A4A4000000000000000000000000000000000000000000A4A4A4A4A4A4A4A4A4A4A4A400000000000000000000000000000000000000000000A4A40000000000A4A400000000000000000000000000000000000000
310
00000000A4A40000000000A4A400000000000000000000000000000000000000000000000000000000000000000000000000000000000000
 70
     4
280
     1
281
     0
  0
BLOCK_RECORD
  5
8DD
102
{ACAD_XDICTIONARY
360
8DE
102
}
330
1
100
AcDbSymbolTableRecord
100
AcDbBlockTableRecord
  2
CHAIR 03
340
0
310
28000000200000002000000001002000000000000010000001000000010000000000000000000000302821FF302821FF302821FF302821FF302821FF302821FF302821FF302821FF302821FF302821FF302821FF302821FF302821FF302821FF302821FF302821FF302821FF302821FF302821FF302821FF302821FF302821
310
FF302821FF302821FF302821FF302821FF302821FF302821FF302821FF302821FF302821FF302821FF302821FF302821FF302821FF302821FF302821FF302821FF302821FF302821FF302821FF302821FF302821FF302821FF302821FFFFFF00FFFFFF00FFFFFF00FFFFFF00FFFFFF00FF808080FF302821FF302821FF3028
310
21FF302821FF302821FF302821FF302821FF302821FF302821FF302821FF302821FF302821FF302821FF302821FF302821FF302821FF302821FF302821FF302821FF302821FF808080FF808080FFFFFF00FFFFFF00FFFFFF00FFFFFF00FF302821FF302821FF302821FF302821FF302821FFFFFF00FFFFFF00FFFFFF00FFFF
310
FF00FFFFFF00FF808080FF808080FF302821FF302821FF302821FF302821FF302821FF302821FF302821FF302821FF302821FF302821FF302821FF302821FFFFFF00FFFFFF00FFFFFF00FFFFFF00FF302821FF302821FF302821FF302821FF302821FF302821FF302821FF302821FF302821FF302821FF302821FF302821FF
310
302821FF302821FFFFFF00FFFFFF00FFFFFF00FFFFFF00FF302821FF302821FF302821FF302821FF302821FF302821FF302821FF302821FF302821FFFFFF00FFFFFF00FF302821FF302821FF302821FF302821FF302821FF302821FF302821FF302821FF302821FF302821FF302821FF302821FF302821FF302821FF302821
310
FF302821FF302821FF302821FF302821FF302821FFFFFF00FFFFFF00FF302821FF302821FF302821FF302821FF302821FF302821FF302821FF302821FFFFFF00FF302821FF302821FF302821FF302821FF302821FF302821FF302821FF302821FF302821FF302821FF302821FF302821FF302821FF302821FF302821FF3028
310
21FF302821FF302821FF302821FF302821FF302821FF302821FFFFFF00FF302821FF302821FF302821FF302821FF302821FF302821FF302821FF302821FFFFFF00FF302821FF302821FF302821FF302821FF302821FF302821FF302821FF302821FF302821FF302821FF302821FF302821FF302821FF302821FF302821FF30
310
2821FF302821FF302821FF302821FF302821FF302821FF302821FFFFFF00FF302821FF302821FF302821FF302821FF302821FF302821FF302821FF302821FFFFFF00FF302821FF302821FF302821FF302821FF302821FF302821FF302821FF302821FF302821FF302821FF302821FF302821FF302821FF302821FF302821FF
310
302821FF302821FF302821FF302821FF302821FF302821FF302821FFFFFF00FF302821FF302821FF302821FF302821FF302821FF302821FF302821FF302821FFFFFF00FF302821FF302821FF302821FF302821FF302821FF302821FF302821FF302821FF302821FF302821FF302821FF302821FF302821FF302821FF302821
310
FF302821FF302821FF302821FF302821FF302821FF302821FF302821FFFFFF00FF302821FF302821FF302821FF302821FF302821FF302821FF302821FF302821FFFFFF00FF302821FF302821FF302821FF302821FF302821FF302821FF302821FF302821FF302821FF302821FF302821FF302821FF302821FF302821FF3028
310
21FF302821FF302821FF302821FF302821FF302821FF302821FF302821FFFFFF00FF302821FF302821FF302821FF302821FF302821FF302821FF302821FFFFFF00FFFFFF00FF302821FF302821FF302821FF302821FF302821FF302821FF302821FF302821FF302821FF302821FF302821FF302821FF302821FF302821FF30
310
2821FF302821FF302821FF302821FF302821FF302821FF302821FF302821FFFFFF00FFFFFF00FF302821FF302821FF302821FF302821FF302821FFFFFF00FFFFFF00FFFFFF00FFFFFF00FF302821FF302821FF302821FF302821FF302821FF302821FF302821FF302821FF302821FF302821FF302821FF302821FF302821FF
310
302821FF302821FF302821FF302821FF302821FF302821FF302821FFFFFF00FFFFFF00FFFFFF00FFFFFF00FF302821FF302821FF302821FFFFFF00FF302821FF302821FF302821FFFFFF00FF302821FF302821FF302821FF302821FF302821FF302821FF302821FF302821FF302821FF302821FF302821FF302821FF302821
310
FF302821FF302821FF302821FF302821FF302821FF302821FF302821FFFFFF00FF302821FF302821FF808080FFFFFF00FF302821FF302821FFFFFF00FF302821FF302821FF302821FFFFFF00FF302821FF302821FF302821FF302821FF302821FF302821FF302821FF302821FF302821FF302821FF302821FF302821FF3028
310
21FF302821FF302821FF302821FF302821FF302821FF302821FF302821FFFFFF00FF302821FF302821FF302821FFFFFF00FF302821FF302821FF302821FFFFFF00FF302821FF302821FFFFFF00FF302821FF302821FF302821FF302821FF302821FF302821FF302821FF302821FF302821FF302821FF302821FF302821FF30
310
2821FF302821FF302821FF302821FF302821FF302821FF302821FF302821FFFFFF00FF302821FF302821FFFFFF00FF302821FF302821FF302821FF302821FFFFFF00FF302821FF302821FFFFFF00FF302821FF302821FF302821FF302821FF302821FF302821FF302821FF302821FF302821FF302821FF302821FF302821FF
310
302821FF302821FF302821FF302821FF302821FF302821FF302821FF302821FFFFFF00FF302821FF302821FFFFFF00FF302821FF302821FF302821FF302821FFFFFF00FF302821FF302821FFFFFF00FF302821FF302821FF302821FF302821FF302821FF302821FF302821FF302821FF302821FF302821FF302821FF302821
310
FF302821FF302821FF302821FF302821FF302821FF302821FF302821FF302821FFFFFF00FF302821FF302821FFFFFF00FF302821FF302821FF302821FF302821FFFFFF00FF302821FF302821FFFFFF00FF302821FF302821FF302821FF302821FF302821FF302821FF302821FF302821FF302821FF302821FF302821FF3028
310
21FF302821FF302821FF302821FF302821FF302821FF302821FF302821FF302821FFFFFF00FF302821FF302821FFFFFF00FF302821FF302821FF302821FF302821FF302821FFFFFF00FF302821FFFFFF00FF302821FF302821FF302821FF302821FF302821FF302821FF302821FF302821FF302821FF302821FF302821FF30
310
2821FF302821FF302821FF302821FF302821FF302821FF302821FF302821FF302821FFFFFF00FF302821FFFFFF00FF302821FF302821FF302821FF302821FF302821FF302821FFFFFF00FF302821FFFFFF00FF302821FF302821FF302821FF302821FF302821FF302821FF302821FF302821FF302821FF302821FF302821FF
310
302821FF302821FF302821FF302821FF302821FF302821FF302821FF302821FF302821FFFFFF00FF302821FFFFFF00FF302821FF302821FF302821FF302821FF302821FF302821FFFFFF00FFFFFF00FFFFFF00FF302821FF302821FF302821FF302821FF302821FF302821FF302821FF302821FF302821FF302821FF302821
310
FF302821FF302821FF302821FF302821FF302821FF302821FF302821FF302821FF302821FFFFFF00FFFFFF00FFFFFF00FF302821FF302821FF302821FF302821FF302821FF302821FF302821FF302821FF302821FFFFFF00FF302821FF302821FF302821FF302821FF302821FF302821FF302821FF302821FF302821FF3028
310
21FF302821FF302821FF302821FF302821FF302821FF302821FF302821FF302821FF302821FFFFFF00FF302821FF302821FF302821FF302821FF302821FF302821FF302821FF302821FF302821FF302821FF302821FFFFFF00FF302821FF302821FF302821FF302821FF302821FF302821FF302821FF302821FF302821FF30
310
2821FF302821FF302821FF302821FF302821FF302821FF302821FF302821FF302821FFFFFF00FF302821FF302821FF302821FF302821FF302821FF302821FF302821FF302821FF302821FF302821FF302821FFFFFF00FFFFFF00FFFFFF00FFFFFF00FFFFFF00FFFFFF00FF302821FF302821FF302821FF302821FF302821FF
310
302821FF302821FF302821FF302821FF302821FFFFFF00FFFFFF00FFFFFF00FFFFFF00FFFFFF00FFFFFF00FF302821FF302821FF302821FF302821FF302821FF302821FF302821FF302821FF302821FFFFFF00FFFFFF00FF302821FF302821FF302821FF302821FF302821FFFFFF00FFFFFF00FFFFFF00FFFFFF00FFFFFF00
310
FFFFFF00FFFFFF00FFFFFF00FFFFFF00FFFFFF00FF302821FF302821FF302821FF302821FF302821FFFFFF00FFFFFF00FF302821FF302821FF302821FF302821FF302821FF302821FF302821FF302821FFFFFF00FF302821FF302821FF302821FF302821FF302821FF302821FF302821FF302821FF302821FF302821FF3028
310
21FF302821FF302821FF302821FF302821FF302821FF302821FF302821FF302821FF302821FF302821FF302821FFFFFF00FF302821FF302821FF302821FF302821FF302821FF302821FF302821FF302821FFFFFF00FFFFFF00FF302821FF302821FF302821FF302821FF302821FF302821FF302821FF302821FF302821FF30
310
2821FF302821FF302821FF302821FF302821FF302821FF302821FF302821FF302821FF302821FF302821FFFFFF00FFFFFF00FF302821FF302821FF302821FF302821FF302821FF302821FF302821FF302821FF302821FFFFFF00FF302821FF302821FF302821FF302821FF302821FF302821FF302821FF302821FF302821FF
310
302821FF302821FF302821FF302821FF302821FF302821FF302821FF302821FF302821FF302821FF302821FFFFFF00FF302821FF302821FF302821FF302821FF302821FF302821FF302821FF302821FF302821FF302821FF302821FFFFFF00FFFFFF00FF808080FF302821FF302821FF302821FF302821FF302821FF302821
310
FF302821FF302821FF302821FF302821FF302821FF302821FF302821FF302821FF808080FFFFFF00FFFFFF00FF302821FF302821FF302821FF302821FF302821FF302821FF302821FF302821FF302821FF302821FF302821FF302821FF302821FF302821FFFFFF00FFFFFF00FFFFFF00FFFFFF00FF808080FF808080FF3028
310
21FF302821FF302821FF302821FF808080FF808080FFFFFF00FFFFFF00FFFFFF00FFFFFF00FF302821FF302821FF302821FF302821FF302821FF302821FF302821FF302821FF302821FF302821FF302821FF302821FF302821FF302821FF302821FF302821FF302821FF302821FF302821FF302821FFFFFF00FFFFFF00FFFF
310
FF00FFFFFF00FFFFFF00FFFFFF00FFFFFF00FFFFFF00FF302821FF302821FF302821FF302821FF302821FF302821FF302821FF302821FF302821FF302821FF302821FF302821FF302821FF302821FF302821FF302821FF302821FF302821FF302821FF302821FF302821FF302821FF302821FF302821FF302821FF302821FF
310
302821FF302821FF302821FF302821FF302821FF302821FF302821FF302821FF302821FF302821FF302821FF302821FF302821FF302821FF302821FF302821FF302821FF302821FF
 70
     4
280
     1
281
     0
  0
BLOCK_RECORD
  5
A0C
102
{ACAD_XDICTIONARY
360
A0D
102
}
330
1
100
AcDbSymbolTableRecord
100
AcDbBlockTableRecord
  2
A$C50A67CE4
340
0
 70
     1
280
     1
281
     0
1001
AcDbDynamicBlockGUID
1000
{453EE49F-0458-464A-8897-5DAC22457D97}
  0
BLOCK_RECORD
  5
A94
102
{ACAD_XDICTIONARY
360
A96
102
}
330
1
100
AcDbSymbolTableRecord
100
AcDbBlockTableRecord
  2
A$C057f615e
340
0
 70
     4
280
     1
281
     0
  0
BLOCK_RECORD
  5
B06
330
1
100
AcDbSymbolTableRecord
100
AcDbBlockTableRecord
  2
*D7
340
0
 70
     0
280
     1
281
     0
  0
BLOCK_RECORD
  5
B1E
330
1
100
AcDbSymbolTableRecord
100
AcDbBlockTableRecord
  2
*D8
340
0
 70
     0
280
     1
281
     0
  0
BLOCK_RECORD
  5
D81
330
1
100
AcDbSymbolTableRecord
100
AcDbBlockTableRecord
  2
*D9
340
0
 70
     0
280
     1
281
     0
  0
BLOCK_RECORD
  5
D9E
330
1
100
AcDbSymbolTableRecord
100
AcDbBlockTableRecord
  2
*D10
340
0
 70
     0
280
     1
281
     0
  0
BLOCK_RECORD
  5
DB6
330
1
100
AcDbSymbolTableRecord
100
AcDbBlockTableRecord
  2
*D11
340
0
 70
     0
280
     1
281
     0
  0
BLOCK_RECORD
  5
DCE
330
1
100
AcDbSymbolTableRecord
100
AcDbBlockTableRecord
  2
*D12
340
0
 70
     0
280
     1
281
     0
  0
BLOCK_RECORD
  5
DEA
330
1
100
AcDbSymbolTableRecord
100
AcDbBlockTableRecord
  2
*D13
340
0
 70
     0
280
     1
281
     0
  0
BLOCK_RECORD
  5
E02
330
1
100
AcDbSymbolTableRecord
100
AcDbBlockTableRecord
  2
*D14
340
0
 70
     0
280
     1
281
     0
  0
BLOCK_RECORD
  5
E1A
330
1
100
AcDbSymbolTableRecord
100
AcDbBlockTableRecord
  2
*D15
340
0
 70
     0
280
     1
281
     0
  0
BLOCK_RECORD
  5
E32
330
1
100
AcDbSymbolTableRecord
100
AcDbBlockTableRecord
  2
*D16
340
0
 70
     0
280
     1
281
     0
  0
BLOCK_RECORD
  5
E3F
330
1
100
AcDbSymbolTableRecord
100
AcDbBlockTableRecord
  2
*D17
340
0
 70
     0
280
     1
281
     0
  0
BLOCK_RECORD
  5
E4C
330
1
100
AcDbSymbolTableRecord
100
AcDbBlockTableRecord
  2
*D18
340
0
 70
     0
280
     1
281
     0
  0
BLOCK_RECORD
  5
E64
330
1
100
AcDbSymbolTableRecord
100
AcDbBlockTableRecord
  2
*D19
340
0
 70
     0
280
     1
281
     0
  0
BLOCK_RECORD
  5
E7C
330
1
100
AcDbSymbolTableRecord
100
AcDbBlockTableRecord
  2
*D20
340
0
 70
     0
280
     1
281
     0
  0
BLOCK_RECORD
  5
E94
330
1
100
AcDbSymbolTableRecord
100
AcDbBlockTableRecord
  2
*D21
340
0
 70
     0
280
     1
281
     0
  0
BLOCK_RECORD
  5
EAC
330
1
100
AcDbSymbolTableRecord
100
AcDbBlockTableRecord
  2
*D22
340
0
 70
     0
280
     1
281
     0
  0
BLOCK_RECORD
  5
EC8
330
1
100
AcDbSymbolTableRecord
100
AcDbBlockTableRecord
  2
*D23
340
0
 70
     0
280
     1
281
     0
  0
BLOCK_RECORD
  5
EE0
330
1
100
AcDbSymbolTableRecord
100
AcDbBlockTableRecord
  2
*D24
340
0
 70
     0
280
     1
281
     0
  0
BLOCK_RECORD
  5
EF8
330
1
100
AcDbSymbolTableRecord
100
AcDbBlockTableRecord
  2
*D25
340
0
 70
     0
280
     1
281
     0
  0
BLOCK_RECORD
  5
F10
330
1
100
AcDbSymbolTableRecord
100
AcDbBlockTableRecord
  2
*D26
340
0
 70
     0
280
     1
281
     0
  0
BLOCK_RECORD
  5
F28
330
1
100
AcDbSymbolTableRecord
100
AcDbBlockTableRecord
  2
*D27
340
0
 70
     0
280
     1
281
     0
  0
BLOCK_RECORD
  5
F35
330
1
100
AcDbSymbolTableRecord
100
AcDbBlockTableRecord
  2
*D28
340
0
 70
     0
280
     1
281
     0
  0
BLOCK_RECORD
  5
F4D
330
1
100
AcDbSymbolTableRecord
100
AcDbBlockTableRecord
  2
*D29
340
0
 70
     0
280
     1
281
     0
  0
BLOCK_RECORD
  5
F67
330
1
100
AcDbSymbolTableRecord
100
AcDbBlockTableRecord
  2
*D30
340
0
 70
     0
280
     1
281
     0
  0
BLOCK_RECORD
  5
F7F
330
1
100
AcDbSymbolTableRecord
100
AcDbBlockTableRecord
  2
*D31
340
0
 70
     0
280
     1
281
     0
  0
BLOCK_RECORD
  5
F97
330
1
100
AcDbSymbolTableRecord
100
AcDbBlockTableRecord
  2
*D32
340
0
 70
     0
280
     1
281
     0
  0
BLOCK_RECORD
  5
FAF
330
1
100
AcDbSymbolTableRecord
100
AcDbBlockTableRecord
  2
*D33
340
0
 70
     0
280
     1
281
     0
  0
BLOCK_RECORD
  5
FC7
330
1
100
AcDbSymbolTableRecord
100
AcDbBlockTableRecord
  2
*D34
340
0
 70
     0
280
     1
281
     0
  0
BLOCK_RECORD
  5
FDF
330
1
100
AcDbSymbolTableRecord
100
AcDbBlockTableRecord
  2
*D35
340
0
 70
     0
280
     1
281
     0
  0
BLOCK_RECORD
  5
FF7
330
1
100
AcDbSymbolTableRecord
100
AcDbBlockTableRecord
  2
*D36
340
0
 70
     0
280
     1
281
     0
  0
BLOCK_RECORD
  5
100F
330
1
100
AcDbSymbolTableRecord
100
AcDbBlockTableRecord
  2
*D37
340
0
 70
     0
280
     1
281
     0
  0
BLOCK_RECORD
  5
1027
330
1
100
AcDbSymbolTableRecord
100
AcDbBlockTableRecord
  2
*D38
340
0
 70
     0
280
     1
281
     0
  0
BLOCK_RECORD
  5
103F
330
1
100
AcDbSymbolTableRecord
100
AcDbBlockTableRecord
  2
*D39
340
0
 70
     0
280
     1
281
     0
  0
BLOCK_RECORD
  5
1057
330
1
100
AcDbSymbolTableRecord
100
AcDbBlockTableRecord
  2
*D40
340
0
 70
     0
280
     1
281
     0
  0
BLOCK_RECORD
  5
106F
330
1
100
AcDbSymbolTableRecord
100
AcDbBlockTableRecord
  2
*D41
340
0
 70
     0
280
     1
281
     0
  0
BLOCK_RECORD
  5
1107
330
1
100
AcDbSymbolTableRecord
100
AcDbBlockTableRecord
  2
*D42
340
0
 70
     0
280
     1
281
     0
  0
BLOCK_RECORD
  5
111F
330
1
100
AcDbSymbolTableRecord
100
AcDbBlockTableRecord
  2
*D43
340
0
 70
     0
280
     1
281
     0
  0
ENDTAB
  0
ENDSEC
  0
SECTION
  2
BLOCKS
  0
BLOCK
  5
20
330
1F
100
AcDbEntity
  8
0
100
AcDbBlockBegin
  2
*Model_Space
 70
     0
 10
0.0
 20
0.0
 30
0.0
  3
*Model_Space
  1

  0
ENDBLK
  5
21
330
1F
100
AcDbEntity
  8
0
100
AcDbBlockEnd
  0
BLOCK
  5
D4
330
D2
100
AcDbEntity
 67
     1
  8
0
100
AcDbBlockBegin
  2
*Paper_Space
 70
     0
 10
0.0
 20
0.0
 30
0.0
  3
*Paper_Space
  1

  0
ENDBLK
  5
D5
330
D2
100
AcDbEntity
 67
     1
  8
0
100
AcDbBlockEnd
  0
BLOCK
  5
D8
330
D6
100
AcDbEntity
 67
     1
  8
0
100
AcDbBlockBegin
  2
*Paper_Space0
 70
     0
 10
0.0
 20
0.0
 30
0.0
  3
*Paper_Space0
  1

  0
VIEWPORT
  5
BD7
102
{ACAD_XDICTIONARY
360
BD8
102
}
330
D6
100
AcDbEntity
 67
     1
  8
0
  6
Continuous
370
   100
100
AcDbViewport
 10
128.5
 20
97.5
 30
0.0
 40
474.7419966442953
 41
222.18
 68
     0
 69
     0
 12
128.5
 22
97.5
 13
0.0
 23
0.0
 14
10.0
 24
10.0
 15
10.0
 25
10.0
 16
0.0
 26
0.0
 36
1.0
 17
0.0
 27
0.0
 37
0.0
 42
50.0
 43
0.0
 44
0.0
 45
222.18
 50
0.0
 51
0.0
 72
  1000
 90
   819232
  1

281
     0
 71
     1
 74
     0
110
0.0
120
0.0
130
0.0
111
1.0
121
0.0
131
0.0
112
0.0
122
1.0
132
0.0
 79
     0
146
0.0
170
     0
 61
     5
348
F5
292
     1
282
     1
141
0.0
142
0.0
 63
   250
421
  3355443
  0
VIEWPORT
  5
BDB
102
{ACAD_XDICTIONARY
360
BDC
102
}
330
D6
100
AcDbEntity
 67
     1
  8
Defpoints
  6
Continuous
370
   100
100
AcDbViewport
 10
128.5
 20
97.5
 30
0.0
 40
205.6
 41
156.0
 68
     0
 69
     0
 12
3116.788956481928
 22
7232.753389499421
 13
0.0
 23
0.0
 14
10.0
 24
10.0
 15
10.0
 25
10.0
 16
0.0
 26
0.0
 36
1.0
 17
0.0
 27
0.0
 37
0.0
 42
50.0
 43
0.0
 44
0.0
 45
292.4571382289181
 50
0.0
 51
0.0
 72
  1000
 90
   819808
  1

281
     0
 71
     1
 74
     0
110
0.0
120
0.0
130
0.0
111
1.0
121
0.0
131
0.0
112
0.0
122
1.0
132
0.0
 79
     0
146
0.0
170
     0
 61
     5
348
F5
292
     1
282
     1
141
0.0
142
0.0
 63
   250
421
  3355443
  0
ENDBLK
  5
D9
330
D6
100
AcDbEntity
 67
     1
  8
0
100
AcDbBlockEnd
  0
BLOCK
  5
47C
330
47A
100
AcDbEntity
  8
0
100
AcDbBlockBegin
  2
_Oblique
 70
     0
 10
0.0
 20
0.0
 30
0.0
  3
_Oblique
  1

  0
LINE
  5
47D
330
47A
100
AcDbEntity
  8
0
 62
     0
370
    -2
100
AcDbLine
 10
-0.5
 20
-0.5
 30
0.0
 11
0.5
 21
0.5
 31
0.0
  0
ENDBLK
  5
47E
330
47A
100
AcDbEntity
  8
0
100
AcDbBlockEnd
  0
BLOCK
  5
482
330
47F
100
AcDbEntity
  8
0
100
AcDbBlockBegin
  2
_ArchTick
 70
     0
 10
0.0
 20
0.0
 30
0.0
  3
_ArchTick
  1

  0
LWPOLYLINE
  5
483
330
47F
100
AcDbEntity
  8
0
  6
ByBlock
 62
     0
100
AcDbPolyline
 90
        2
 70
     0
 43
0.4
 10
-0.5
 20
-0.5
 10
0.5
 20
0.5
  0
ENDBLK
  5
484
330
47F
100
AcDbEntity
  8
0
100
AcDbBlockEnd
  0
BLOCK
  5
488
330
485
100
AcDbEntity
  8
0
 62
     6
100
AcDbBlockBegin
  2
SHOWER 03
 70
     0
 10
0.0
 20
0.0
 30
0.0
  3
SHOWER 03
  1

  0
LINE
  5
489
330
485
100
AcDbEntity
  8
0
  6
Continuous
 62
     8
100
AcDbLine
 10
-26342.83040488099
 20
-6273.511326263123
 30
0.0
 11
-26338.20880402309
 21
-6269.900535941324
 31
0.0
  0
LWPOLYLINE
  5
48A
330
485
100
AcDbEntity
  8
0
  6
Continuous
 62
     8
100
AcDbPolyline
 90
       19
 70
     0
 43
0.0
 10
-26348.3357486219
 20
-6281.048519810924
 10
-26348.50209672008
 20
-6281.111947422723
 10
-26348.66679098049
 20
-6281.167800185524
 10
-26348.82983140289
 20
-6281.216078099522
 10
-26348.99088572579
 20
-6281.256712863023
 10
-26349.15028621079
 20
-6281.289772777625
 10
-26349.30902964308
 20
-6281.315462747624
 10
-26349.46723060268
 20
-6281.333842951823
 10
-26349.62477450959
 20
-6281.344853211423
 10
-26349.78231440919
 20
-6281.348517894823
 10
-26349.93984645779
 20
-6281.344853215723
 10
-26350.09737449889
 20
-6281.333842960423
 10
-26350.25556310878
 20
-6281.315462855624
 10
-26350.41430240559
 20
-6281.289773218624
 10
-26350.57370227109
 20
-6281.256713732223
 10
-26350.73475692629
 20
-6281.216079170823
 10
-26350.89779777799
 20
-6281.167801125824
 10
-26351.06249341928
 20
-6281.111948005923
 10
-26351.22884385019
 20
-6281.048519810924
  0
LWPOLYLINE
  5
48B
330
485
100
AcDbEntity
  8
0
  6
Continuous
 62
     8
100
AcDbPolyline
 90
       19
 70
     0
 43
0.0
 10
-26343.83574862189
 20
-6281.048519810924
 10
-26344.00202380369
 20
-6281.111925630924
 10
-26344.16666651938
 20
-6281.167764219723
 10
-26344.32967676919
 20
-6281.216035577423
 10
-26344.49072538008
 20
-6281.256674298522
 10
-26344.65014152519
 20
-6281.289745788423
 10
-26344.80891272249
 20
-6281.315446263724
 10
-26344.96715690578
 20
-6281.333833831723
 10
-26345.12475614139
 20
-6281.344850385023
 10
-26345.28234414668
 20
-6281.348517818823
 10
-26345.43991041709
 20
-6281.344850555822
 10
-26345.5974654572
 20
-6281.333834173324
 10
-26345.7556744986
 20
-6281.315447297524
 10
-26345.91443148448
 20
-6281.289748845424
 10
-26346.07384247169
 20
-6281.256679900025
 10
-26346.23489086168
 20
-6281.216042336324
 10
-26346.39790445509
 20
-6281.167770112823
 10
-26346.56255545119
 20
-6281.111929271023
 10
-26346.7288438502
 20
-6281.048519810924
  0
LINE
  5
48C
330
485
100
AcDbEntity
  8
0
  6
Continuous
 62
     8
100
AcDbLine
 10
-26359.25765641909
 20
-6285.521493690723
 30
0.0
 11
-26359.24729623609
 21
-6285.518435326224
 31
0.0
  0
LWPOLYLINE
  5
48D
330
485
100
AcDbEntity
  8
0
  6
Continuous
 62
     8
100
AcDbPolyline
 90
        8
 70
     0
 43
0.0
 10
-26334.1469342812
 20
-6234.934945977244
 10
-26334.12738483889
 20
-6234.925329366446
 10
-26333.98114752389
 20
-6234.865972881944
 10
-26333.83029322489
 20
-6234.816660625246
 10
-26333.67722323109
 20
-6234.778180409145
 10
-26333.52273797229
 20
-6234.750794838046
 10
-26333.36603701879
 20
-6234.734241307445
 10
-26333.20712037049
 20
-6234.728519817545
  0
LWPOLYLINE
  5
48E
330
485
100
AcDbEntity
  8
0
  6
Continuous
 62
     8
100
AcDbPolyline
 90
       34
 70
     0
 43
0.0
 10
-26355.97014980329
 20
-6297.443040718122
 10
-26356.01521390299
 20
-6297.463260998022
 10
-26356.0588992611
 20
-6297.483844192523
 10
-26356.1011173141
 20
-6297.504730244025
 10
-26356.14169553149
 20
-6297.525821573623
 10
-26356.18068170239
 20
-6297.547071680924
 10
-26356.2183325707
 20
-6297.568524442623
 10
-26356.25464578458
 20
-6297.590151028224
 10
-26356.28955552569
 20
-6297.611896270623
 10
-26356.32322094009
 20
-6297.633812494924
 10
-26356.35564150719
 20
-6297.655878952124
 10
-26356.38678284159
 20
-6297.678055239323
 10
-26356.41674838849
 20
-6297.700389085724
 10
-26356.44554137649
 20
-6297.722863140224
 10
-26356.47314489159
 20
-6297.745444475423
 10
-26356.4996275141
 20
-6297.768169682923
 10
-26356.52499689359
 20
-6297.791022530323
 10
-26356.54924679299
 20
-6297.813973207423
 10
-26356.57242175609
 20
-6297.837042724323
 10
-26356.59453319399
 20
-6297.860213717024
 10
-26356.6155834362
 20
-6297.883457910824
 10
-26356.6356021109
 20
-6297.906780265623
 10
-26356.65460607979
 20
-6297.930163585624
 10
-26356.67260307929
 20
-6297.953578176223
 10
-26356.68961014758
 20
-6297.977007740423
 10
-26356.70565130619
 20
-6298.000437222123
 10
-26356.72073817059
 20
-6298.023832760524
 10
-26356.73487407278
 20
-6298.047145017623
 10
-26356.74808557038
 20
-6298.070351210522
 10
-26356.76039598059
 20
-6298.093422349324
 10
-26356.77181170879
 20
-6298.116294147924
 10
-26356.78235977049
 20
-6298.138930606523
 10
-26356.79207671279
 20
-6298.161315482823
 10
-26356.80098908819
 20
-6298.183410651823
  0
LWPOLYLINE
  5
48F
330
485
100
AcDbEntity
  8
0
  6
Continuous
 62
     8
100
AcDbPolyline
 90
        6
 70
     0
 43
0.0
 10
-26325.03114571329
 20
-6360.084511701445
 10
-26324.95282579758
 20
-6360.083765144047
 10
-26324.85938799399
 20
-6360.080022991045
 10
-26324.76610197159
 20
-6360.073425815847
 10
-26324.67305257799
 20
-6360.064013382945
 10
-26324.58032504699
 20
-6360.051803654446
  0
LWPOLYLINE
  5
490
330
485
100
AcDbEntity
  8
0
  6
Continuous
 62
     8
100
AcDbPolyline
 90
       10
 70
     0
 43
0.0
 10
-26325.03115005438
 20
-6360.058891448646
 10
-26324.98008766029
 20
-6360.061400174046
 10
-26324.92927643268
 20
-6360.063061651747
 10
-26324.87873126079
 20
-6360.063890368344
 10
-26324.82851881629
 20
-6360.063903299446
 10
-26324.77860071539
 20
-6360.063114657044
 10
-26324.72883347249
 20
-6360.061527411247
 10
-26324.67917789019
 20
-6360.059144272447
 10
-26324.62969910768
 20
-6360.055976149546
 10
-26324.5804097234
 20
-6360.052030984146
  0
LWPOLYLINE
  5
491
330
485
100
AcDbEntity
  8
0
  6
Continuous
 62
     8
100
AcDbPolyline
 90
       22
 70
     0
 43
0.0
 10
-26356.82323614369
 20
-6298.247705700323
 10
-26356.82775994409
 20
-6298.255941652923
 10
-26356.83603594799
 20
-6298.263187612423
 10
-26356.84802877509
 20
-6298.269302130623
 10
-26356.86357541469
 20
-6298.274122170024
 10
-26356.88254214889
 20
-6298.277583943423
 10
-26356.90496373009
 20
-6298.279756866324
 10
-26356.93070152979
 20
-6298.280666712024
 10
-26356.95951826809
 20
-6298.280274850223
 10
-26356.99142327359
 20
-6298.278581562923
 10
-26357.02618526149
 20
-6298.275594149725
 10
-26357.06352012108
 20
-6298.271340359923
 10
-26357.10343450809
 20
-6298.265819031023
 10
-26357.14562242768
 20
-6298.259068517723
 10
-26357.18975324938
 20
-6298.251144673923
 10
-26357.23584415909
 20
-6298.242043552023
 10
-26357.28351557439
 20
-6298.231836506722
 10
-26357.33240054199
 20
-6298.220605057823
 10
-26357.38254761759
 20
-6298.208336766323
 10
-26357.43368903379
 20
-6298.195089500923
 10
-26357.48523986829
 20
-6298.181014348124
 10
-26357.53676373839
 20
-6298.166240086223
  0
LWPOLYLINE
  5
492
330
485
100
AcDbEntity
  8
0
  6
Continuous
 62
     8
100
AcDbPolyline
 90
       25
 70
     0
 43
0.0
 10
-26357.53676364879
 20
-6298.166307010923
 10
-26357.50780411628
 20
-6298.120298727423
 10
-26357.47528280329
 20
-6298.075590162724
 10
-26357.43919958099
 20
-6298.032266134622
 10
-26357.39947928879
 20
-6297.990523019024
 10
-26357.35619722178
 20
-6297.950290995923
 10
-26357.30957868418
 20
-6297.911260697123
 10
-26357.25967915889
 20
-6297.873456103623
 10
-26357.20644284329
 20
-6297.836977011725
 10
-26357.14992752359
 20
-6297.801660881523
 10
-26357.0900910294
 20
-6297.767547972223
 10
-26357.0269749466
 20
-6297.734730171423
 10
-26356.96076229089
 20
-6297.703150840724
 10
-26356.89137537199
 20
-6297.672862837924
 10
-26356.81889115049
 20
-6297.643955626024
 10
-26356.74372438419
 20
-6297.616446932023
 10
-26356.66581912559
 20
-6297.590366710823
 10
-26356.58523055858
 20
-6297.565834005423
 10
-26356.50254026449
 20
-6297.542989357423
 10
-26356.41769280919
 20
-6297.521963120125
 10
-26356.33074365489
 20
-6297.502702089424
 10
-26356.24244045009
 20
-6297.485101137823
 10
-26356.15303187868
 20
-6297.469207763723
 10
-26356.06226823379
 20
-6297.455164366922
 10
-26355.97014912738
 20
-6297.443056844024
  0
LINE
  5
493
330
485
100
AcDbEntity
  8
0
  6
Continuous
 62
     8
100
AcDbLine
 10
-26327.43154340229
 20
-6232.475522861445
 30
0.0
 11
-26327.42009137009
 21
-6232.467811687546
 31
0.0
  0
LINE
  5
494
330
485
100
AcDbEntity
  8
0
  6
Continuous
 62
     8
100
AcDbLine
 10
-26327.42009137009
 20
-6232.467811687546
 30
0.0
 11
-26327.39442467139
 21
-6232.450742358446
 31
0.0
  0
LINE
  5
495
330
485
100
AcDbEntity
  8
0
  6
Continuous
 62
     8
100
AcDbLine
 10
-26327.43229623608
 20
-6232.476020511146
 30
0.0
 11
-26327.43154340229
 21
-6232.475522861445
 31
0.0
  0
LINE
  5
496
330
485
100
AcDbEntity
  8
0
  6
Continuous
 62
     8
100
AcDbLine
 10
-26327.39442467139
 20
-6232.450742358446
 30
0.0
 11
-26327.36908977919
 21
-6232.434136134646
 31
0.0
  0
LWPOLYLINE
  5
497
330
485
100
AcDbEntity
  8
0
  6
Continuous
 62
     8
100
AcDbPolyline
 90
       48
 70
     0
 43
0.0
 10
-26327.36908977919
 20
-6232.434136134646
 10
-26327.33690615428
 20
-6232.413373275046
 10
-26327.31815236499
 20
-6232.401464604045
 10
-26327.29756975769
 20
-6232.388533709246
 10
-26327.27513509809
 20
-6232.374593678946
 10
-26327.25080046709
 20
-6232.359710853645
 10
-26327.22452168029
 20
-6232.343861707246
 10
-26327.19628499559
 20
-6232.327069765847
 10
-26327.16609100319
 20
-6232.309471948947
 10
-26327.13391092559
 20
-6232.291045599846
 10
-26327.09973765249
 20
-6232.271813375145
 10
-26327.06362088568
 20
-6232.251980164445
 10
-26327.02554324659
 20
-6232.231524002646
 10
-26326.98551807679
 20
-6232.210466854747
 10
-26326.94366810188
 20
-6232.189079504946
 10
-26326.90001044419
 20
-6232.167353841045
 10
-26326.85456774559
 20
-6232.145297975346
 10
-26326.80750275379
 20
-6232.123207028246
 10
-26326.75885254809
 20
-6232.101082072346
 10
-26326.7086591917
 20
-6232.078922035146
 10
-26326.65712286379
 20
-6232.057018819745
 10
-26326.60431611748
 20
-6232.035388868744
 10
-26326.55027975769
 20
-6232.014015739546
 10
-26326.49518917199
 20
-6231.993142007145
 10
-26326.43912552659
 20
-6231.972787372545
 10
-26326.38213827539
 20
-6231.952932134646
 10
-26326.32436771009
 20
-6231.933759765245
 10
-26326.2658984212
 20
-6231.915289977045
 10
-26326.20678125529
 20
-6231.897503057346
 10
-26326.14711028909
 20
-6231.880523339746
 10
-26326.08696549489
 20
-6231.864367077245
 10
-26326.02639788999
 20
-6231.849018016746
 10
-26325.96545698599
 20
-6231.834551733644
 10
-26325.90421868709
 20
-6231.820980579845
 10
-26325.84272875939
 20
-6231.808292203446
 10
-26325.7809871271
 20
-6231.796525122746
 10
-26325.71905738649
 20
-6231.785686300547
 10
-26325.65698601089
 20
-6231.775768774046
 10
-26325.59474173148
 20
-6231.766790173946
 10
-26325.53236704968
 20
-6231.758753356646
 10
-26325.46991902909
 20
-6231.751655465646
 10
-26325.40738396019
 20
-6231.745505561447
 10
-26325.34480559739
 20
-6231.740307114446
 10
-26325.28223284728
 20
-6231.736056654245
 10
-26325.21965712608
 20
-6231.732752829547
 10
-26325.15710458968
 20
-6231.730395190044
 10
-26325.09463665889
 20
-6231.728984186045
 10
-26325.0322962361
 20
-6231.728519817545
  0
LINE
  5
498
330
485
100
AcDbEntity
  8
0
  6
Continuous
 62
     8
100
AcDbLine
 10
-26329.91200413789
 20
-6237.753729978345
 30
0.0
 11
-26329.78054031719
 21
-6237.681500057445
 31
0.0
  0
LINE
  5
499
330
485
100
AcDbEntity
  8
0
  6
Continuous
 62
     8
100
AcDbLine
 10
-26321.89269230309
 20
-6233.347694852346
 30
0.0
 11
-26321.76122855859
 21
-6233.275464973345
 31
0.0
  0
LWPOLYLINE
  5
49A
330
485
100
AcDbEntity
  8
0
  6
Continuous
 62
     8
100
AcDbPolyline
 90
        9
 70
     0
 43
0.0
 10
-26326.32986145939
 20
-6359.683001817646
 10
-26326.2802012181
 20
-6359.711330628247
 10
-26326.1148894638
 20
-6359.792610950846
 10
-26325.94508287569
 20
-6359.863557874846
 10
-26325.77096914419
 20
-6359.924116104444
 10
-26325.5920215602
 20
-6359.974321490545
 10
-26325.40844421919
 20
-6360.013827213744
 10
-26325.2212617628
 20
-6360.042133144546
 10
-26325.03115005438
 20
-6360.058891448646
  0
LINE
  5
49B
330
485
100
AcDbEntity
  8
0
  6
Continuous
 62
     8
100
AcDbLine
 10
-26326.64735382168
 20
-6359.632226164846
 30
0.0
 11
-26326.72667230499
 21
-6359.582297179946
 31
0.0
  0
LINE
  5
49C
330
485
100
AcDbEntity
  8
0
  6
Continuous
 62
     8
100
AcDbLine
 10
-26326.72667230499
 20
-6359.582297179946
 30
0.0
 11
-26326.8044536707
 21
-6359.530004865346
 31
0.0
  0
LWPOLYLINE
  5
49D
330
485
100
AcDbEntity
  8
0
  6
Continuous
 62
     8
100
AcDbPolyline
 90
       19
 70
     0
 43
0.0
 10
-26326.64738434639
 20
-6359.632266109946
 10
-26326.79340386748
 20
-6359.533655542645
 10
-26326.93341201619
 20
-6359.427084866245
 10
-26327.06697961709
 20
-6359.312919555947
 10
-26327.19370552728
 20
-6359.191540168645
 10
-26327.31319923459
 20
-6359.063363634845
 10
-26327.42508652638
 20
-6358.928845003245
 10
-26327.52894333329
 20
-6358.788615974045
 10
-26327.6245824647
 20
-6358.642973223545
 10
-26327.71193921439
 20
-6358.491855107546
 10
-26327.79077774379
 20
-6358.335389468947
 10
-26327.86063946399
 20
-6358.174386571846
 10
-26327.92115255279
 20
-6358.009819936945
 10
-26327.9721169794
 20
-6357.842370940746
 10
-26328.01342024729
 20
-6357.672449338945
 10
-26328.04495434168
 20
-6357.500653160446
 10
-26328.06664501198
 20
-6357.327555069446
 10
-26328.07844358919
 20
-6357.153701760646
 10
-26328.08033544979
 20
-6356.979655369846
  0
LWPOLYLINE
  5
49E
330
485
100
AcDbEntity
  8
0
  6
Continuous
 62
     8
100
AcDbPolyline
 90
       10
 70
     0
 43
0.0
 10
-26367.26913729519
 20
-6289.216135879423
 10
-26367.23537243419
 20
-6288.821833680124
 10
-26367.19643661159
 20
-6288.428270930924
 10
-26367.15234687259
 20
-6288.035515010723
 10
-26367.10313759719
 20
-6287.643757421625
 10
-26367.04881435459
 20
-6287.252939858824
 10
-26366.98933753369
 20
-6286.862756475223
 10
-26366.92469155188
 20
-6286.473151755224
 10
-26366.8549012172
 20
-6286.084318229324
 10
-26366.77997413908
 20
-6285.696324134723
  0
LWPOLYLINE
  5
49F
330
485
100
AcDbEntity
  8
0
  6
Continuous
 62
     8
100
AcDbPolyline
 90
        3
 70
     0
 43
0.0
 10
-26356.81073439959
 20
-6298.209834850823
 10
-26356.816533332
 20
-6298.226625659925
 10
-26356.82323614369
 20
-6298.247705700425
  0
LINE
  5
4A0
330
485
100
AcDbEntity
  8
0
  6
Continuous
 62
     8
100
AcDbLine
 10
-26356.80365100419
 20
-6298.190531778123
 30
0.0
 11
-26356.81073439959
 21
-6298.209834850823
 31
0.0
  0
LINE
  5
4A1
330
485
100
AcDbEntity
  8
0
  6
Continuous
 62
     8
100
AcDbLine
 10
-26356.80098908819
 20
-6298.183410651823
 30
0.0
 11
-26356.80365100419
 21
-6298.190531778123
 31
0.0
  0
LINE
  5
4A2
330
485
100
AcDbEntity
  8
0
  6
Continuous
 62
     8
100
AcDbLine
 10
-26321.12650953209
 20
-6228.405973825147
 30
0.0
 11
-26321.03681888579
 21
-6228.330482233346
 31
0.0
  0
LINE
  5
4A3
330
485
100
AcDbEntity
  8
0
  6
Continuous
 62
     8
100
AcDbLine
 10
-26321.21572833269
 20
-6228.479925872147
 30
0.0
 11
-26321.12650953209
 21
-6228.405973825147
 31
0.0
  0
LINE
  5
4A4
330
485
100
AcDbEntity
  8
0
  6
Continuous
 62
     8
100
AcDbLine
 10
-26321.2822962361
 20
-6228.534294730646
 30
0.0
 11
-26321.21572833269
 21
-6228.479925872147
 31
0.0
  0
LWPOLYLINE
  5
4A5
330
485
100
AcDbEntity
  8
0
  6
Continuous
 62
     8
100
AcDbPolyline
 90
        6
 70
     0
 43
0.0
 10
-26328.27001642119
 20
-6240.722804529244
 10
-26328.26888551408
 20
-6240.721997078346
 10
-26328.26640829829
 20
-6240.719009522546
 10
-26328.26251535839
 20
-6240.714115676746
 10
-26328.25690298759
 20
-6240.707604990646
 10
-26328.24963556679
 20
-6240.699441644046
  0
LINE
  5
4A6
330
485
100
AcDbEntity
  8
0
  6
Continuous
 62
     8
100
AcDbLine
 10
-26328.17190038158
 20
-6240.609344215645
 30
0.0
 11
-26328.30336420219
 21
-6240.681574136546
 31
0.0
  0
LINE
  5
4A7
330
485
100
AcDbEntity
  8
0
  6
Continuous
 62
     8
100
AcDbLine
 10
-26320.15258843799
 20
-6236.203309468046
 30
0.0
 11
-26320.28405218249
 21
-6236.275539347146
 31
0.0
  0
LWPOLYLINE
  5
4A8
330
485
100
AcDbEntity
  8
0
  6
Continuous
 62
     8
100
AcDbPolyline
 90
        3
 70
     0
 43
0.0
 10
-26287.22361962079
 20
-6285.506955636323
 10
-26287.19913889089
 20
-6285.499603483023
 10
-26287.15979737808
 20
-6285.487503974623
  0
LINE
  5
4A9
330
485
100
AcDbEntity
  8
0
  6
Continuous
 62
     8
100
AcDbLine
 10
-26287.15979737808
 20
-6285.487503974623
 30
0.0
 11
-26287.1572962361
 21
-6285.486756796123
 31
0.0
  0
LINE
  5
4AA
330
485
100
AcDbEntity
  8
0
  6
Continuous
 62
     8
100
AcDbLine
 10
-26367.26937019248
 20
-6293.934997788323
 30
0.0
 11
-26367.26913729519
 21
-6293.940903748122
 31
0.0
  0
LWPOLYLINE
  5
4AB
330
485
100
AcDbEntity
  8
0
  6
Continuous
 62
     8
100
AcDbPolyline
 90
       17
 70
     0
 43
0.0
 10
-26366.78001138439
 20
-6297.294102205324
 10
-26366.77933888389
 20
-6297.314712311925
 10
-26366.77763694669
 20
-6297.339087915324
 10
-26366.77490111869
 20
-6297.367320352123
 10
-26366.7710994419
 20
-6297.399671090023
 10
-26366.76624669199
 20
-6297.436033742624
 10
-26366.76040538319
 20
-6297.475964735323
 10
-26366.75355356989
 20
-6297.519595651423
 10
-26366.74568279139
 20
-6297.566968744523
 10
-26366.73687512309
 20
-6297.617548741323
 10
-26366.72710743099
 20
-6297.671434440125
 10
-26366.7163637334
 20
-6297.728710646523
 10
-26366.70473881918
 20
-6297.788847269623
 10
-26366.69218787698
 20
-6297.852029623624
 10
-26366.67871217909
 20
-6297.918231750723
 10
-26366.66448204249
 20
-6297.986611549224
 10
-26366.63381442259
 20
-6298.129545078923
  0
LWPOLYLINE
  5
4AC
330
485
100
AcDbEntity
  8
0
  6
Continuous
 62
     8
100
AcDbPolyline
 90
       16
 70
     0
 43
0.0
 10
-26366.48385985759
 20
-6297.528583236722
 10
-26366.48350760289
 20
-6297.541576584123
 10
-26366.4820695326
 20
-6297.557729663223
 10
-26366.47954304198
 20
-6297.577256965123
 10
-26366.47595660399
 20
-6297.600475478624
 10
-26366.47127625979
 20
-6297.627484377223
 10
-26366.46540704669
 20
-6297.658022213723
 10
-26366.45827134699
 20
-6297.692122670024
 10
-26366.44994455949
 20
-6297.729771674224
 10
-26366.44056409829
 20
-6297.770352629523
 10
-26366.43004766548
 20
-6297.813740985524
 10
-26366.41847898309
 20
-6297.859720485924
 10
-26366.4062476286
 20
-6297.907269133425
 10
-26366.39336388359
 20
-6297.955906139523
 10
-26366.3798226209
 20
-6298.005502909323
 10
-26366.35199785489
 20
-6298.105267970924
  0
LINE
  5
4AD
330
485
100
AcDbEntity
  8
0
  6
Continuous
 62
     8
100
AcDbLine
 10
-26367.26913729519
 20
-6289.216135873724
 30
0.0
 11
-26367.26913729519
 21
-6293.940903748122
 31
0.0
  0
LINE
  5
4AE
330
485
100
AcDbEntity
  8
0
  6
Continuous
 62
     8
100
AcDbLine
 10
-26366.78001138439
 20
-6297.294102205324
 30
0.0
 11
-26366.77998608399
 21
-6285.696383817724
 31
0.0
  0
LWPOLYLINE
  5
4AF
330
485
100
AcDbEntity
  8
0
  6
Continuous
 62
     8
100
AcDbPolyline
 90
        3
 70
     0
 43
0.0
 10
-26366.48363869909
 20
-6291.850380937824
 10
-26366.48345966789
 20
-6291.287206936223
 10
-26366.48334777339
 20
-6285.455287261124
  0
LINE
  5
4B0
330
485
100
AcDbEntity
  8
0
  6
Continuous
 62
     8
100
AcDbLine
 10
-26366.48375059349
 20
-6297.528558533823
 30
0.0
 11
-26366.48363869909
 21
-6291.850380937824
 31
0.0
  0
LINE
  5
4B1
330
485
100
AcDbEntity
  8
0
  6
Continuous
 62
     8
100
AcDbLine
 10
-26367.26937019248
 20
-6289.222041833523
 30
0.0
 11
-26367.26913729519
 21
-6289.216135873724
 31
0.0
  0
LINE
  5
4B2
330
485
100
AcDbEntity
  8
0
  6
Continuous
 62
     8
100
AcDbLine
 10
-26356.82323614369
 20
-6298.247705700425
 30
0.0
 11
-26356.82371720289
 21
-6298.249291082523
 31
0.0
  0
LWPOLYLINE
  5
4B3
330
485
100
AcDbEntity
  8
0
  6
Continuous
 62
     8
100
AcDbPolyline
 90
        7
 70
     0
 43
0.0
 10
-26328.24963556679
 20
-6240.699441644046
 10
-26328.23169241189
 20
-6240.678324709446
 10
-26328.22092015589
 20
-6240.666151072145
 10
-26328.2094457055
 20
-6240.652777905746
 10
-26328.19749864169
 20
-6240.638432016146
 10
-26328.18495862939
 20
-6240.623794710945
 10
-26328.17190112339
 20
-6240.609343560446
  0
LWPOLYLINE
  5
4B4
330
485
100
AcDbEntity
  8
0
  6
Continuous
 62
     8
100
AcDbPolyline
 90
        7
 70
     0
 43
0.0
 10
-26321.82571967139
 20
-6233.270295676645
 10
-26321.84223592959
 20
-6233.289202738646
 10
-26321.85130888709
 20
-6233.299874150145
 10
-26321.86108600519
 20
-6233.311135730946
 10
-26321.8714994242
 20
-6233.322865933246
 10
-26321.88212546179
 20
-6233.335076594046
 10
-26321.89269194389
 20
-6233.347695344046
  0
LINE
  5
4B5
330
485
100
AcDbEntity
  8
0
  6
Continuous
 62
     8
100
AcDbLine
 10
-26296.15242980633
 20
-6272.200348455629
 30
0.0
 11
-26293.20880402309
 21
-6269.900535941324
 31
0.0
  0
LWPOLYLINE
  5
4B6
330
485
100
AcDbEntity
  8
0
  6
Continuous
 62
     8
100
AcDbPolyline
 90
       22
 70
     0
 43
0.0
 10
-26292.49782929468
 20
-6298.166305169223
 10
-26292.54935065588
 20
-6298.181074302823
 10
-26292.60089720239
 20
-6298.195143890723
 10
-26292.6520325922
 20
-6298.208385292823
 10
-26292.70217159899
 20
-6298.220647501924
 10
-26292.75104710379
 20
-6298.231872921623
 10
-26292.7987092233
 20
-6298.242074381923
 10
-26292.84479134809
 20
-6298.251170486323
 10
-26292.88891409379
 20
-6298.259089973524
 10
-26292.93109586569
 20
-6298.265836991323
 10
-26292.97100611368
 20
-6298.271355668224
 10
-26293.00833888459
 20
-6298.275607622324
 10
-26293.04310163849
 20
-6298.278594015124
 10
-26293.07500987049
 20
-6298.280286908424
 10
-26293.10383197119
 20
-6298.280678844123
 10
-26293.12957758608
 20
-6298.279769340523
 10
-26293.15200960008
 20
-6298.277592978424
 10
-26293.17098705569
 20
-6298.274128851424
 10
-26293.18654237029
 20
-6298.269313952823
 10
-26293.19854216859
 20
-6298.263206407724
 10
-26293.20682487749
 20
-6298.255959122924
 10
-26293.21135605958
 20
-6298.247706583024
  0
LINE
  5
4B7
330
485
100
AcDbEntity
  8
0
  6
Continuous
 62
     8
100
AcDbLine
 10
-26322.03229623609
 20
-6341.978519817545
 30
0.0
 11
-26328.03229623609
 21
-6341.978519817545
 31
0.0
  0
LINE
  5
4B8
330
485
100
AcDbEntity
  8
0
  6
Continuous
 62
     8
100
AcDbLine
 10
-26357.53676345469
 20
-6298.166240085124
 30
0.0
 11
-26357.53676345469
 21
-6298.782051344524
 31
0.0
  0
LINE
  5
4B9
330
485
100
AcDbEntity
  8
0
  6
Continuous
 62
     8
100
AcDbLine
 10
-26357.43229623608
 20
-6268.718519810924
 30
0.0
 11
-26357.43229623608
 21
-6267.788519810925
 31
0.0
  0
LINE
  5
4BA
330
485
100
AcDbEntity
  8
0
  6
Continuous
 62
     8
100
AcDbLine
 10
-26366.32316026689
 20
-6298.204123748623
 30
0.0
 11
-26366.23633298779
 21
-6298.827564417524
 31
0.0
  0
LINE
  5
4BB
330
485
100
AcDbEntity
  8
0
  6
Continuous
 62
     8
100
AcDbLine
 10
-26355.97014980329
 20
-6297.610005072023
 30
0.0
 11
-26355.97014980329
 21
-6297.443040494123
 31
0.0
  0
LINE
  5
4BC
330
485
100
AcDbEntity
  8
0
  6
Continuous
 62
     8
100
AcDbLine
 10
-26353.05306712878
 20
-6297.589172553524
 30
0.0
 11
-26353.05306712878
 21
-6281.209172553523
 31
0.0
  0
LINE
  5
4BD
330
485
100
AcDbEntity
  8
0
  6
Continuous
 62
     8
100
AcDbLine
 10
-26352.0322962361
 20
-6281.048519810924
 30
0.0
 11
-26352.0322962361
 21
-6275.798519810923
 31
0.0
  0
LINE
  5
4BE
330
485
100
AcDbEntity
  8
0
  6
Continuous
 62
     8
100
AcDbLine
 10
-26351.44729623609
 20
-6273.638519810923
 30
0.0
 11
-26351.44729623609
 21
-6275.498519810924
 31
0.0
  0
LINE
  5
4BF
330
485
100
AcDbEntity
  8
0
  6
Continuous
 62
     8
100
AcDbLine
 10
-26351.22884385019
 20
-6281.048519810924
 30
0.0
 11
-26351.22884385019
 21
-6276.098519810923
 31
0.0
  0
LWPOLYLINE
  5
4C0
330
485
100
AcDbEntity
  8
0
  6
Continuous
 62
     8
100
AcDbPolyline
 90
        3
 70
     0
 43
0.0
 10
-26318.69344176799
 20
-6236.353761189846
 10
-26318.6922782296
 20
-6236.351969143746
 10
-26318.68728454539
 20
-6236.348519817546
  0
LWPOLYLINE
  5
4C1
330
485
100
AcDbEntity
  8
0
  6
Continuous
 62
     8
100
AcDbPolyline
 90
        4
 70
     0
 43
0.0
 10
-26318.50104298399
 20
-6237.603061372146
 10
-26318.50256659519
 20
-6237.605389055146
 10
-26318.50494420949
 20
-6237.607736635046
 10
-26318.50732547459
 20
-6237.608519817546
  0
LWPOLYLINE
  5
4C2
330
485
100
AcDbEntity
  8
0
  6
Continuous
 62
     8
100
AcDbPolyline
 90
       13
 70
     0
 43
0.0
 10
-26316.68375180189
 20
-6260.230281139445
 10
-26316.9112708486
 20
-6260.340202262945
 10
-26317.13084482728
 20
-6260.453040951844
 10
-26317.33716216218
 20
-6260.565383462846
 10
-26317.53568858069
 20
-6260.679629439845
 10
-26317.73975404349
 20
-6260.803824027346
 10
-26317.95641093439
 20
-6260.943852564246
 10
-26318.1729380882
 20
-6261.093089902946
 10
-26318.37366120799
 20
-6261.240784565647
 10
-26318.55507710679
 20
-6261.383158930045
 10
-26318.72141533169
 20
-6261.522353041446
 10
-26318.87169877189
 20
-6261.656560867146
 10
-26319.00609231338
 20
-6261.784821823145
  0
LWPOLYLINE
  5
4C3
330
485
100
AcDbEntity
  8
0
  6
Continuous
 62
     8
100
AcDbPolyline
 90
       15
 70
     0
 43
0.0
 10
-26316.46611180048
 20
-6260.152750494746
 10
-26316.70180966068
 20
-6260.258982904146
 10
-26316.93011911489
 20
-6260.368989679445
 10
-26317.15046290268
 20
-6260.481901294046
 10
-26317.35749787959
 20
-6260.594292445246
 10
-26317.55672543719
 20
-6260.708572269945
 10
-26317.76157349519
 20
-6260.832817410346
 10
-26317.97914694849
 20
-6260.972930518546
 10
-26318.19663999009
 20
-6261.122260776246
 10
-26318.39827331259
 20
-6261.270024723947
 10
-26318.5805481363
 20
-6261.412460438346
 10
-26318.74768294429
 20
-6261.551687094047
 10
-26318.89861148309
 20
-6261.685820195646
 10
-26319.03349543879
 20
-6261.813879364145
 10
-26319.10143883028
 20
-6261.882347901646
  0
LWPOLYLINE
  5
4C4
330
485
100
AcDbEntity
  8
0
  6
Continuous
 62
     8
100
AcDbPolyline
 90
        3
 70
     0
 43
0.0
 10
-26366.35199785489
 20
-6298.105267970924
 10
-26366.33771991199
 20
-6298.154882516424
 10
-26366.32316099899
 20
-6298.204033187023
  0
LWPOLYLINE
  5
4C5
330
485
100
AcDbEntity
  8
0
  6
Continuous
 62
     8
100
AcDbPolyline
 90
       16
 70
     0
 43
0.0
 10
-26366.52956749779
 20
-6298.597799484722
 10
-26366.52338598819
 20
-6298.619773773324
 10
-26366.5139252467
 20
-6298.645110650824
 10
-26366.50216186319
 20
-6298.669602838423
 10
-26366.48830428689
 20
-6298.692818899923
 10
-26366.47250333859
 20
-6298.714579462823
 10
-26366.45473818429
 20
-6298.734920291924
 10
-26366.43520001309
 20
-6298.753594819423
 10
-26366.41415126979
 20
-6298.770369202724
 10
-26366.39158871189
 20
-6298.785246285622
 10
-26366.36777908749
 20
-6298.798032374724
 10
-26366.34301676299
 20
-6298.808585962224
 10
-26366.31729673429
 20
-6298.816908108823
 10
-26366.29096021199
 20
-6298.822876126223
 10
-26366.2643114075
 20
-6298.826441327824
 10
-26366.23632400559
 20
-6298.827602541123
  0
LINE
  5
4C6
330
485
100
AcDbEntity
  8
0
  6
Continuous
 62
     8
100
AcDbLine
 10
-26366.63381442259
 20
-6298.129545078923
 30
0.0
 11
-26366.52956750508
 21
-6298.597799454724
 31
0.0
  0
LINE
  5
4C7
330
485
100
AcDbEntity
  8
0
  6
Continuous
 62
     8
100
AcDbLine
 10
-26348.3357486219
 20
-6276.098519810923
 30
0.0
 11
-26348.3357486219
 21
-6281.048519810924
 31
0.0
  0
LINE
  5
4C8
330
485
100
AcDbEntity
  8
0
  6
Continuous
 62
     8
100
AcDbLine
 10
-26346.7288438502
 20
-6281.048519810924
 30
0.0
 11
-26346.7288438502
 21
-6276.098519810923
 31
0.0
  0
LINE
  5
4C9
330
485
100
AcDbEntity
  8
0
  6
Continuous
 62
     8
100
AcDbLine
 10
-26324.46186779958
 20
-6234.033508192045
 30
0.0
 11
-26324.34546144989
 21
-6233.752478403746
 31
0.0
  0
LINE
  5
4CA
330
485
100
AcDbEntity
  8
0
  6
Continuous
 62
     8
100
AcDbLine
 10
-26323.23640805479
 20
-6234.210737771746
 30
0.0
 11
-26323.35318113639
 21
-6234.492652929045
 31
0.0
  0
LWPOLYLINE
  5
4CB
330
485
100
AcDbEntity
  8
0
  6
Continuous
 62
     8
100
AcDbPolyline
 90
        9
 70
     0
 43
0.0
 10
-26321.79458022589
 20
-6233.234231495647
 10
-26321.79493528378
 20
-6233.235004874046
 10
-26321.7965108501
 20
-6233.236747559645
 10
-26321.79912151899
 20
-6233.239514817245
 10
-26321.80258191579
 20
-6233.243512543846
 10
-26321.80697386619
 20
-6233.248734419547
 10
-26321.81245775589
 20
-6233.254901709245
 10
-26321.81874945859
 20
-6233.262053207447
 10
-26321.82571967139
 20
-6233.270295676645
  0
LINE
  5
4CC
330
485
100
AcDbEntity
  8
0
  6
Continuous
 62
     8
100
AcDbLine
 10
-26318.6934133017
 20
-6236.353761467245
 30
0.0
 11
-26318.73229623609
 21
-6236.420466586546
 31
0.0
  0
LINE
  5
4CD
330
485
100
AcDbEntity
  8
0
  6
Continuous
 62
     8
100
AcDbLine
 10
-26318.50104653199
 20
-6237.603061336945
 30
0.0
 11
-26318.40289623608
 21
-6237.435068033047
 31
0.0
  0
LINE
  5
4CE
330
485
100
AcDbEntity
  8
0
  6
Continuous
 62
     8
100
AcDbLine
 10
-26318.40289623608
 20
-6236.370098431546
 30
0.0
 11
-26318.51658130039
 21
-6236.564401466145
 31
0.0
  0
LINE
  5
4CF
330
485
100
AcDbEntity
  8
0
  6
Continuous
 62
     8
100
AcDbLine
 10
-26318.73229623609
 20
-6237.485272397546
 30
0.0
 11
-26318.67227896299
 21
-6237.382950067346
 31
0.0
  0
LINE
  5
4D0
330
485
100
AcDbEntity
  8
0
  6
Continuous
 62
     8
100
AcDbLine
 10
-26318.51658130039
 20
-6236.564401466145
 30
0.0
 11
-26318.52227465438
 21
-6236.574063319347
 31
0.0
  0
LINE
  5
4D1
330
485
100
AcDbEntity
  8
0
  6
Continuous
 62
     8
100
AcDbLine
 10
-26319.15334863629
 20
-6261.935725729045
 30
0.0
 11
-26319.25879761659
 21
-6262.050916580146
 31
0.0
  0
LINE
  5
4D2
330
485
100
AcDbEntity
  8
0
  6
Continuous
 62
     8
100
AcDbLine
 10
-26319.10179312359
 20
-6261.881966506345
 30
0.0
 11
-26319.15334863629
 21
-6261.935725729045
 31
0.0
  0
LINE
  5
4D3
330
485
100
AcDbEntity
  8
0
  6
Continuous
 62
     8
100
AcDbLine
 10
-26319.12396212109
 20
-6261.905045278746
 30
0.0
 11
-26319.24802219489
 21
-6262.031792408345
 31
0.0
  0
LINE
  5
4D4
330
485
100
AcDbEntity
  8
0
  6
Continuous
 62
     8
100
AcDbLine
 10
-26319.00609231338
 20
-6261.784821823145
 30
0.0
 11
-26319.12396212109
 21
-6261.905045278746
 31
0.0
  0
LWPOLYLINE
  5
4D5
330
485
100
AcDbEntity
  8
0
  6
Continuous
 62
     8
100
AcDbPolyline
 90
       11
 70
     0
 43
0.0
 10
-26319.24802219489
 20
-6262.031792408345
 10
-26319.40482996149
 20
-6262.187695730244
 10
-26319.57051611899
 20
-6262.347821647046
 10
-26319.74564583899
 20
-6262.512582731646
 10
-26319.93009945739
 20
-6262.681669855146
 10
-26320.12309969419
 20
-6262.854237635646
 10
-26320.32437986039
 20
-6263.029970220845
 10
-26320.53422999518
 20
-6263.209070389247
 10
-26320.75259741019
 20
-6263.391466496445
 10
-26320.97935353478
 20
-6263.577060062445
 10
-26321.14804016489
 20
-6263.712869419446
  0
LINE
  5
4D6
330
485
100
AcDbEntity
  8
0
  6
Continuous
 62
     8
100
AcDbLine
 10
-26321.14804016489
 20
-6263.712869419446
 30
0.0
 11
-26321.40688789859
 21
-6263.918379661246
 31
0.0
  0
LINE
  5
4D7
330
485
100
AcDbEntity
  8
0
  6
Continuous
 62
     8
100
AcDbLine
 10
-26321.48919168308
 20
-6263.983181796145
 30
0.0
 11
-26321.23187002179
 21
-6263.779747782846
 31
0.0
  0
LINE
  5
4D8
330
485
100
AcDbEntity
  8
0
  6
Continuous
 62
     8
100
AcDbLine
 10
-26321.8692406451
 20
-6264.279772551645
 30
0.0
 11
-26321.40688789859
 21
-6263.918379661246
 31
0.0
  0
LINE
  5
4D9
330
485
100
AcDbEntity
  8
0
  6
Continuous
 62
     8
100
AcDbLine
 10
-26322.03229623609
 20
-6264.405894754745
 30
0.0
 11
-26321.71064511118
 21
-6264.156373332845
 31
0.0
  0
LINE
  5
4DA
330
485
100
AcDbEntity
  8
0
  6
Continuous
 62
     8
100
AcDbLine
 10
-26328.03229623609
 20
-6278.311713240146
 30
0.0
 11
-26328.10473906989
 21
-6278.332739248346
 31
0.0
  0
LINE
  5
4DB
330
485
100
AcDbEntity
  8
0
  6
Continuous
 62
     8
100
AcDbLine
 10
-26343.83574862189
 20
-6276.098519810923
 30
0.0
 11
-26343.83574862189
 21
-6281.048519810924
 31
0.0
  0
LINE
  5
4DC
330
485
100
AcDbEntity
  8
0
  6
Continuous
 62
     8
100
AcDbLine
 10
-26343.61729623609
 20
-6273.638519810923
 30
0.0
 11
-26343.61729623609
 21
-6275.498519810924
 31
0.0
  0
LINE
  5
4DD
330
485
100
AcDbEntity
  8
0
  6
Continuous
 62
     8
100
AcDbLine
 10
-26343.03229623609
 20
-6281.348520028124
 30
0.0
 11
-26343.03229623609
 21
-6275.798519810923
 31
0.0
  0
LINE
  5
4DE
330
485
100
AcDbEntity
  8
0
  6
Continuous
 62
     8
100
AcDbLine
 10
-26339.1322962361
 20
-6242.828498866646
 30
0.0
 11
-26339.1322962361
 21
-6231.128608397447
 31
0.0
  0
LINE
  5
4DF
330
485
100
AcDbEntity
  8
0
  6
Continuous
 62
     8
100
AcDbLine
 10
-26338.98229623609
 20
-6242.978519817545
 30
0.0
 11
-26338.98229623609
 21
-6230.978658552446
 31
0.0
  0
LINE
  5
4E0
330
485
100
AcDbEntity
  8
0
  6
Continuous
 62
     8
100
AcDbLine
 10
-26337.63229623609
 20
-6268.718519810924
 30
0.0
 11
-26337.63229623609
 21
-6267.788519810925
 31
0.0
  0
LWPOLYLINE
  5
4E1
330
485
100
AcDbEntity
  8
0
  6
Continuous
 62
     8
100
AcDbPolyline
 90
       23
 70
     0
 43
0.0
 10
-26328.03229623609
 20
-6271.438007158046
 10
-26328.04612692289
 20
-6271.472748722946
 10
-26328.16897642459
 20
-6271.812790626547
 10
-26328.27946979629
 20
-6272.152403253946
 10
-26328.37725487979
 20
-6272.490981757346
 10
-26328.4625654639
 20
-6272.828154827944
 10
-26328.53572309739
 20
-6273.163904826745
 10
-26328.59651379229
 20
-6273.498179717445
 10
-26328.64525381308
 20
-6273.830826648545
 10
-26328.68223095679
 20
-6274.161713013945
 10
-26328.70716397099
 20
-6274.490859725046
 10
-26328.72048105859
 20
-6274.818307155246
 10
-26328.72244713729
 20
-6275.143861173344
 10
-26328.71256582529
 20
-6275.467251710746
 10
-26328.69144789879
 20
-6275.788175133545
 10
-26328.65936613648
 20
-6276.106956290846
 10
-26328.6153624372
 20
-6276.424387768646
 10
-26328.5603557462
 20
-6276.740284648446
 10
-26328.4945002922
 20
-6277.055180343346
 10
-26328.41566803169
 20
-6277.371194300545
 10
-26328.32353450409
 20
-6277.689408617646
 10
-26328.21965179799
 20
-6278.009727148845
 10
-26328.10473222098
 20
-6278.332716954047
  0
LWPOLYLINE
  5
4E2
330
485
100
AcDbEntity
  8
0
  6
Continuous
 62
     8
100
AcDbPolyline
 90
       25
 70
     0
 43
0.0
 10
-26328.03229623609
 20
-6271.257358146545
 10
-26328.0819995928
 20
-6271.376077341246
 10
-26328.20405684649
 20
-6271.693642430445
 10
-26328.3151848736
 20
-6272.010760496646
 10
-26328.4153128011
 20
-6272.326724151546
 10
-26328.50469967039
 20
-6272.641819327946
 10
-26328.58357102059
 20
-6272.956452814046
 10
-26328.65194570519
 20
-6273.270384782446
 10
-26328.70986648339
 20
-6273.583470013445
 10
-26328.75747392239
 20
-6273.896262792946
 10
-26328.79476520949
 20
-6274.208566141545
 10
-26328.82175398419
 20
-6274.520186474146
 10
-26328.83848567808
 20
-6274.831685262945
 10
-26328.84490891199
 20
-6275.142861455446
 10
-26328.84097894639
 20
-6275.453525825346
 10
-26328.82660865659
 20
-6275.764251877745
 10
-26328.80169130299
 20
-6276.074831048246
 10
-26328.76613791529
 20
-6276.385041998544
 10
-26328.7197757156
 20
-6276.695425687445
 10
-26328.66250567779
 20
-6277.005759947947
 10
-26328.59426170739
 20
-6277.315803287245
 10
-26328.51482418489
 20
-6277.626054037246
 10
-26328.42407821688
 20
-6277.936507630546
 10
-26328.32212996679
 20
-6278.246677454146
 10
-26328.21927937959
 20
-6278.529776631947
  0
LWPOLYLINE
  5
4E3
330
485
100
AcDbEntity
  8
0
  6
Continuous
 62
     8
100
AcDbPolyline
 90
       17
 70
     0
 43
0.0
 10
-26328.10474198749
 20
-6278.332740315146
 10
-26328.11926140238
 20
-6278.341375947846
 10
-26328.13313237499
 20
-6278.350622034446
 10
-26328.14627619109
 20
-6278.360425783445
 10
-26328.15861850139
 20
-6278.370731332646
 10
-26328.17008912329
 20
-6278.381479851045
 10
-26328.18062256459
 20
-6278.392609816446
 10
-26328.19015835039
 20
-6278.404056590845
 10
-26328.19864389179
 20
-6278.415756123045
 10
-26328.20603326169
 20
-6278.427645265546
 10
-26328.21228588419
 20
-6278.439660585245
 10
-26328.21736300259
 20
-6278.451729758646
 10
-26328.22123277709
 20
-6278.463775340746
 10
-26328.22387455219
 20
-6278.475724335246
 10
-26328.22527725189
 20
-6278.487513855445
 10
-26328.22543489478
 20
-6278.499082421846
 10
-26328.22434628689
 20
-6278.510370215247
  0
LINE
  5
4E4
330
485
100
AcDbEntity
  8
0
  6
Continuous
 62
     8
100
AcDbLine
 10
-26334.40756353949
 20
-6219.432446359845
 30
0.0
 11
-26334.48229623609
 21
-6216.578519817546
 31
0.0
  0
LINE
  5
4E5
330
485
100
AcDbEntity
  8
0
  6
Continuous
 62
     8
100
AcDbLine
 10
-26332.45165369119
 20
-6239.078511529847
 30
0.0
 11
-26332.4516553576
 21
-6239.228519512245
 31
0.0
  0
LINE
  5
4E6
330
485
100
AcDbEntity
  8
0
  6
Continuous
 62
     8
100
AcDbLine
 10
-26332.45165536919
 20
-6234.728520068347
 30
0.0
 11
-26332.4516538355
 21
-6234.878528057346
 31
0.0
  0
LWPOLYLINE
  5
4E7
330
485
100
AcDbEntity
  8
0
  6
Continuous
 62
     8
100
AcDbPolyline
 90
       14
 70
     0
 43
0.0
 10
-26328.21504717568
 20
-6278.494917453645
 10
-26328.21235889859
 20
-6278.483730869846
 10
-26328.20850021909
 20
-6278.472200548447
 10
-26328.20348314799
 20
-6278.460533690446
 10
-26328.1973386455
 20
-6278.448863510146
 10
-26328.19009780739
 20
-6278.437274213946
 10
-26328.18177452169
 20
-6278.425809588046
 10
-26328.17240647829
 20
-6278.414543094147
 10
-26328.16204901879
 20
-6278.403555682846
 10
-26328.15073502739
 20
-6278.392895357246
 10
-26328.13847082869
 20
-6278.382589794946
 10
-26328.12529049559
 20
-6278.372696321645
 10
-26328.11126668118
 20
-6278.363296522046
 10
-26328.09646542459
 20
-6278.354458602845
  0
LWPOLYLINE
  5
4E8
330
485
100
AcDbEntity
  8
0
  6
Continuous
 62
     8
100
AcDbPolyline
 90
       16
 70
     0
 43
0.0
 10
-26366.6172809127
 20
-6298.204494832023
 10
-26366.6139050655
 20
-6298.210381382723
 10
-26366.60759404549
 20
-6298.215555609924
 10
-26366.59845536059
 20
-6298.219932248123
 10
-26366.5868433559
 20
-6298.223420596023
 10
-26366.57296827289
 20
-6298.226049400523
 10
-26366.55657449619
 20
-6298.227877400323
 10
-26366.53770831389
 20
-6298.228857885224
 10
-26366.51670473979
 20
-6298.228950363224
 10
-26366.49347932159
 20
-6298.228132984723
 10
-26366.46832966489
 20
-6298.226387924724
 10
-26366.44161819918
 20
-6298.223726509522
 10
-26366.41331427759
 20
-6298.220126673124
 10
-26366.38371868229
 20
-6298.215598471522
 10
-26366.35349004639
 20
-6298.210230046223
 10
-26366.32316028129
 20
-6298.204123699925
  0
LINE
  5
4E9
330
485
100
AcDbEntity
  8
0
  6
Continuous
 62
     8
100
AcDbLine
 10
-26328.7822962361
 20
-6229.928519817544
 30
0.0
 11
-26328.7822962361
 21
-6219.578519817546
 31
0.0
  0
LINE
  5
4EA
330
485
100
AcDbEntity
  8
0
  6
Continuous
 62
     8
100
AcDbLine
 10
-26328.48229623609
 20
-6230.978519817545
 30
0.0
 11
-26328.48229623609
 21
-6229.928519817544
 31
0.0
  0
LINE
  5
4EB
330
485
100
AcDbEntity
  8
0
  6
Continuous
 62
     8
100
AcDbLine
 10
-26328.03229623609
 20
-6236.978519817545
 30
0.0
 11
-26328.03229623609
 21
-6356.978519817545
 31
0.0
  0
LINE
  5
4EC
330
485
100
AcDbEntity
  8
0
  6
Continuous
 62
     8
100
AcDbLine
 10
-26327.43229623608
 20
-6229.928519817544
 30
0.0
 11
-26327.43229623608
 21
-6232.476020511146
 31
0.0
  0
LINE
  5
4ED
330
485
100
AcDbEntity
  8
0
  6
Continuous
 62
     8
100
AcDbLine
 10
-26325.0322962361
 20
-6231.728519820645
 30
0.0
 11
-26325.0322962361
 21
-6232.028519818046
 31
0.0
  0
LWPOLYLINE
  5
4EE
330
485
100
AcDbEntity
  8
0
  6
Continuous
 62
     8
100
AcDbPolyline
 90
       13
 70
     0
 43
0.0
 10
-26327.43229623569
 20
-6232.476020514146
 10
-26327.43339330469
 20
-6232.501653261345
 10
-26327.4366984351
 20
-6232.527225397246
 10
-26327.44218889849
 20
-6232.552425570045
 10
-26327.44972020419
 20
-6232.576771623146
 10
-26327.45918854918
 20
-6232.600166359845
 10
-26327.47069988969
 20
-6232.622878782846
 10
-26327.48423620639
 20
-6232.644739870145
 10
-26327.4996206615
 20
-6232.665393364147
 10
-26327.51685333029
 20
-6232.684789174546
 10
-26327.53583208519
 20
-6232.702740245345
 10
-26327.55629802009
 20
-6232.718970358746
 10
-26327.57801052159
 20
-6232.733306186545
  0
LWPOLYLINE
  5
4EF
330
485
100
AcDbEntity
  8
0
  6
Continuous
 62
     8
100
AcDbPolyline
 90
        4
 70
     0
 43
0.0
 10
-26328.08033544939
 20
-6356.979656519346
 10
-26328.07206983459
 20
-6356.805047030646
 10
-26328.05379887588
 20
-6356.631192566146
 10
-26328.03229623609
 20
-6356.499772522846
  0
LWPOLYLINE
  5
4F0
330
485
100
AcDbEntity
  8
0
  6
Continuous
 62
     8
100
AcDbPolyline
 90
        3
 70
     0
 43
0.0
 10
-26328.21718223969
 20
-6278.516869446346
 10
-26328.2166454491
 20
-6278.505858408846
 10
-26328.21504717568
 20
-6278.494917453645
  0
LWPOLYLINE
  5
4F1
330
485
100
AcDbEntity
  8
0
  6
Continuous
 62
     8
100
AcDbPolyline
 90
       30
 70
     0
 43
0.0
 10
-26304.98131728909
 20
-6285.657952524746
 10
-26304.59770390079
 20
-6285.498780422845
 10
-26304.21942048659
 20
-6285.332203859645
 10
-26303.84669486329
 20
-6285.158319088746
 10
-26303.4798155768
 20
-6284.977256393245
 10
-26303.11912874878
 20
-6284.789187247445
 10
-26302.76493407129
 20
-6284.594274890146
 10
-26302.41741109129
 20
-6284.392625009846
 10
-26302.07671838909
 20
-6284.184330304746
 10
-26301.74306067428
 20
-6283.969511364245
 10
-26301.41669727069
 20
-6283.748330255946
 10
-26301.09786505289
 20
-6283.520944439946
 10
-26300.78678197719
 20
-6283.287506635146
 10
-26300.48366207359
 20
-6283.048174418246
 10
-26300.18872648509
 20
-6282.803119885246
 10
-26299.9021447869
 20
-6282.552479796046
 10
-26299.62414743909
 20
-6282.296451202246
 10
-26299.35502735209
 20
-6282.035308942246
 10
-26299.09501812889
 20
-6281.769297386146
 10
-26298.84422473539
 20
-6281.498541975444
 10
-26298.60273611049
 20
-6281.223145314346
 10
-26298.37068966469
 20
-6280.943260962047
 10
-26298.1482725651
 20
-6280.659111162045
 10
-26297.93564622589
 20
-6280.370902324746
 10
-26297.73295431848
 20
-6280.078830337945
 10
-26297.54033470459
 20
-6279.783094856046
 10
-26297.35792744319
 20
-6279.483913326245
 10
-26297.18585796259
 20
-6279.181495963246
 10
-26297.02423862188
 20
-6278.876044872746
 10
-26296.87317802988
 20
-6278.567769544545
  0
LWPOLYLINE
  5
4F2
330
485
100
AcDbEntity
  8
0
  6
Continuous
 62
     8
100
AcDbPolyline
 90
       30
 70
     0
 43
0.0
 10
-26305.04395589779
 20
-6285.375683003546
 10
-26304.66316178049
 20
-6285.217994153246
 10
-26304.2876891889
 20
-6285.052990677845
 10
-26303.91779713879
 20
-6284.880785983146
 10
-26303.55374146619
 20
-6284.701498748546
 10
-26303.19581992589
 20
-6284.515277136645
 10
-26302.84435368969
 20
-6284.322295110445
 10
-26302.4995036728
 20
-6284.122648009046
 10
-26302.16132870159
 20
-6283.916365245844
 10
-26301.82996200669
 20
-6283.703509542846
 10
-26301.50575469649
 20
-6283.484287485046
 10
-26301.18908618819
 20
-6283.258949665445
 10
-26300.88022358908
 20
-6283.027690883446
 10
-26300.5793270829
 20
-6282.790635922346
 10
-26300.28659766258
 20
-6282.547944818246
 10
-26300.00219100689
 20
-6282.299744980046
 10
-26299.72635115479
 20
-6282.046247671246
 10
-26299.45939118688
 20
-6281.787751351647
 10
-26299.2015950982
 20
-6281.524560765246
 10
-26298.95300577379
 20
-6281.256750454846
 10
-26298.71357630278
 20
-6280.984273061346
 10
-26298.48340188599
 20
-6280.707212506346
 10
-26298.26273818039
 20
-6280.425851091946
 10
-26298.05178801509
 20
-6280.140434408746
 10
-26297.8507041232
 20
-6279.851160758446
 10
-26297.6596280824
 20
-6279.558225051147
 10
-26297.47872541758
 20
-6279.261876129647
 10
-26297.30813022589
 20
-6278.962334960046
 10
-26297.14795053659
 20
-6278.659792597346
 10
-26296.99829720749
 20
-6278.354458053446
  0
LINE
  5
4F3
330
485
100
AcDbEntity
  8
0
  6
Continuous
 62
     8
100
AcDbLine
 10
-26305.36999499509
 20
-6285.809612609846
 30
0.0
 11
-26304.98131728909
 21
-6285.657952524746
 31
0.0
  0
LINE
  5
4F4
330
485
100
AcDbEntity
  8
0
  6
Continuous
 62
     8
100
AcDbLine
 10
-26305.76347018859
 20
-6285.953659118646
 30
0.0
 11
-26305.36999499509
 21
-6285.809612609846
 31
0.0
  0
LWPOLYLINE
  5
4F5
330
485
100
AcDbEntity
  8
0
  6
Continuous
 62
     8
100
AcDbPolyline
 90
        6
 70
     0
 43
0.0
 10
-26328.65557339338
 20
-6277.037254431546
 10
-26328.64549101429
 20
-6277.101512776746
 10
-26328.58251087239
 20
-6277.427058167745
 10
-26328.50789798189
 20
-6277.750940831445
 10
-26328.42170040479
 20
-6278.072942527046
 10
-26328.32397914999
 20
-6278.392825169746
  0
LINE
  5
4F6
330
485
100
AcDbEntity
  8
0
  6
Continuous
 62
     8
100
AcDbLine
 10
-26322.63229623609
 20
-6232.476020511146
 30
0.0
 11
-26322.63229623609
 21
-6229.928519817544
 31
0.0
  0
LINE
  5
4F7
330
485
100
AcDbEntity
  8
0
  6
Continuous
 62
     8
100
AcDbLine
 10
-26322.03229623609
 20
-6236.978519817545
 30
0.0
 11
-26322.03229623609
 21
-6356.978519817545
 31
0.0
  0
LINE
  5
4F8
330
485
100
AcDbEntity
  8
0
  6
Continuous
 62
     8
100
AcDbLine
 10
-26321.58229623609
 20
-6229.928519817544
 30
0.0
 11
-26321.58229623609
 21
-6230.978519817545
 31
0.0
  0
LINE
  5
4F9
330
485
100
AcDbEntity
  8
0
  6
Continuous
 62
     8
100
AcDbLine
 10
-26321.2822962361
 20
-6229.928519817544
 30
0.0
 11
-26321.2822962361
 21
-6219.578519817546
 31
0.0
  0
LINE
  5
4FA
330
485
100
AcDbEntity
  8
0
  6
Continuous
 62
     8
100
AcDbLine
 10
-26318.73229623609
 20
-6230.978519817545
 30
0.0
 11
-26318.73229623609
 21
-6242.978519817545
 31
0.0
  0
LINE
  5
4FB
330
485
100
AcDbEntity
  8
0
  6
Continuous
 62
     8
100
AcDbLine
 10
-26318.40289623608
 20
-6242.978519816045
 30
0.0
 11
-26318.40289623608
 21
-6230.978519816045
 31
0.0
  0
LINE
  5
4FC
330
485
100
AcDbEntity
  8
0
  6
Continuous
 62
     8
100
AcDbLine
 10
-26315.58229623609
 20
-6216.578519817546
 30
0.0
 11
-26315.65702893269
 21
-6219.432446359845
 31
0.0
  0
LINE
  5
4FD
330
485
100
AcDbEntity
  8
0
  6
Continuous
 62
     8
100
AcDbLine
 10
-26315.11540369289
 20
-6248.180454403046
 30
0.0
 11
-26315.17512946048
 21
-6248.908688477746
 31
0.0
  0
LINE
  5
4FE
330
485
100
AcDbEntity
  8
0
  6
Continuous
 62
     8
100
AcDbLine
 10
-26314.75591608729
 20
-6243.737189314646
 30
0.0
 11
-26315.11540369289
 21
-6248.180454403046
 31
0.0
  0
LINE
  5
4FF
330
485
100
AcDbEntity
  8
0
  6
Continuous
 62
     8
100
AcDbLine
 10
-26315.17512946048
 20
-6248.908688477746
 30
0.0
 11
-26315.21486278829
 21
-6249.379206089545
 31
0.0
  0
LINE
  5
500
330
485
100
AcDbEntity
  8
0
  6
Continuous
 62
     8
100
AcDbLine
 10
-26314.68484450669
 20
-6242.910623077345
 30
0.0
 11
-26314.75591608729
 21
-6243.737189314646
 31
0.0
  0
LINE
  5
501
330
485
100
AcDbEntity
  8
0
  6
Continuous
 62
     8
100
AcDbLine
 10
-26315.21486278829
 20
-6249.379206089545
 30
0.0
 11
-26315.25511880159
 21
-6249.839454627746
 31
0.0
  0
LINE
  5
502
330
485
100
AcDbEntity
  8
0
  6
Continuous
 62
     8
100
AcDbLine
 10
-26314.63472111619
 20
-6242.349760586745
 30
0.0
 11
-26314.68484450669
 21
-6242.910623077345
 31
0.0
  0
LINE
  5
503
330
485
100
AcDbEntity
  8
0
  6
Continuous
 62
     8
100
AcDbLine
 10
-26315.25511880159
 20
-6249.839454627746
 30
0.0
 11
-26315.29655618209
 21
-6250.292778005145
 31
0.0
  0
LINE
  5
504
330
485
100
AcDbEntity
  8
0
  6
Continuous
 62
     8
100
AcDbLine
 10
-26314.58305380759
 20
-6241.791595142346
 30
0.0
 11
-26314.63472111619
 21
-6242.349760586745
 31
0.0
  0
LINE
  5
505
330
485
100
AcDbEntity
  8
0
  6
Continuous
 62
     8
100
AcDbLine
 10
-26314.52995129528
 20
-6241.240027737745
 30
0.0
 11
-26314.58305380759
 21
-6241.791595142346
 31
0.0
  0
LWPOLYLINE
  5
506
330
485
100
AcDbEntity
  8
0
  6
Continuous
 62
     8
100
AcDbPolyline
 90
       54
 70
     0
 43
0.0
 10
-26315.29655618209
 20
-6250.292778005145
 10
-26315.33976882879
 20
-6250.740243028946
 10
-26315.36275328289
 20
-6250.966618560346
 10
-26315.3870173718
 20
-6251.197006149146
 10
-26315.41256697059
 20
-6251.430299358145
 10
-26315.43931546709
 20
-6251.664651625245
 10
-26315.46745241689
 20
-6251.900532451545
 10
-26315.49704318929
 20
-6252.138396397345
 10
-26315.52775702028
 20
-6252.376181329446
 10
-26315.55887449499
 20
-6252.608496107845
 10
-26315.59025775678
 20
-6252.835062620546
 10
-26315.62273720668
 20
-6253.062666784646
 10
-26315.65672849458
 20
-6253.294505998445
 10
-26315.69208681439
 20
-6253.529898267245
 10
-26315.72889672749
 20
-6253.769389571246
 10
-26315.76700376089
 20
-6254.011096428846
 10
-26315.80634188369
 20
-6254.253582522345
 10
-26315.84714134798
 20
-6254.497295540046
 10
-26315.88951743348
 20
-6254.741962185946
 10
-26315.93327155099
 20
-6254.985792632545
 10
-26315.97806275769
 20
-6255.226392022246
 10
-26316.02353951789
 20
-6255.461355505246
 10
-26316.06960666729
 20
-6255.690004879346
 10
-26316.11641563829
 20
-6255.912802360346
 10
-26316.16443142539
 20
-6256.131189078246
 10
-26316.21429355709
 20
-6256.347293082846
 10
-26316.26650581738
 20
-6256.562444667846
 10
-26316.32129831069
 20
-6256.776678792445
 10
-26316.37895453899
 20
-6256.990359363946
 10
-26316.44004188198
 20
-6257.204864514545
 10
-26316.50539597358
 20
-6257.422259095446
 10
-26316.57503158409
 20
-6257.641621260746
 10
-26316.64827647368
 20
-6257.859895675046
 10
-26316.72548426558
 20
-6258.077486692846
 10
-26316.80715972199
 20
-6258.295210389946
 10
-26316.89261640699
 20
-6258.510648355746
 10
-26316.98193153139
 20
-6258.723540176145
 10
-26317.07570342109
 20
-6258.934935812346
 10
-26317.17380179818
 20
-6259.144222511146
 10
-26317.2762198127
 20
-6259.351020093646
 10
-26317.38326864099
 20
-6259.555593254045
 10
-26317.49515723539
 20
-6259.758002443745
 10
-26317.61219255899
 20
-6259.958561111546
 10
-26317.73387179589
 20
-6260.156397542046
 10
-26317.85892091599
 20
-6260.349704797746
 10
-26317.98631371
 20
-6260.537310344446
 10
-26318.11584803749
 20
-6260.718964372745
 10
-26318.24789322788
 20
-6260.895253256844
 10
-26318.38307207758
 20
-6261.067441610846
 10
-26318.52229207289
 20
-6261.237154966046
 10
-26318.66625638349
 20
-6261.405724727846
 10
-26318.81444526929
 20
-6261.572954631746
 10
-26318.96583252689
 20
-6261.738064944045
 10
-26319.10179312359
 20
-6261.881966506345
  0
LINE
  5
507
330
485
100
AcDbEntity
  8
0
  6
Continuous
 62
     8
100
AcDbLine
 10
-26314.47604262649
 20
-6240.704561532745
 30
0.0
 11
-26314.52995129528
 21
-6241.240027737745
 31
0.0
  0
LWPOLYLINE
  5
508
330
485
100
AcDbEntity
  8
0
  6
Continuous
 62
     8
100
AcDbPolyline
 90
        9
 70
     0
 43
0.0
 10
-26314.21247949449
 20
-6238.457346918545
 10
-26314.23056809769
 20
-6238.591272996446
 10
-26314.26462914429
 20
-6238.853384672146
 10
-26314.29769227149
 20
-6239.117174436546
 10
-26314.32972157349
 20
-6239.381580830945
 10
-26314.36073054758
 20
-6239.646037824946
 10
-26314.39078145619
 20
-6239.910427778246
 10
-26314.41993785639
 20
-6240.174647002346
 10
-26314.47604262649
 20
-6240.704561532745
  0
LWPOLYLINE
  5
509
330
485
100
AcDbEntity
  8
0
  6
Continuous
 62
     8
100
AcDbPolyline
 90
        6
 70
     0
 43
0.0
 10
-26310.05626853159
 20
-6234.565076651247
 10
-26310.05575565189
 20
-6234.561448386745
 10
-26310.05522312969
 20
-6234.558536323945
 10
-26310.05467484469
 20
-6234.556395076946
 10
-26310.05411335659
 20
-6234.555064985446
 10
-26310.05351247498
 20
-6234.554582853245
  0
LWPOLYLINE
  5
50A
330
485
100
AcDbEntity
  8
0
  6
Continuous
 62
     8
100
AcDbPolyline
 90
       10
 70
     0
 43
0.0
 10
-26306.25216938349
 20
-6235.866900122446
 10
-26306.25723957328
 20
-6235.889742364045
 10
-26306.26494850749
 20
-6235.911587044645
 10
-26306.27535573788
 20
-6235.932160782846
 10
-26306.28847039649
 20
-6235.951121502645
 10
-26306.30430024208
 20
-6235.968222465145
 10
-26306.32287464789
 20
-6235.983298915846
 10
-26306.34411174459
 20
-6235.995978159746
 10
-26306.36791463019
 20
-6236.005955754745
 10
-26306.39360292929
 20
-6236.012970785746
  0
LINE
  5
50B
330
485
100
AcDbEntity
  8
0
  6
Continuous
 62
     8
100
AcDbLine
 10
-26307.52690550008
 20
-6236.039944252346
 30
0.0
 11
-26307.50840243079
 21
-6235.967042093846
 31
0.0
  0
LWPOLYLINE
  5
50C
330
485
100
AcDbEntity
  8
0
  6
Continuous
 62
     8
100
AcDbPolyline
 90
        3
 70
     0
 43
0.0
 10
-26307.50840243079
 20
-6235.967042093846
 10
-26307.4887977644
 20
-6235.891643481646
 10
-26307.48377060968
 20
-6235.872805481147
  0
LWPOLYLINE
  5
50D
330
485
100
AcDbEntity
  8
0
  6
Continuous
 62
     8
100
AcDbPolyline
 90
        3
 70
     0
 43
0.0
 10
-26328.20167984679
 20
-6278.569954774947
 10
-26328.20722764129
 20
-6278.560184855046
 10
-26328.2107816037
 20
-6278.552048152246
  0
LWPOLYLINE
  5
50E
330
485
100
AcDbEntity
  8
0
  6
Continuous
 62
     8
100
AcDbPolyline
 90
        3
 70
     0
 43
0.0
 10
-26328.21078184968
 20
-6278.552048244747
 10
-26328.08706613078
 20
-6278.860122371045
 10
-26328.03229623609
 20
-6278.984439018146
  0
LINE
  5
50F
330
485
100
AcDbEntity
  8
0
  6
Continuous
 62
     8
100
AcDbLine
 10
-26328.09646466388
 20
-6278.354458053446
 30
0.0
 11
-26328.03229623609
 21
-6278.514194632745
 31
0.0
  0
LINE
  5
510
330
485
100
AcDbEntity
  8
0
  6
Continuous
 62
     8
100
AcDbLine
 10
-26328.09646542459
 20
-6278.354458602845
 30
0.0
 11
-26328.10474198749
 21
-6278.332740315146
 31
0.0
  0
LINE
  5
511
330
485
100
AcDbEntity
  8
0
  6
Continuous
 62
     8
100
AcDbLine
 10
-26328.21082193329
 20
-6278.551942484746
 30
0.0
 11
-26328.21915910569
 21
-6278.530059221446
 31
0.0
  0
LWPOLYLINE
  5
512
330
485
100
AcDbEntity
  8
0
  6
Continuous
 62
     8
100
AcDbPolyline
 90
        5
 70
     0
 43
0.0
 10
-26328.21082193329
 20
-6278.551942484746
 10
-26328.21156429509
 20
-6278.549925794146
 10
-26328.21468706719
 20
-6278.539181076345
 10
-26328.21656038689
 20
-6278.528068900945
 10
-26328.21718223969
 20
-6278.516869446346
  0
LWPOLYLINE
  5
513
330
485
100
AcDbEntity
  8
0
  6
Continuous
 62
     8
100
AcDbPolyline
 90
        3
 70
     0
 43
0.0
 10
-26328.26191578509
 20
-6278.574136976246
 10
-26328.14960521648
 20
-6278.882362352446
 10
-26328.03229623609
 20
-6279.173545363346
  0
LWPOLYLINE
  5
514
330
485
100
AcDbEntity
  8
0
  6
Continuous
 62
     8
100
AcDbPolyline
 90
        4
 70
     0
 43
0.0
 10
-26328.32397914999
 20
-6278.392825169746
 10
-26328.21480068129
 20
-6278.710362556146
 10
-26328.09422865089
 20
-6279.025355984446
 10
-26328.03229623609
 20
-6279.171973132646
  0
LWPOLYLINE
  5
515
330
485
100
AcDbEntity
  8
0
  6
Continuous
 62
     8
100
AcDbPolyline
 90
        6
 70
     0
 43
0.0
 10
-26328.26191578509
 20
-6278.574136976246
 10
-26328.36347973839
 20
-6278.263038054346
 10
-26328.45402862819
 20
-6277.949805425347
 10
-26328.533503115
 20
-6277.634654964145
 10
-26328.6018586032
 20
-6277.317767809345
 10
-26328.63746743439
 20
-6277.119512716745
  0
LWPOLYLINE
  5
516
330
485
100
AcDbEntity
  8
0
  6
Continuous
 62
     8
100
AcDbPolyline
 90
        3
 70
     0
 43
0.0
 10
-26328.22434628689
 20
-6278.510370215247
 10
-26328.22201777039
 20
-6278.521307537246
 10
-26328.21927124179
 20
-6278.529763412845
  0
LWPOLYLINE
  5
517
330
485
100
AcDbEntity
  8
0
  6
Continuous
 62
     8
100
AcDbPolyline
 90
       10
 70
     0
 43
0.0
 10
-26318.58723001749
 20
-6237.293842395246
 10
-26318.58221334029
 20
-6237.349131466245
 10
-26318.5771940692
 20
-6237.400292428046
 10
-26318.57217445158
 20
-6237.446810644446
 10
-26318.56716247678
 20
-6237.488238279345
 10
-26318.56216038769
 20
-6237.524134666946
 10
-26318.55716594129
 20
-6237.554071485446
 10
-26318.55218039829
 20
-6237.577700147546
 10
-26318.54720417909
 20
-6237.594760185945
 10
-26318.54342064988
 20
-6237.603231951545
  0
LWPOLYLINE
  5
518
330
485
100
AcDbEntity
  8
0
  6
Continuous
 62
     8
100
AcDbPolyline
 90
       10
 70
     0
 43
0.0
 10
-26318.607270391
 20
-6236.663208597846
 10
-26318.61225870829
 20
-6236.607920674845
 10
-26318.61725185518
 20
-6236.556761783345
 10
-26318.62224768069
 20
-6236.510245262945
 10
-26318.62724549368
 20
-6236.468817013245
 10
-26318.63224311479
 20
-6236.432917429146
 10
-26318.63724272319
 20
-6236.402976616846
 10
-26318.64225016589
 20
-6236.379344535146
 10
-26318.64726739169
 20
-6236.362281973845
 10
-26318.65102422759
 20
-6236.353926775546
  0
LINE
  5
519
330
485
100
AcDbEntity
  8
0
  6
Continuous
 62
     8
100
AcDbLine
 10
-26318.59726108549
 20
-6237.173434897947
 30
0.0
 11
-26318.58723001749
 21
-6237.293842395246
 31
0.0
  0
LINE
  5
51A
330
485
100
AcDbEntity
  8
0
  6
Continuous
 62
     8
100
AcDbLine
 10
-26318.6372747704
 20
-6236.663542051346
 30
0.0
 11
-26318.62728327249
 21
-6236.783877517745
 31
0.0
  0
LINE
  5
51B
330
485
100
AcDbEntity
  8
0
  6
Continuous
 62
     8
100
AcDbLine
 10
-26318.59729603079
 20
-6236.783613480146
 30
0.0
 11
-26318.607270391
 21
-6236.663208597846
 31
0.0
  0
LINE
  5
51C
330
485
100
AcDbEntity
  8
0
  6
Continuous
 62
     8
100
AcDbLine
 10
-26318.55734450149
 20
-6237.293499671146
 30
0.0
 11
-26318.56732492739
 21
-6237.173163615546
 31
0.0
  0
LINE
  5
51D
330
485
100
AcDbEntity
  8
0
  6
Continuous
 62
     8
100
AcDbLine
 10
-26318.62728327249
 20
-6236.783877517745
 30
0.0
 11
-26318.61229449079
 21
-6236.978519817545
 31
0.0
  0
LINE
  5
51E
330
485
100
AcDbEntity
  8
0
  6
Continuous
 62
     8
100
AcDbLine
 10
-26318.61229449079
 20
-6236.978519817545
 30
0.0
 11
-26318.59726108549
 21
-6237.173434897947
 31
0.0
  0
LINE
  5
51F
330
485
100
AcDbEntity
  8
0
  6
Continuous
 62
     8
100
AcDbLine
 10
-26318.56732492739
 20
-6237.173163615546
 30
0.0
 11
-26318.59729603079
 21
-6236.783613480146
 31
0.0
  0
LINE
  5
520
330
485
100
AcDbEntity
  8
0
  6
Continuous
 62
     8
100
AcDbLine
 10
-26312.22493454419
 20
-6264.799360689446
 30
0.0
 11
-26312.16596055419
 21
-6263.403368964945
 31
0.0
  0
LINE
  5
521
330
485
100
AcDbEntity
  8
0
  6
Continuous
 62
     8
100
AcDbLine
 10
-26312.16596055419
 20
-6263.403368964945
 30
0.0
 11
-26312.10956407378
 21
-6262.103892757846
 31
0.0
  0
LINE
  5
522
330
485
100
AcDbEntity
  8
0
  6
Continuous
 62
     8
100
AcDbLine
 10
-26312.10956407378
 20
-6262.103892757846
 30
0.0
 11
-26312.05513004348
 21
-6260.889493396746
 31
0.0
  0
LINE
  5
523
330
485
100
AcDbEntity
  8
0
  6
Continuous
 62
     8
100
AcDbLine
 10
-26312.05513004348
 20
-6260.889493396746
 30
0.0
 11
-26312.0024639289
 21
-6259.756140269146
 31
0.0
  0
LWPOLYLINE
  5
524
330
485
100
AcDbEntity
  8
0
  6
Continuous
 62
     8
100
AcDbPolyline
 90
       30
 70
     0
 43
0.0
 10
-26312.0024639289
 20
-6259.756140269146
 10
-26311.93813138959
 20
-6258.428966456745
 10
-26311.8982991865
 20
-6257.637584852545
 10
-26311.85511830589
 20
-6256.803686866045
 10
-26311.8091373288
 20
-6255.940263356146
 10
-26311.76106772989
 20
-6255.061571212745
 10
-26311.71329595259
 20
-6254.210843525346
 10
-26311.66868679759
 20
-6253.435662486745
 10
-26311.62616250828
 20
-6252.713240566045
 10
-26311.58204179249
 20
-6251.980093635145
 10
-26311.5347991807
 20
-6251.212961302247
 10
-26311.48640188229
 20
-6250.445640400645
 10
-26311.43787142839
 20
-6249.694510230947
 10
-26311.38931685569
 20
-6248.960852201847
 10
-26311.34018404799
 20
-6248.236177793246
 10
-26311.28979320898
 20
-6247.511048200444
 10
-26311.2376058889
 20
-6246.778983510046
 10
-26311.1841285854
 20
-6246.048400294746
 10
-26311.13024972569
 20
-6245.332007286647
 10
-26311.07607829478
 20
-6244.631301181645
 10
-26311.02160234799
 20
-6243.946154858146
 10
-26310.96763167259
 20
-6243.286372115546
 10
-26310.91510011479
 20
-6242.662117484246
 10
-26310.86326786268
 20
-6242.063333143746
 10
-26310.81039767489
 20
-6241.469937201545
 10
-26310.75594005619
 20
-6240.876877979046
 10
-26310.69985214759
 20
-6240.285175438745
 10
-26310.64154491798
 20
-6239.690294591146
 10
-26310.58178732249
 20
-6239.101093754946
 10
-26310.52096066579
 20
-6238.521229489846
  0
LINE
  5
525
330
485
100
AcDbEntity
  8
0
  6
Continuous
 62
     8
100
AcDbLine
 10
-26306.76972375389
 20
-6248.116052869746
 30
0.0
 11
-26306.70547730599
 21
-6247.357019781745
 31
0.0
  0
LINE
  5
526
330
485
100
AcDbEntity
  8
0
  6
Continuous
 62
     8
100
AcDbLine
 10
-26306.70547730599
 20
-6247.357019781745
 30
0.0
 11
-26306.62670978409
 21
-6246.446427743246
 31
0.0
  0
LWPOLYLINE
  5
527
330
485
100
AcDbEntity
  8
0
  6
Continuous
 62
     8
100
AcDbPolyline
 90
        3
 70
     0
 43
0.0
 10
-26306.71623737389
 20
-6247.482355140745
 10
-26306.66899618119
 20
-6246.951672209545
 10
-26306.61719623878
 20
-6246.394463321646
  0
LINE
  5
528
330
485
100
AcDbEntity
  8
0
  6
Continuous
 62
     8
100
AcDbLine
 10
-26306.62670978409
 20
-6246.446427743246
 30
0.0
 11
-26306.57093753209
 21
-6245.815323437145
 31
0.0
  0
LINE
  5
529
330
485
100
AcDbEntity
  8
0
  6
Continuous
 62
     8
100
AcDbLine
 10
-26306.63219430358
 20
-6246.471007175345
 30
0.0
 11
-26306.76820414409
 21
-6248.038376122446
 31
0.0
  0
LINE
  5
52A
330
485
100
AcDbEntity
  8
0
  6
Continuous
 62
     8
100
AcDbLine
 10
-26306.54487018159
 20
-6245.517729372447
 30
0.0
 11
-26306.63219430358
 21
-6246.471007175345
 31
0.0
  0
LINE
  5
52B
330
485
100
AcDbEntity
  8
0
  6
Continuous
 62
     8
100
AcDbLine
 10
-26306.51092379069
 20
-6245.154353982044
 30
0.0
 11
-26306.57093753209
 21
-6245.815323437145
 31
0.0
  0
LINE
  5
52C
330
485
100
AcDbEntity
  8
0
  6
Continuous
 62
     8
100
AcDbLine
 10
-26306.61719623878
 20
-6246.394463321646
 30
0.0
 11
-26306.51560502018
 21
-6245.333331417545
 31
0.0
  0
LINE
  5
52D
330
485
100
AcDbEntity
  8
0
  6
Continuous
 62
     8
100
AcDbLine
 10
-26306.51560502018
 20
-6245.333331417545
 30
0.0
 11
-26306.37383629879
 21
-6243.869846233846
 31
0.0
  0
LWPOLYLINE
  5
52E
330
485
100
AcDbEntity
  8
0
  6
Continuous
 62
     8
100
AcDbPolyline
 90
        7
 70
     0
 43
0.0
 10
-26306.24913537739
 20
-6235.842572344446
 10
-26306.24833207019
 20
-6235.834354336146
 10
-26306.24763504978
 20
-6235.826082375846
 10
-26306.24704480699
 20
-6235.817760081646
 10
-26306.24656294249
 20
-6235.809388559246
 10
-26306.2461915711
 20
-6235.800966355945
 10
-26306.24593238719
 20
-6235.792493246345
  0
LINE
  5
52F
330
485
100
AcDbEntity
  8
0
  6
Continuous
 62
     8
100
AcDbLine
 10
-26306.37383629879
 20
-6243.869846233846
 30
0.0
 11
-26306.2810887459
 21
-6242.932088531645
 31
0.0
  0
LWPOLYLINE
  5
530
330
485
100
AcDbEntity
  8
0
  6
Continuous
 62
     8
100
AcDbPolyline
 90
       10
 70
     0
 43
0.0
 10
-26306.2810887459
 20
-6242.932088531645
 10
-26306.1935164293
 20
-6242.073362842146
 10
-26306.15192682368
 20
-6241.677298539946
 10
-26306.11109488209
 20
-6241.297378381146
 10
-26306.07088106089
 20
-6240.933059679245
 10
-26306.03092717069
 20
-6240.582024391145
 10
-26305.99095527329
 20
-6240.243210485246
 10
-26305.95104789899
 20
-6239.918917272746
 10
-26305.9113886348
 20
-6239.612416967645
 10
-26305.87197475619
 20
-6239.325661655146
  0
LINE
  5
531
330
485
100
AcDbEntity
  8
0
  6
Continuous
 62
     8
100
AcDbLine
 10
-26310.52096066579
 20
-6238.521229489846
 30
0.0
 11
-26310.43882260009
 21
-6237.768630119246
 31
0.0
  0
LWPOLYLINE
  5
532
330
485
100
AcDbEntity
  8
0
  6
Continuous
 62
     8
100
AcDbPolyline
 90
        7
 70
     0
 43
0.0
 10
-26310.43882260009
 20
-6237.768630119246
 10
-26310.39729147259
 20
-6237.396687829946
 10
-26310.3357122134
 20
-6236.860111855546
 10
-26310.27224092499
 20
-6236.320651812346
 10
-26310.20542672379
 20
-6235.765704102345
 10
-26310.13410183909
 20
-6235.185719523347
 10
-26310.05626853639
 20
-6234.565076651346
  0
LWPOLYLINE
  5
533
330
485
100
AcDbEntity
  8
0
  6
Continuous
 62
     8
100
AcDbPolyline
 90
       10
 70
     0
 43
0.0
 10
-26306.25019175819
 20
-6235.851979354446
 10
-26306.22343365839
 20
-6235.613465327846
 10
-26306.20003819069
 20
-6235.370311028646
 10
-26306.18063748568
 20
-6235.127789129746
 10
-26306.16523069699
 20
-6234.885909362144
 10
-26306.15381668499
 20
-6234.644679386747
 10
-26306.14639419028
 20
-6234.404104892846
 10
-26306.14296202299
 20
-6234.164193720146
 10
-26306.14351888719
 20
-6233.924955761746
 10
-26306.14801726529
 20
-6233.688080682245
  0
LWPOLYLINE
  5
534
330
485
100
AcDbEntity
  8
0
  6
Continuous
 62
     8
100
AcDbPolyline
 90
       10
 70
     0
 43
0.0
 10
-26306.24593244609
 20
-6235.792383521746
 10
-26306.23515957059
 20
-6235.699918780746
 10
-26306.22524509339
 20
-6235.609424641246
 10
-26306.21613695639
 20
-6235.521177359246
 10
-26306.20778863879
 20
-6235.435697717047
 10
-26306.20014931099
 20
-6235.352775079347
 10
-26306.19316502379
 20
-6235.271649602346
 10
-26306.1867919466
 20
-6235.192371678546
 10
-26306.18099281329
 20
-6235.115168969247
 10
-26306.17572817859
 20
-6235.039683948545
  0
LINE
  5
535
330
485
100
AcDbEntity
  8
0
  6
Continuous
 62
     8
100
AcDbLine
 10
-26306.2501921298
 20
-6235.851978393345
 30
0.0
 11
-26306.25004406769
 21
-6235.850735302946
 31
0.0
  0
LWPOLYLINE
  5
536
330
485
100
AcDbEntity
  8
0
  6
Continuous
 62
     8
100
AcDbPolyline
 90
       12
 70
     0
 43
0.0
 10
-26305.84753523948
 20
-6238.897242985046
 10
-26305.90304859338
 20
-6239.356516058746
 10
-26305.95938221329
 20
-6239.835411964047
 10
-26306.01581150649
 20
-6240.327643489446
 10
-26306.07234586449
 20
-6240.833031081046
 10
-26306.12948223419
 20
-6241.355879538545
 10
-26306.18804420289
 20
-6241.904123303245
 10
-26306.24944412118
 20
-6242.492379634146
 10
-26306.31253795268
 20
-6243.111015427646
 10
-26306.37467486639
 20
-6243.734606506346
 10
-26306.43446927559
 20
-6244.348729302845
 10
-26306.5238624158
 20
-6245.295957156045
  0
LINE
  5
537
330
485
100
AcDbEntity
  8
0
  6
Continuous
 62
     8
100
AcDbLine
 10
-26305.79360480508
 20
-6238.463693842446
 30
0.0
 11
-26305.84753523948
 21
-6238.897242985046
 31
0.0
  0
LINE
  5
538
330
485
100
AcDbEntity
  8
0
  6
Continuous
 62
     8
100
AcDbLine
 10
-26306.25217031809
 20
-6235.866900302746
 30
0.0
 11
-26306.2501921298
 21
-6235.851978393345
 31
0.0
  0
LWPOLYLINE
  5
539
330
485
100
AcDbEntity
  8
0
  6
Continuous
 62
     8
100
AcDbPolyline
 90
        5
 70
     0
 43
0.0
 10
-26305.83522495419
 20
-6239.076068445346
 10
-26305.81981569059
 20
-6238.963571013346
 10
-26305.806090935
 20
-6238.830262149946
 10
-26305.7972199782
 20
-6238.696594390846
 10
-26305.79321802418
 20
-6238.562747897446
  0
LINE
  5
53A
330
485
100
AcDbEntity
  8
0
  6
Continuous
 62
     8
100
AcDbLine
 10
-26305.83522495419
 20
-6239.076068445346
 30
0.0
 11
-26305.83530630609
 21
-6239.076601012945
 31
0.0
  0
LWPOLYLINE
  5
53B
330
485
100
AcDbEntity
  8
0
  6
Continuous
 62
     8
100
AcDbPolyline
 90
       39
 70
     0
 43
0.0
 10
-26310.74518476649
 20
-6287.146141537846
 10
-26310.31645238119
 20
-6287.099246159046
 10
-26309.88915204029
 20
-6287.043885275945
 10
-26309.463280752
 20
-6286.980076607446
 10
-26309.03973140879
 20
-6286.907953890446
 10
-26308.61850887439
 20
-6286.827499681545
 10
-26308.19960828519
 20
-6286.738731424146
 10
-26307.78390794229
 20
-6286.641835184746
 10
-26307.37141456789
 20
-6286.536793885545
 10
-26306.96212143979
 20
-6286.423624604346
 10
-26306.55688669379
 20
-6286.302564641546
 10
-26306.15571885499
 20
-6286.173597435145
 10
-26305.75860939819
 20
-6286.036739547046
 10
-26305.3663908835
 20
-6285.892277964347
 10
-26304.97907357559
 20
-6285.740196741146
 10
-26304.59664720979
 20
-6285.580511823345
 10
-26304.21991355268
 20
-6285.413558034546
 10
-26303.8488845474
 20
-6285.239320131046
 10
-26303.48354825079
 20
-6285.057813356746
 10
-26303.12467060019
 20
-6284.869418265945
 10
-26302.77226514258
 20
-6284.674120412446
 10
-26302.42631833099
 20
-6284.471934242546
 10
-26302.08755546249
 20
-6284.263283649647
 10
-26301.75599160279
 20
-6284.048155075246
 10
-26301.4316116862
 20
-6283.826562077946
 10
-26301.11509581259
 20
-6283.598969227046
 10
-26300.80646047259
 20
-6283.365363936546
 10
-26300.50568917559
 20
-6283.125758792545
 10
-26300.21341255059
 20
-6282.880656122546
 10
-26299.92964840999
 20
-6282.630044391746
 10
-26299.65437894149
 20
-6282.373935134946
 10
-26299.38818133719
 20
-6282.112865284346
 10
-26299.13107464108
 20
-6281.846824421145
 10
-26298.8830398092
 20
-6281.575822964046
 10
-26298.64459690249
 20
-6281.300429101146
 10
-26298.41576607329
 20
-6281.020633606846
 10
-26298.19652716928
 20
-6280.736445706845
 10
-26297.98733979439
 20
-6280.448461265846
 10
-26297.86184598809
 20
-6280.264558749646
  0
LWPOLYLINE
  5
53C
330
485
100
AcDbEntity
  8
0
  6
Continuous
 62
     8
100
AcDbPolyline
 90
       36
 70
     0
 43
0.0
 10
-26319.53975455899
 20
-6285.803056509246
 10
-26319.15153610809
 20
-6285.930525842744
 10
-26318.75872338319
 20
-6286.050165554246
 10
-26318.36154665449
 20
-6286.161909499946
 10
-26317.96017650999
 20
-6286.265708593246
 10
-26317.55486420848
 20
-6286.361492472546
 10
-26317.14591097649
 20
-6286.449184619346
 10
-26316.73356257659
 20
-6286.528726698145
 10
-26316.31803638888
 20
-6286.600068001746
 10
-26315.89968184058
 20
-6286.663139823846
 10
-26315.47894863849
 20
-6286.717872760946
 10
-26315.05618095838
 20
-6286.764227027346
 10
-26314.63162019529
 20
-6286.802181117345
 10
-26314.20556681109
 20
-6286.831711717845
 10
-26313.77831855829
 20
-6286.852801995444
 10
-26313.3501683772
 20
-6286.865441282146
 10
-26312.9214104956
 20
-6286.869624540946
 10
-26312.4923525045
 20
-6286.865352694446
 10
-26312.06327931459
 20
-6286.852632499346
 10
-26311.63445114988
 20
-6286.831474195446
 10
-26311.20616672989
 20
-6286.801894076146
 10
-26310.77871845619
 20
-6286.763913892746
 10
-26310.35235670589
 20
-6286.717556041846
 10
-26309.92732294129
 20
-6286.662844014846
 10
-26309.50396384788
 20
-6286.599819666446
 10
-26309.08268512249
 20
-6286.528545668046
 10
-26308.66383237459
 20
-6286.449087996946
 10
-26308.24763565619
 20
-6286.361497838746
 10
-26307.83432400679
 20
-6286.265827453946
 10
-26307.42419815169
 20
-6286.162149295746
 10
-26307.01752264209
 20
-6286.050533106446
 10
-26306.61447266219
 20
-6285.931025855746
 10
-26306.21528965519
 20
-6285.803693233846
 10
-26305.82028976939
 20
-6285.668630127346
 10
-26305.4297589444
 20
-6285.525930006146
 10
-26305.04395589779
 20
-6285.375683003546
  0
LINE
  5
53D
330
485
100
AcDbEntity
  8
0
  6
Continuous
 62
     8
100
AcDbLine
 10
-26319.92306643569
 20
-6285.667856057346
 30
0.0
 11
-26319.53975455899
 21
-6285.803056509246
 31
0.0
  0
LWPOLYLINE
  5
53E
330
485
100
AcDbEntity
  8
0
  6
Continuous
 62
     8
100
AcDbPolyline
 90
       35
 70
     0
 43
0.0
 10
-26319.96803498179
 20
-6285.949328752046
 10
-26319.58172034519
 20
-6286.086033198046
 10
-26319.19048003999
 20
-6286.214915533546
 10
-26318.79460801759
 20
-6286.335883613946
 10
-26318.39435159829
 20
-6286.448866306246
 10
-26317.98991761718
 20
-6286.553806249246
 10
-26317.58153373589
 20
-6286.650641319345
 10
-26317.16952515659
 20
-6286.739291200845
 10
-26316.75424919969
 20
-6286.819679686046
 10
-26316.3360165561
 20
-6286.891750389546
 10
-26315.91508853698
 20
-6286.955461836146
 10
-26315.49175337829
 20
-6287.010772940746
 10
-26315.06630141079
 20
-6287.057648129247
 10
-26314.63902365249
 20
-6287.096057515946
 10
-26314.21021155379
 20
-6287.125976860145
 10
-26313.78016388159
 20
-6287.147387228745
 10
-26313.34916957349
 20
-6287.160275978545
 10
-26312.91750651209
 20
-6287.164635712845
 10
-26312.4854597043
 20
-6287.160463499146
 10
-26312.05333472549
 20
-6287.147762071545
 10
-26311.62144066109
 20
-6287.126540838446
 10
-26311.19007812289
 20
-6287.096815290746
 10
-26310.75953673029
 20
-6287.058605945046
 10
-26310.33010851898
 20
-6287.011938888145
 10
-26309.90208704229
 20
-6286.956845956046
 10
-26309.47576501999
 20
-6286.893364596546
 10
-26309.05143179139
 20
-6286.821537432246
 10
-26308.62936128169
 20
-6286.741409629446
 10
-26308.20985869749
 20
-6286.653037753346
 10
-26307.79325702889
 20
-6286.556492365545
 10
-26307.37987085139
 20
-6286.451849065046
 10
-26306.96995087669
 20
-6286.339173860746
 10
-26306.56373101849
 20
-6286.218530927346
 10
-26306.16147366109
 20
-6286.089995832146
 10
-26305.76347018859
 20
-6285.953659118646
  0
LINE
  5
53F
330
485
100
AcDbEntity
  8
0
  6
Continuous
 62
     8
100
AcDbLine
 10
-26320.34915017848
 20
-6285.804895337646
 30
0.0
 11
-26319.96803498179
 21
-6285.949328752046
 31
0.0
  0
LWPOLYLINE
  5
540
330
485
100
AcDbEntity
  8
0
  6
Continuous
 62
     8
100
AcDbPolyline
 90
       24
 70
     0
 43
0.0
 10
-26320.31409670359
 20
-6285.892371810646
 10
-26319.9346432051
 20
-6286.036828548546
 10
-26319.54962686728
 20
-6286.173681526245
 10
-26319.15985489149
 20
-6286.302643767145
 10
-26318.76531728888
 20
-6286.423698709246
 10
-26318.36602404829
 20
-6286.536862914545
 10
-26317.96281233679
 20
-6286.641899093146
 10
-26317.55567392309
 20
-6286.738790166946
 10
-26317.14461703849
 20
-6286.827553214146
 10
-26316.73050354308
 20
-6286.908002178746
 10
-26316.31332703169
 20
-6286.980119617545
 10
-26315.89309390949
 20
-6287.043922973846
 10
-26315.47068525198
 20
-6287.099278521946
 10
-26315.04609650179
 20
-6287.146168543046
 10
-26314.61933221629
 20
-6287.184610756045
 10
-26314.19128714289
 20
-6287.214524591546
 10
-26313.7619585981
 20
-6287.235892162546
 10
-26313.33134926528
 20
-6287.248731356147
 10
-26312.90036194218
 20
-6287.253015263446
 10
-26312.46899583579
 20
-6287.248725941445
 10
-26312.03725173898
 20
-6287.235881333145
 10
-26311.60603482759
 20
-6287.214508358646
 10
-26311.17534620439
 20
-6287.184589131346
 10
-26310.74518476649
 20
-6287.146141537846
  0
LWPOLYLINE
  5
541
330
485
100
AcDbEntity
  8
0
  6
Continuous
 62
     8
100
AcDbPolyline
 90
        7
 70
     0
 43
0.0
 10
-26322.03229623609
 20
-6284.737373850445
 10
-26321.75631756709
 20
-6284.879528741946
 10
-26321.40171562729
 20
-6285.051773113546
 10
-26321.04080580659
 20
-6285.216857960246
 10
-26320.67385188288
 20
-6285.374656400345
 10
-26320.30118043219
 20
-6285.525025645545
 10
-26319.92306643569
 20
-6285.667856057346
  0
LWPOLYLINE
  5
542
330
485
100
AcDbEntity
  8
0
  6
Continuous
 62
     8
100
AcDbPolyline
 90
       71
 70
     0
 43
0.0
 10
-26322.03229623609
 20
-6285.302499934746
 10
-26321.79935466049
 20
-6285.422880883846
 10
-26321.44442175259
 20
-6285.595898663345
 10
-26321.08325887809
 20
-6285.761736550245
 10
-26320.71611356008
 20
-6285.920280887445
 10
-26320.34323742158
 20
-6286.071423016646
 10
-26319.96488601329
 20
-6286.215059352645
 10
-26319.58131863838
 20
-6286.351091454146
 10
-26319.19279817469
 20
-6286.479426091646
 10
-26318.79959089489
 20
-6286.599975310946
 10
-26318.40196628339
 20
-6286.712656493546
 10
-26318.0001968525
 20
-6286.817392413546
 10
-26317.59455795468
 20
-6286.914111290145
 10
-26317.18532759469
 20
-6287.002746836947
 10
-26316.77278623849
 20
-6287.083238307745
 10
-26316.35721662149
 20
-6287.155530537546
 10
-26315.93890355418
 20
-6287.219573980946
 10
-26315.51813372759
 20
-6287.275324745846
 10
-26315.09519551609
 20
-6287.322744623246
 10
-26314.6703787807
 20
-6287.361801114146
 10
-26314.24397466938
 20
-6287.392467451046
 10
-26313.81627541838
 20
-6287.414722616746
 10
-26313.38757415119
 20
-6287.428551358846
 10
-26312.95816467849
 20
-6287.433944199646
 10
-26312.52834129588
 20
-6287.430897443246
 10
-26312.09839858289
 20
-6287.419413177645
 10
-26311.66863120079
 20
-6287.399499273746
 10
-26311.23933369079
 20
-6287.371169379346
 10
-26310.81080027179
 20
-6287.334442910546
 10
-26310.38332463928
 20
-6287.289345037645
 10
-26309.95719976359
 20
-6287.235906668645
 10
-26309.53271768959
 20
-6287.174164427346
 10
-26309.11016933609
 20
-6287.104160628946
 10
-26308.68984429648
 20
-6287.025943250546
 10
-26308.27203064059
 20
-6286.939565898346
 10
-26307.85701471709
 20
-6286.845087771146
 10
-26307.44508095709
 20
-6286.742573619446
 10
-26307.03651167948
 20
-6286.632093701446
 10
-26306.63158689729
 20
-6286.513723734446
 10
-26306.23058412558
 20
-6286.387544843346
 10
-26305.83377819169
 20
-6286.253643504846
 10
-26305.44144104658
 20
-6286.112111488346
 10
-26305.05384157859
 20
-6285.963045792646
 10
-26304.67124542899
 20
-6285.806548580146
 10
-26304.29391480999
 20
-6285.642727105946
 10
-26303.92210832529
 20
-6285.471693645246
 10
-26303.55608079238
 20
-6285.293565415947
 10
-26303.19608306839
 20
-6285.108464498046
 10
-26302.84236187759
 20
-6284.916517750545
 10
-26302.49515964288
 20
-6284.717856724146
 10
-26302.1547143194
 20
-6284.512617571246
 10
-26301.82125923128
 20
-6284.300940952445
 10
-26301.49502291209
 20
-6284.082971940346
 10
-26301.17622894779
 20
-6283.858859919946
 10
-26300.86509582378
 20
-6283.628758486646
 10
-26300.56183677539
 20
-6283.392825340246
 10
-26300.26665964108
 20
-6283.151222177646
 10
-26299.9797667206
 20
-6282.904114581547
 10
-26299.70135463579
 20
-6282.651671907146
 10
-26299.43161419669
 20
-6282.394067166146
 10
-26299.17073026978
 20
-6282.131476907846
 10
-26298.91888165178
 20
-6281.864081098445
 10
-26298.67624094738
 20
-6281.592062997846
 10
-26298.44297445019
 20
-6281.315609033645
 10
-26298.2192420296
 20
-6281.034908673446
 10
-26298.00519702039
 20
-6280.750154295346
 10
-26297.80098611859
 20
-6280.461541055745
 10
-26297.60674927999
 20
-6280.169266755846
 10
-26297.4226196248
 20
-6279.873531705645
 10
-26297.24872334639
 20
-6279.574538587345
 10
-26297.08517962449
 20
-6279.272492315846
  0
LWPOLYLINE
  5
543
330
485
100
AcDbEntity
  8
0
  6
Continuous
 62
     8
100
AcDbPolyline
 90
        6
 70
     0
 43
0.0
 10
-26322.03229623609
 20
-6285.040293494645
 10
-26321.81644131059
 20
-6285.151854729746
 10
-26321.4586898652
 20
-6285.326206129546
 10
-26321.09473953468
 20
-6285.493228364446
 10
-26320.72480479259
 20
-6285.652828210945
 10
-26320.34915017848
 20
-6285.804895337646
  0
LWPOLYLINE
  5
544
330
485
100
AcDbEntity
  8
0
  6
Continuous
 62
     8
100
AcDbPolyline
 90
        6
 70
     0
 43
0.0
 10
-26322.03229623609
 20
-6285.105167699445
 10
-26321.77390577929
 20
-6285.239432671346
 10
-26321.4182729625
 20
-6285.413666012146
 10
-26321.0562918358
 20
-6285.580615162646
 10
-26320.68797568929
 20
-6285.740295366846
 10
-26320.31409670359
 20
-6285.892371810646
  0
LWPOLYLINE
  5
545
330
485
100
AcDbEntity
  8
0
  6
Continuous
 62
     8
100
AcDbPolyline
 90
       70
 70
     0
 43
0.0
 10
-26322.03229623609
 20
-6285.473581801345
 10
-26321.96018572569
 20
-6285.514042171246
 10
-26321.59292283079
 20
-6285.708224348845
 10
-26321.21889388278
 20
-6285.894316964146
 10
-26320.83831274549
 20
-6286.072204238045
 10
-26320.451404951
 20
-6286.241767981146
 10
-26320.05856358199
 20
-6286.402827109546
 10
-26319.66001261949
 20
-6286.555284160846
 10
-26319.25599085539
 20
-6286.699038394846
 10
-26318.84692709949
 20
-6286.833931914945
 10
-26318.43306096909
 20
-6286.959883895747
 10
-26318.01463513738
 20
-6287.076814609046
 10
-26317.59209446848
 20
-6287.184597186046
 10
-26317.16568558409
 20
-6287.283169210146
 10
-26316.73565861279
 20
-6287.372469056845
 10
-26316.3024726001
 20
-6287.452400605546
 10
-26315.86638100238
 20
-6287.522919106247
 10
-26315.427637428
 20
-6287.583981099245
 10
-26314.98670758059
 20
-6287.635521903045
 10
-26314.54384838299
 20
-6287.677514106945
 10
-26314.09931654888
 20
-6287.709931398446
 10
-26313.65358146549
 20
-6287.732739890346
 10
-26313.20690029549
 20
-6287.745928976246
 10
-26312.75953296919
 20
-6287.749488857746
 10
-26312.3119547412
 20
-6287.743415975245
 10
-26311.86442456268
 20
-6287.727716337446
 10
-26311.4172013366
 20
-6287.702396794546
 10
-26310.97075971949
 20
-6287.667484230846
 10
-26310.52535841019
 20
-6287.623001160246
 10
-26310.08125469538
 20
-6287.568970817046
 10
-26309.63891835819
 20
-6287.505450088445
 10
-26309.19860463889
 20
-6287.432477597546
 10
-26308.76056984639
 20
-6287.350093061846
 10
-26308.32528034459
 20
-6287.258383862945
 10
-26307.8929893211
 20
-6287.157405532946
 10
-26307.46394778618
 20
-6287.047214217546
 10
-26307.03861149859
 20
-6286.927926996447
 10
-26306.61722873149
 20
-6286.799616235345
 10
-26306.20004490558
 20
-6286.662354817445
 10
-26305.7875018594
 20
-6286.516288994146
 10
-26305.3798404975
 20
-6286.361507897546
 10
-26304.97729952809
 20
-6286.198101556345
 10
-26304.58030544148
 20
-6286.026245631244
 10
-26304.18909283668
 20
-6285.846047734646
 10
-26303.80388827989
 20
-6285.657614047546
 10
-26303.42509191088
 20
-6285.461145352646
 10
-26303.05292568369
 20
-6285.256765530146
 10
-26302.68760626228
 20
-6285.044598361047
 10
-26302.32950939448
 20
-6284.824870692146
 10
-26301.97884290528
 20
-6284.597722979346
 10
-26301.63580994379
 20
-6284.363296155646
 10
-26301.30076027739
 20
-6284.121843269846
 10
-26300.97388827179
 20
-6283.873523833046
 10
-26300.65537688958
 20
-6283.618493201545
 10
-26300.34553776439
 20
-6283.357022308846
 10
-26300.04454374308
 20
-6283.089284359746
 10
-26299.7525609721
 20
-6282.815452076445
 10
-26299.46986805459
 20
-6282.535818199646
 10
-26299.19661577259
 20
-6282.250570768947
 10
-26298.93294771009
 20
-6281.959897107846
 10
-26298.67910618999
 20
-6281.664110156846
 10
-26298.43522016149
 20
-6281.363415855746
 10
-26298.20140383529
 20
-6281.058010659246
 10
-26297.97785064879
 20
-6280.748212350346
 10
-26297.76465899748
 20
-6280.434233709846
 10
-26297.56191933119
 20
-6280.116286334445
 10
-26297.3697852526
 20
-6279.794702977946
 10
-26297.18834667689
 20
-6279.469745428945
 10
-26297.01764021919
 20
-6279.141596066446
 10
-26296.91086548329
 20
-6278.923347700547
  0
LINE
  5
546
330
485
100
AcDbEntity
  8
0
  6
Continuous
 62
     8
100
AcDbLine
 10
-26318.43378135028
 20
-6237.089011787146
 30
0.0
 11
-26318.45889786199
 21
-6236.882806516646
 31
0.0
  0
LINE
  5
547
330
485
100
AcDbEntity
  8
0
  6
Continuous
 62
     8
100
AcDbLine
 10
-26306.94954026989
 20
-6254.919308649446
 30
0.0
 11
-26306.93816976319
 21
-6255.112026576546
 31
0.0
  0
LINE
  5
548
330
485
100
AcDbEntity
  8
0
  6
Continuous
 62
     8
100
AcDbLine
 10
-26306.9605387627
 20
-6254.710396973447
 30
0.0
 11
-26306.94954026989
 21
-6254.919308649446
 31
0.0
  0
LINE
  5
549
330
485
100
AcDbEntity
  8
0
  6
Continuous
 62
     8
100
AcDbLine
 10
-26306.97100011989
 20
-6254.483089443446
 30
0.0
 11
-26306.9605387627
 21
-6254.710396973447
 31
0.0
  0
LINE
  5
54A
330
485
100
AcDbEntity
  8
0
  6
Continuous
 62
     8
100
AcDbLine
 10
-26306.98072533089
 20
-6254.235764288845
 30
0.0
 11
-26306.97100011989
 21
-6254.483089443446
 31
0.0
  0
LINE
  5
54B
330
485
100
AcDbEntity
  8
0
  6
Continuous
 62
     8
100
AcDbLine
 10
-26306.98952915958
 20
-6253.966062607745
 30
0.0
 11
-26306.98072533089
 21
-6254.235764288845
 31
0.0
  0
LINE
  5
54C
330
485
100
AcDbEntity
  8
0
  6
Continuous
 62
     8
100
AcDbLine
 10
-26306.14646175679
 20
-6233.750140497745
 30
0.0
 11
-26306.14806329368
 21
-6233.686399868545
 31
0.0
  0
LINE
  5
54D
330
485
100
AcDbEntity
  8
0
  6
Continuous
 62
     8
100
AcDbLine
 10
-26306.99700609268
 20
-6253.681388668947
 30
0.0
 11
-26306.98952915958
 21
-6253.966062607745
 31
0.0
  0
LINE
  5
54E
330
485
100
AcDbEntity
  8
0
  6
Continuous
 62
     8
100
AcDbLine
 10
-26307.00292289549
 20
-6253.389451713745
 30
0.0
 11
-26306.99700609268
 21
-6253.681388668947
 31
0.0
  0
LINE
  5
54F
330
485
100
AcDbEntity
  8
0
  6
Continuous
 62
     8
100
AcDbLine
 10
-26307.00696693978
 20
-6253.097943925446
 30
0.0
 11
-26307.00292289549
 21
-6253.389451713745
 31
0.0
  0
LINE
  5
550
330
485
100
AcDbEntity
  8
0
  6
Continuous
 62
     8
100
AcDbLine
 10
-26306.14344718019
 20
-6233.935592497046
 30
0.0
 11
-26306.14416328929
 21
-6233.874845273547
 31
0.0
  0
LINE
  5
551
330
485
100
AcDbEntity
  8
0
  6
Continuous
 62
     8
100
AcDbLine
 10
-26307.00891841439
 20
-6252.821093396645
 30
0.0
 11
-26307.00696693978
 21
-6253.097943925446
 31
0.0
  0
LINE
  5
552
330
485
100
AcDbEntity
  8
0
  6
Continuous
 62
     8
100
AcDbLine
 10
-26306.1428282394
 20
-6234.055448615146
 30
0.0
 11
-26306.14344718019
 21
-6233.935592497046
 31
0.0
  0
LINE
  5
553
330
485
100
AcDbEntity
  8
0
  6
Continuous
 62
     8
100
AcDbLine
 10
-26305.79321802418
 20
-6238.562747897446
 30
0.0
 11
-26305.79344494939
 21
-6238.460805143046
 31
0.0
  0
LINE
  5
554
330
485
100
AcDbEntity
  8
0
  6
Continuous
 62
     8
100
AcDbLine
 10
-26306.39575361409
 20
-6230.978519817545
 30
0.0
 11
-26306.39575362858
 21
-6235.640294265446
 31
0.0
  0
LINE
  5
555
330
485
100
AcDbEntity
  8
0
  6
Continuous
 62
     8
100
AcDbLine
 10
-26306.2459315817
 20
-6242.584351571146
 30
0.0
 11
-26306.24593238619
 21
-6242.835841447647
 31
0.0
  0
LINE
  5
556
330
485
100
AcDbEntity
  8
0
  6
Continuous
 62
     8
100
AcDbLine
 10
-26306.24593238719
 20
-6231.121198165646
 30
0.0
 11
-26306.24593244609
 21
-6235.792383521746
 31
0.0
  0
LINE
  5
557
330
485
100
AcDbEntity
  8
0
  6
Continuous
 62
     8
100
AcDbLine
 10
-26307.00895653199
 20
-6252.563948441746
 30
0.0
 11
-26307.00891841439
 21
-6252.821093396645
 31
0.0
  0
LWPOLYLINE
  5
558
330
485
100
AcDbEntity
  8
0
  6
Continuous
 62
     8
100
AcDbPolyline
 90
        6
 70
     0
 43
0.0
 10
-26305.7936047926
 20
-6238.463693826545
 10
-26305.79419719289
 20
-6238.610021841446
 10
-26305.80063724209
 20
-6238.756265021345
 10
-26305.81290778969
 20
-6238.902197925845
 10
-26305.83099922819
 20
-6239.047646781546
 10
-26305.87197475619
 20
-6239.325661655146
  0
LINE
  5
559
330
485
100
AcDbEntity
  8
0
  6
Continuous
 62
     8
100
AcDbLine
 10
-26307.00750114369
 20
-6252.335174655844
 30
0.0
 11
-26307.00895653199
 21
-6252.563948441746
 31
0.0
  0
LINE
  5
55A
330
485
100
AcDbEntity
  8
0
  6
Continuous
 62
     8
100
AcDbLine
 10
-26306.14384525678
 20
-6234.240625833646
 30
0.0
 11
-26306.14290486799
 21
-6234.116413797946
 31
0.0
  0
LINE
  5
55B
330
485
100
AcDbEntity
  8
0
  6
Continuous
 62
     8
100
AcDbLine
 10
-26307.00493736719
 20
-6252.124232715246
 30
0.0
 11
-26307.00750114369
 21
-6252.335174655844
 31
0.0
  0
LINE
  5
55C
330
485
100
AcDbEntity
  8
0
  6
Continuous
 62
     8
100
AcDbLine
 10
-26307.00143203679
 20
-6251.927373044746
 30
0.0
 11
-26307.00493736719
 21
-6252.124232715246
 31
0.0
  0
LINE
  5
55D
330
485
100
AcDbEntity
  8
0
  6
Continuous
 62
     8
100
AcDbLine
 10
-26306.14732778229
 20
-6234.426833445347
 30
0.0
 11
-26306.14472508459
 21
-6234.302171204046
 31
0.0
  0
LINE
  5
55E
330
485
100
AcDbEntity
  8
0
  6
Continuous
 62
     8
100
AcDbLine
 10
-26306.996937424
 20
-6251.736384391746
 30
0.0
 11
-26307.00143203679
 21
-6251.927373044746
 31
0.0
  0
LINE
  5
55F
330
485
100
AcDbEntity
  8
0
  6
Continuous
 62
     8
100
AcDbLine
 10
-26306.99142806169
 20
-6251.546133028546
 30
0.0
 11
-26306.996937424
 21
-6251.736384391746
 31
0.0
  0
LINE
  5
560
330
485
100
AcDbEntity
  8
0
  6
Continuous
 62
     8
100
AcDbLine
 10
-26306.98485893638
 20
-6251.353250466345
 30
0.0
 11
-26306.99142806169
 21
-6251.546133028546
 31
0.0
  0
LINE
  5
561
330
485
100
AcDbEntity
  8
0
  6
Continuous
 62
     8
100
AcDbLine
 10
-26306.97708557429
 20
-6251.154090334546
 30
0.0
 11
-26306.98485893638
 21
-6251.353250466345
 31
0.0
  0
LWPOLYLINE
  5
562
330
485
100
AcDbEntity
  8
0
  6
Continuous
 62
     8
100
AcDbPolyline
 90
        3
 70
     0
 43
0.0
 10
-26306.15620861788
 20
-6234.687895980745
 10
-26306.1534741336
 20
-6234.621948133245
 10
-26306.15110122469
 20
-6234.556086202145
  0
LINE
  5
563
330
485
100
AcDbEntity
  8
0
  6
Continuous
 62
     8
100
AcDbLine
 10
-26306.96797932849
 20
-6250.946722089246
 30
0.0
 11
-26306.97708557429
 21
-6251.154090334546
 31
0.0
  0
LINE
  5
564
330
485
100
AcDbEntity
  8
0
  6
Continuous
 62
     8
100
AcDbLine
 10
-26306.95736534639
 20
-6250.729268626146
 30
0.0
 11
-26306.96797932849
 21
-6250.946722089246
 31
0.0
  0
LINE
  5
565
330
485
100
AcDbEntity
  8
0
  6
Continuous
 62
     8
100
AcDbLine
 10
-26306.94495343639
 20
-6250.497437686646
 30
0.0
 11
-26306.95736534639
 21
-6250.729268626146
 31
0.0
  0
LINE
  5
566
330
485
100
AcDbEntity
  8
0
  6
Continuous
 62
     8
100
AcDbLine
 10
-26305.79344494939
 20
-6238.460805143046
 30
0.0
 11
-26305.7936047926
 21
-6238.463693826545
 31
0.0
  0
LWPOLYLINE
  5
567
330
485
100
AcDbEntity
  8
0
  6
Continuous
 62
     8
100
AcDbPolyline
 90
        3
 70
     0
 43
0.0
 10
-26306.17096636409
 20
-6234.965827308345
 10
-26306.1666713555
 20
-6234.893712162644
 10
-26306.16280186458
 20
-6234.823331937345
  0
LINE
  5
568
330
485
100
AcDbEntity
  8
0
  6
Continuous
 62
     8
100
AcDbLine
 10
-26306.92212626928
 20
-6250.111118942946
 30
0.0
 11
-26306.94495343639
 21
-6250.497437686646
 31
0.0
  0
LINE
  5
569
330
485
100
AcDbEntity
  8
0
  6
Continuous
 62
     8
100
AcDbLine
 10
-26306.89390142479
 20
-6249.679445995346
 30
0.0
 11
-26306.92212626928
 21
-6250.111118942946
 31
0.0
  0
LINE
  5
56A
330
485
100
AcDbEntity
  8
0
  6
Continuous
 62
     8
100
AcDbLine
 10
-26306.86145516909
 20
-6249.223419004446
 30
0.0
 11
-26306.89390142479
 21
-6249.679445995346
 31
0.0
  0
LINE
  5
56B
330
485
100
AcDbEntity
  8
0
  6
Continuous
 62
     8
100
AcDbLine
 10
-26306.81500923299
 20
-6248.615968123746
 30
0.0
 11
-26306.86145516909
 21
-6249.223419004446
 31
0.0
  0
LINE
  5
56C
330
485
100
AcDbEntity
  8
0
  6
Continuous
 62
     8
100
AcDbLine
 10
-26306.76820414409
 20
-6248.038376122446
 30
0.0
 11
-26306.81500923299
 21
-6248.615968123746
 31
0.0
  0
LINE
  5
56D
330
485
100
AcDbEntity
  8
0
  6
Continuous
 62
     8
100
AcDbLine
 10
-26296.5366639908
 20
-6278.037944244744
 30
0.0
 11
-26296.42641983459
 21
-6277.723774175246
 31
0.0
  0
LINE
  5
56E
330
485
100
AcDbEntity
  8
0
  6
Continuous
 62
     8
100
AcDbLine
 10
-26296.65774871349
 20
-6278.350114266046
 30
0.0
 11
-26296.5366639908
 21
-6278.037944244744
 31
0.0
  0
LINE
  5
56F
330
485
100
AcDbEntity
  8
0
  6
Continuous
 62
     8
100
AcDbLine
 10
-26296.7895910172
 20
-6278.660070293446
 30
0.0
 11
-26296.65774871349
 21
-6278.350114266046
 31
0.0
  0
LWPOLYLINE
  5
570
330
485
100
AcDbEntity
  8
0
  6
Continuous
 62
     8
100
AcDbPolyline
 90
       13
 70
     0
 43
0.0
 10
-26296.81392915428
 20
-6278.714462085947
 10
-26296.6768408791
 20
-6278.396920676346
 10
-26296.55100920929
 20
-6278.077025745446
 10
-26296.43651924699
 20
-6277.754999007246
 10
-26296.33345425989
 20
-6277.431080648946
 10
-26296.24188362249
 20
-6277.105495481546
 10
-26296.16187017619
 20
-6276.778471886446
 10
-26296.09347168038
 20
-6276.450251879446
 10
-26296.03673724399
 20
-6276.121082810046
 10
-26295.99170603769
 20
-6275.791213213345
 10
-26295.9584053745
 20
-6275.460870726446
 10
-26295.93685500579
 20
-6275.130272541546
 10
-26295.93643895629
 20
-6275.116215957246
  0
LWPOLYLINE
  5
571
330
485
100
AcDbEntity
  8
0
  6
Continuous
 62
     8
100
AcDbPolyline
 90
       34
 70
     0
 43
0.0
 10
-26296.86303871279
 20
-6278.546400950244
 10
-26296.72397012819
 20
-6278.237443784946
 10
-26296.58523135169
 20
-6277.900991454345
 10
-26296.45952092429
 20
-6277.563804598545
 10
-26296.34702299119
 20
-6277.226411401246
 10
-26296.24764276119
 20
-6276.888884376246
 10
-26296.1611366668
 20
-6276.550824177546
 10
-26296.08746459538
 20
-6276.212559997546
 10
-26296.02653223719
 20
-6275.874352041146
 10
-26295.97810049389
 20
-6275.535682253646
 10
-26295.94208158918
 20
-6275.196834921345
 10
-26295.91837057068
 20
-6274.858064390745
 10
-26295.90684046999
 20
-6274.518784771647
 10
-26295.90746003469
 20
-6274.179239947745
 10
-26295.92019011929
 20
-6273.839683033244
 10
-26295.94506153309
 20
-6273.499542138047
 10
-26295.98208445169
 20
-6273.159077181746
 10
-26296.03123631889
 20
-6272.818529123445
 10
-26296.09265167969
 20
-6272.477314806145
 10
-26296.1663939549
 20
-6272.135649217246
 10
-26296.25250918298
 20
-6271.793812668646
 10
-26296.35126640429
 20
-6271.451343739145
 10
-26296.46299289149
 20
-6271.107930171747
 10
-26296.58763461319
 20
-6270.764441287346
 10
-26296.72484217589
 20
-6270.422170876545
 10
-26296.87482038239
 20
-6270.080875609446
 10
-26297.03736972559
 20
-6269.741304055646
 10
-26297.21120046509
 20
-6269.406137564745
 10
-26297.39604159559
 20
-6269.075562448446
 10
-26297.5915322234
 20
-6268.749740783245
 10
-26297.79587593399
 20
-6268.431171319846
 10
-26298.00829285938
 20
-6268.120730516546
 10
-26298.22910449649
 20
-6267.817818470146
 10
-26298.44087549409
 20
-6267.544141676146
  0
LINE
  5
572
330
485
100
AcDbEntity
  8
0
  6
Continuous
 62
     8
100
AcDbLine
 10
-26296.91086530229
 20
-6278.923347321146
 30
0.0
 11
-26296.7895910172
 21
-6278.660070293446
 31
0.0
  0
LWPOLYLINE
  5
573
330
485
100
AcDbEntity
  8
0
  6
Continuous
 62
     8
100
AcDbPolyline
 90
        3
 70
     0
 43
0.0
 10
-26297.08517962449
 20
-6279.272492315846
 10
-26296.93210054379
 20
-6278.967599898546
 10
-26296.91087715238
 20
-6278.923372160045
  0
LWPOLYLINE
  5
574
330
485
100
AcDbEntity
  8
0
  6
Continuous
 62
     8
100
AcDbPolyline
 90
        8
 70
     0
 43
0.0
 10
-26318.52235559749
 20
-6237.577611255846
 10
-26318.52735725349
 20
-6237.553927906746
 10
-26318.53235532489
 20
-6237.523933273545
 10
-26318.53735345969
 20
-6237.487982400544
 10
-26318.54235383528
 20
-6237.446509967346
 10
-26318.54735427418
 20
-6237.399960843745
 10
-26318.55235189139
 20
-6237.348785202645
 10
-26318.55734450149
 20
-6237.293499671146
  0
LWPOLYLINE
  5
575
330
485
100
AcDbEntity
  8
0
  6
Continuous
 62
     8
100
AcDbPolyline
 90
        8
 70
     0
 43
0.0
 10
-26318.67228211989
 20
-6236.379428975446
 10
-26318.66728335719
 20
-6236.403112332846
 10
-26318.66228522469
 20
-6236.433106860246
 10
-26318.65728536588
 20
-6236.469057716246
 10
-26318.65228158679
 20
-6236.510530517746
 10
-26318.64727608139
 20
-6236.557080300846
 10
-26318.64227307479
 20
-6236.608256456545
 10
-26318.6372747704
 20
-6236.663542051346
  0
LWPOLYLINE
  5
576
330
485
100
AcDbEntity
  8
0
  6
Continuous
 62
     8
100
AcDbPolyline
 90
        6
 70
     0
 43
0.0
 10
-26318.40289623608
 20
-6237.295345145945
 10
-26318.40859447489
 20
-6237.265203205846
 10
-26318.41490557819
 20
-6237.226814477546
 10
-26318.42120954399
 20
-6237.184121462545
 10
-26318.42750380748
 20
-6237.137905030546
 10
-26318.43378135028
 20
-6237.089011787146
  0
LWPOLYLINE
  5
577
330
485
100
AcDbEntity
  8
0
  6
Continuous
 62
     8
100
AcDbPolyline
 90
       10
 70
     0
 43
0.0
 10
-26318.45889786199
 20
-6236.882806516646
 10
-26318.46522693589
 20
-6236.832815164945
 10
-26318.47160316309
 20
-6236.785118381845
 10
-26318.47801804879
 20
-6236.740599819145
 10
-26318.48447597919
 20
-6236.700075980145
 10
-26318.49099889639
 20
-6236.664339407045
 10
-26318.49756485818
 20
-6236.634323293245
 10
-26318.50411242378
 20
-6236.610784702946
 10
-26318.51062145399
 20
-6236.594147315245
 10
-26318.51248098199
 20
-6236.590693629246
  0
LWPOLYLINE
  5
578
330
485
100
AcDbEntity
  8
0
  6
Continuous
 62
     8
100
AcDbPolyline
 90
       49
 70
     0
 43
0.0
 10
-26306.86825173468
 20
-6255.997157392646
 10
-26306.85871683609
 20
-6256.092048041845
 10
-26306.84841722529
 20
-6256.189605767044
 10
-26306.83721327049
 20
-6256.290491833345
 10
-26306.82500369849
 20
-6256.394863743746
 10
-26306.81173219119
 20
-6256.502420983447
 10
-26306.79731369869
 20
-6256.613083122545
 10
-26306.78172314879
 20
-6256.726285549446
 10
-26306.76480855728
 20
-6256.842401974647
 10
-26306.74625723249
 20
-6256.962740095346
 10
-26306.72595837729
 20
-6257.087074063945
 10
-26306.70373626099
 20
-6257.215544451247
 10
-26306.67909114199
 20
-6257.349950913944
 10
-26306.65151180358
 20
-6257.491711049945
 10
-26306.62099221348
 20
-6257.639429749046
 10
-26306.58775992839
 20
-6257.790715411446
 10
-26306.5513741132
 20
-6257.946393880644
 10
-26306.51168347499
 20
-6258.105920631445
 10
-26306.46958612819
 20
-6258.264997462646
 10
-26306.42509259459
 20
-6258.423345548546
 10
-26306.37789283119
 20
-6258.581654107346
 10
-26306.32875843789
 20
-6258.737124451545
 10
-26306.27783989959
 20
-6258.889419132846
 10
-26306.2249975596
 20
-6259.039130963946
 10
-26306.17083997229
 20
-6259.184785291846
 10
-26306.1158361495
 20
-6259.325482646146
 10
-26306.05983279669
 20
-6259.461990749745
 10
-26306.00256220699
 20
-6259.595230020045
 10
-26305.94420232229
 20
-6259.725014083046
 10
-26305.88482253049
 20
-6259.851432053646
 10
-26305.82388723349
 20
-6259.975815988244
 10
-26305.76148924889
 20
-6260.098130799346
 10
-26305.69777236659
 20
-6260.218246826846
 10
-26305.63217753429
 20
-6260.337314442446
 10
-26305.56468527908
 20
-6260.455423100146
 10
-26305.49554304789
 20
-6260.572155869446
 10
-26305.42451664269
 20
-6260.687856093546
 10
-26305.35112980169
 20
-6260.803149342446
 10
-26305.27563801069
 20
-6260.917511219146
 10
-26305.19880551848
 20
-6261.029850834646
 10
-26305.12050031819
 20
-6261.140513235746
 10
-26305.04062109249
 20
-6261.249794344446
 10
-26304.96025230269
 20
-6261.356437066045
 10
-26304.87976486039
 20
-6261.460250431346
 10
-26304.79934915479
 20
-6261.561276638346
 10
-26304.72010510609
 20
-6261.658431914845
 10
-26304.64265696109
 20
-6261.751269535345
 10
-26304.5670800607
 20
-6261.839992964246
 10
-26304.49367995929
 20
-6261.924507869946
  0
LINE
  5
579
330
485
100
AcDbEntity
  8
0
  6
Continuous
 62
     8
100
AcDbLine
 10
-26306.88522744379
 20
-6255.815944611745
 30
0.0
 11
-26306.86825173468
 21
-6255.997157392646
 31
0.0
  0
LINE
  5
57A
330
485
100
AcDbEntity
  8
0
  6
Continuous
 62
     8
100
AcDbLine
 10
-26306.90025451889
 20
-6255.640548873547
 30
0.0
 11
-26306.88522744379
 21
-6255.815944611745
 31
0.0
  0
LINE
  5
57B
330
485
100
AcDbEntity
  8
0
  6
Continuous
 62
     8
100
AcDbLine
 10
-26306.91378827698
 20
-6255.468140956946
 30
0.0
 11
-26306.90025451889
 21
-6255.640548873547
 31
0.0
  0
LINE
  5
57C
330
485
100
AcDbEntity
  8
0
  6
Continuous
 62
     8
100
AcDbLine
 10
-26306.92629317509
 20
-6255.293922023046
 30
0.0
 11
-26306.91378827698
 21
-6255.468140956946
 31
0.0
  0
LWPOLYLINE
  5
57D
330
485
100
AcDbEntity
  8
0
  6
Continuous
 62
     8
100
AcDbPolyline
 90
        3
 70
     0
 43
0.0
 10
-26305.79706186099
 20
-6238.349145821945
 10
-26305.80702921999
 20
-6238.202723264144
 10
-26305.82291408539
 20
-6238.056560096946
  0
LINE
  5
57E
330
485
100
AcDbEntity
  8
0
  6
Continuous
 62
     8
100
AcDbLine
 10
-26306.93816976319
 20
-6255.112026576546
 30
0.0
 11
-26306.92629317509
 21
-6255.293922023046
 31
0.0
  0
LINE
  5
57F
330
485
100
AcDbEntity
  8
0
  6
Continuous
 62
     8
100
AcDbLine
 10
-26306.24593238719
 20
-6231.121198165445
 30
0.0
 11
-26306.14806329318
 21
-6233.686399886645
 31
0.0
  0
LINE
  5
580
330
485
100
AcDbEntity
  8
0
  6
Continuous
 62
     8
100
AcDbLine
 10
-26305.79836466369
 20
-6238.330007381946
 30
0.0
 11
-26305.79360440319
 21
-6238.463717844745
 31
0.0
  0
LINE
  5
581
330
485
100
AcDbEntity
  8
0
  6
Continuous
 62
     8
100
AcDbLine
 10
-26298.0322962361
 20
-6281.348520028124
 30
0.0
 11
-26298.0322962361
 21
-6280.823662631947
 31
0.0
  0
LWPOLYLINE
  5
582
330
485
100
AcDbEntity
  8
0
  6
Continuous
 62
     8
100
AcDbPolyline
 90
        6
 70
     0
 43
0.0
 10
-26283.65554492849
 20
-6298.007924749825
 10
-26283.64315984549
 20
-6297.962415369624
 10
-26283.6314483852
 20
-6297.918304019023
 10
-26283.62042291299
 20
-6297.875656727825
 10
-26283.61007293188
 20
-6297.834707343823
 10
-26283.60039923219
 20
-6297.795595790024
  0
LWPOLYLINE
  5
583
330
485
100
AcDbEntity
  8
0
  6
Continuous
 62
     8
100
AcDbPolyline
 90
        4
 70
     0
 43
0.0
 10
-26283.71143208779
 20
-6298.204119559924
 10
-26283.6965075968
 20
-6298.153255502723
 10
-26283.68221953409
 20
-6298.103484479123
 10
-26283.65554492849
 20
-6298.007924749825
  0
LWPOLYLINE
  5
584
330
485
100
AcDbEntity
  8
0
  6
Continuous
 62
     8
100
AcDbPolyline
 90
       16
 70
     0
 43
0.0
 10
-26283.30429279809
 20
-6297.653995419824
 10
-26283.30997273979
 20
-6297.672159353023
 10
-26283.3182401895
 20
-6297.689659003323
 10
-26283.32897289599
 20
-6297.706244111424
 10
-26283.34183602929
 20
-6297.721548294523
 10
-26283.3566629433
 20
-6297.735557288923
 10
-26283.37369752849
 20
-6297.748517428824
 10
-26283.39288358299
 20
-6297.760289335523
 10
-26283.41391377428
 20
-6297.770628729623
 10
-26283.4368455732
 20
-6297.779511430823
 10
-26283.46140382939
 20
-6297.786766308525
 10
-26283.4872731662
 20
-6297.792269489823
 10
-26283.51447564309
 20
-6297.795982126824
 10
-26283.54275100729
 20
-6297.797803144224
 10
-26283.57154083899
 20
-6297.797667819223
 10
-26283.60039888669
 20
-6297.795598147324
  0
LWPOLYLINE
  5
585
330
485
100
AcDbEntity
  8
0
  6
Continuous
 62
     8
100
AcDbPolyline
 90
        9
 70
     0
 43
0.0
 10
-26296.42641983459
 20
-6277.723774175246
 10
-26296.32709180068
 20
-6277.407819374047
 10
-26296.23874796359
 20
-6277.090296380746
 10
-26296.16144886969
 20
-6276.771422809646
 10
-26296.09524749588
 20
-6276.451417201045
 10
-26296.04018921349
 20
-6276.130498870545
 10
-26295.99631175649
 20
-6275.808887759545
 10
-26295.96364519638
 20
-6275.486804284446
 10
-26295.948176891
 20
-6275.254176386045
  0
LINE
  5
586
330
485
100
AcDbEntity
  8
0
  6
Continuous
 62
     8
100
AcDbLine
 10
-26329.91200413789
 20
-6237.753729978345
 30
0.0
 11
-26328.30336375949
 21
-6240.681574942345
 31
0.0
  0
LINE
  5
587
330
485
100
AcDbEntity
  8
0
  6
Continuous
 62
     8
100
AcDbLine
 10
-26329.78054001809
 20
-6237.681499893145
 30
0.0
 11
-26328.17190112339
 21
-6240.609343574146
 31
0.0
  0
LINE
  5
588
330
485
100
AcDbEntity
  8
0
  6
Continuous
 62
     8
100
AcDbLine
 10
-26326.71141133569
 20
-6234.492652929045
 30
0.0
 11
-26326.82821556899
 21
-6234.210662565046
 31
0.0
  0
LINE
  5
589
330
485
100
AcDbEntity
  8
0
  6
Continuous
 62
     8
100
AcDbLine
 10
-26325.71929171859
 20
-6233.752090448446
 30
0.0
 11
-26325.60272467249
 21
-6234.033508192045
 31
0.0
  0
LINE
  5
58A
330
485
100
AcDbEntity
  8
0
  6
Continuous
 62
     8
100
AcDbLine
 10
-26318.51734914109
 20
-6237.594717079747
 30
0.0
 11
-26318.52235559749
 21
-6237.577611255846
 31
0.0
  0
LINE
  5
58B
330
485
100
AcDbEntity
  8
0
  6
Continuous
 62
     8
100
AcDbLine
 10
-26318.67728229819
 20
-6236.362323014546
 30
0.0
 11
-26318.67228211989
 21
-6236.379428975446
 31
0.0
  0
LINE
  5
58C
330
485
100
AcDbEntity
  8
0
  6
Continuous
 62
     8
100
AcDbLine
 10
-26297.55306712878
 20
-6281.209172553523
 30
0.0
 11
-26297.55306712878
 21
-6297.589172553524
 31
0.0
  0
LINE
  5
58D
330
485
100
AcDbEntity
  8
0
  6
Continuous
 62
     8
100
AcDbLine
 10
-26294.06444268659
 20
-6297.443040236223
 30
0.0
 11
-26294.06444268659
 21
-6297.610005028523
 31
0.0
  0
LINE
  5
58E
330
485
100
AcDbEntity
  8
0
  6
Continuous
 62
     8
100
AcDbLine
 10
-26292.63229623609
 20
-6268.718519810924
 30
0.0
 11
-26292.63229623609
 21
-6267.788519810925
 31
0.0
  0
LINE
  5
58F
330
485
100
AcDbEntity
  8
0
  6
Continuous
 62
     8
100
AcDbLine
 10
-26292.49782901738
 20
-6298.782051345324
 30
0.0
 11
-26292.49782901738
 21
-6298.166304620123
 31
0.0
  0
LINE
  5
590
330
485
100
AcDbEntity
  8
0
  6
Continuous
 62
     8
100
AcDbLine
 10
-26283.72777368318
 20
-6298.320183643522
 30
0.0
 11
-26283.71143218679
 21
-6298.204123677123
 31
0.0
  0
LWPOLYLINE
  5
591
330
485
100
AcDbEntity
  8
0
  6
Continuous
 62
     8
100
AcDbPolyline
 90
        3
 70
     0
 43
0.0
 10
-26283.79826408289
 20
-6298.827602577024
 10
-26283.79801764168
 20
-6298.825910687723
 10
-26283.7971548376
 20
-6298.819780001623
  0
LWPOLYLINE
  5
592
330
485
100
AcDbEntity
  8
0
  6
Continuous
 62
     8
100
AcDbPolyline
 90
        4
 70
     0
 43
0.0
 10
-26283.3363672806
 20
-6297.821787982023
 10
-26283.32503664829
 20
-6297.764041084424
 10
-26283.31435125029
 20
-6297.708155532424
 10
-26283.3042976214
 20
-6297.654054385724
  0
LINE
  5
593
330
485
100
AcDbEntity
  8
0
  6
Continuous
 62
     8
100
AcDbLine
 10
-26283.36112279669
 20
-6297.943608734623
 30
0.0
 11
-26283.3363672806
 21
-6297.821787982023
 31
0.0
  0
LINE
  5
594
330
485
100
AcDbEntity
  8
0
  6
Continuous
 62
     8
100
AcDbLine
 10
-26283.3881257507
 20
-6298.071287602524
 30
0.0
 11
-26283.36112279669
 21
-6297.943608734623
 31
0.0
  0
LINE
  5
595
330
485
100
AcDbEntity
  8
0
  6
Continuous
 62
     8
100
AcDbLine
 10
-26283.41731943229
 20
-6298.204502632124
 30
0.0
 11
-26283.3881257507
 21
-6298.071287602524
 31
0.0
  0
LINE
  5
596
330
485
100
AcDbEntity
  8
0
  6
Continuous
 62
     8
100
AcDbLine
 10
-26283.41731943229
 20
-6298.204502632124
 30
0.0
 11
-26283.50502496708
 21
-6298.597799454923
 31
0.0
  0
LWPOLYLINE
  5
597
330
485
100
AcDbEntity
  8
0
  6
Continuous
 62
     8
100
AcDbPolyline
 90
       10
 70
     0
 43
0.0
 10
-26283.60039923219
 20
-6297.795595790024
 10
-26283.5901835182
 20
-6297.752987365924
 10
-26283.58113181259
 20
-6297.713335288923
 10
-26283.57324456299
 20
-6297.676788224123
 10
-26283.566509209
 20
-6297.643514286823
 10
-26283.5609386677
 20
-6297.613587367724
 10
-26283.55657171509
 20
-6297.587023957923
 10
-26283.55342150129
 20
-6297.563919180523
 10
-26283.55147517159
 20
-6297.544409199324
 10
-26283.55073261489
 20
-6297.528583238324
  0
LWPOLYLINE
  5
598
330
485
100
AcDbEntity
  8
0
  6
Continuous
 62
     8
100
AcDbPolyline
 90
       16
 70
     0
 43
0.0
 10
-26283.25461538229
 20
-6297.294321612624
 10
-26283.26126673098
 20
-6297.320315220924
 10
-26283.27026593989
 20
-6297.345413513624
 10
-26283.28148326379
 20
-6297.369426442823
 10
-26283.29470708308
 20
-6297.392076641223
 10
-26283.30982930128
 20
-6297.413324712024
 10
-26283.32693979509
 20
-6297.433307696223
 10
-26283.34602480759
 20
-6297.451917824023
 10
-26283.36688861329
 20
-6297.468880512123
 10
-26283.38940546338
 20
-6297.484033019223
 10
-26283.41336486769
 20
-6297.497183049324
 10
-26283.43863642159
 20
-6297.508210919723
 10
-26283.46521178719
 20
-6297.517029561523
 10
-26283.49295587929
 20
-6297.523475579623
 10
-26283.52158280828
 20
-6297.527365545423
 10
-26283.55084190028
 20
-6297.528558017923
  0
LWPOLYLINE
  5
599
330
485
100
AcDbEntity
  8
0
  6
Continuous
 62
     8
100
AcDbPolyline
 90
       19
 70
     0
 43
0.0
 10
-26312.22493454419
 20
-6264.799360689446
 10
-26312.61930418488
 20
-6264.802135208045
 10
-26313.04820617078
 20
-6264.811063029645
 10
-26313.51057199379
 20
-6264.827409653546
 10
-26314.00827421399
 20
-6264.852587417346
 10
-26314.53674074569
 20
-6264.887688404947
 10
-26315.08529977689
 20
-6264.932973890246
 10
-26315.64802827799
 20
-6264.988577062145
 10
-26316.22839869628
 20
-6265.055430810246
 10
-26316.82959456429
 20
-6265.134712678045
 10
-26317.45099354318
 20
-6265.227299555846
 10
-26318.0878617793
 20
-6265.333368679645
 10
-26318.7362465912
 20
-6265.452995590246
 10
-26319.40042446259
 20
-6265.587830834245
 10
-26320.06494329129
 20
-6265.735476462045
 10
-26320.70083440048
 20
-6265.889020718145
 10
-26321.28328732909
 20
-6266.040230811145
 10
-26321.84520304048
 20
-6266.195464996147
 10
-26322.03229623609
 20
-6266.250313209045
  0
LINE
  5
59A
330
485
100
AcDbEntity
  8
0
  6
Continuous
 62
     8
100
AcDbLine
 10
-26320.28405243779
 20
-6236.275539027446
 30
0.0
 11
-26321.89269195329
 21
-6233.347695344046
 31
0.0
  0
LWPOLYLINE
  5
59B
330
485
100
AcDbEntity
  8
0
  6
Continuous
 62
     8
100
AcDbPolyline
 90
       14
 70
     0
 43
0.0
 10
-26305.84470355679
 20
-6237.910882090545
 10
-26305.87238146198
 20
-6237.765894352046
 10
-26305.90593170249
 20
-6237.621794935945
 10
-26305.945318395
 20
-6237.478786734246
 10
-26305.99048380659
 20
-6237.337079412546
 10
-26306.04136848099
 20
-6237.196881633245
 10
-26306.09790362949
 20
-6237.058398056846
 10
-26306.16001182399
 20
-6236.921828158846
 10
-26306.2276151881
 20
-6236.787371543947
 10
-26306.30063174159
 20
-6236.655221105145
 10
-26306.37895592538
 20
-6236.525571443246
 10
-26306.46247194039
 20
-6236.398624317845
 10
-26306.55107671399
 20
-6236.274559902746
 10
-26306.64464653849
 20
-6236.153567961945
  0
LWPOLYLINE
  5
59C
330
485
100
AcDbEntity
  8
0
  6
Continuous
 62
     8
100
AcDbPolyline
 90
        4
 70
     0
 43
0.0
 10
-26305.84470355679
 20
-6237.910882090545
 10
-26305.82329971498
 20
-6238.058028044846
 10
-26305.80832646708
 20
-6238.193045598145
 10
-26305.79920313949
 20
-6238.317689999246
  0
LINE
  5
59D
330
485
100
AcDbEntity
  8
0
  6
Continuous
 62
     8
100
AcDbLine
 10
-26282.76545517699
 20
-6293.940903748122
 30
0.0
 11
-26282.76522227968
 21
-6293.934997788323
 31
0.0
  0
LWPOLYLINE
  5
59E
330
485
100
AcDbEntity
  8
0
  6
Continuous
 62
     8
100
AcDbPolyline
 90
        3
 70
     0
 43
0.0
 10
-26283.7971548376
 20
-6298.819780001623
 10
-26283.79365502329
 20
-6298.794557203024
 10
-26283.78391704508
 20
-6298.724994041423
  0
LINE
  5
59F
330
485
100
AcDbEntity
  8
0
  6
Continuous
 62
     8
100
AcDbLine
 10
-26283.78391704508
 20
-6298.724994041423
 30
0.0
 11
-26283.72777368318
 21
-6298.320183643522
 31
0.0
  0
LWPOLYLINE
  5
5A0
330
485
100
AcDbEntity
  8
0
  6
Continuous
 62
     8
100
AcDbPolyline
 90
       19
 70
     0
 43
0.0
 10
-26311.97656383279
 20
-6259.214314090446
 10
-26312.23285723559
 20
-6259.221629956146
 10
-26312.48628750009
 20
-6259.233849915144
 10
-26312.73678037459
 20
-6259.250858292645
 10
-26312.9826997834
 20
-6259.272384170447
 10
-26313.225597878
 20
-6259.298406604646
 10
-26313.46994455419
 20
-6259.329427464145
 10
-26313.71698132088
 20
-6259.365807189946
 10
-26313.96482264679
 20
-6259.407471186146
 10
-26314.21301154609
 20
-6259.454482070646
 10
-26314.46014964849
 20
-6259.506672512746
 10
-26314.70700759428
 20
-6259.564306719546
 10
-26314.95615762978
 20
-6259.628217310046
 10
-26315.207744257
 20
-6259.698797585844
 10
-26315.46022405459
 20
-6259.775959860846
 10
-26315.71327284628
 20
-6259.859929698046
 10
-26315.96802181789
 20
-6259.951520110245
 10
-26316.22109663469
 20
-6260.049951674746
 10
-26316.46611180048
 20
-6260.152750494746
  0
LWPOLYLINE
  5
5A1
330
485
100
AcDbEntity
  8
0
  6
Continuous
 62
     8
100
AcDbPolyline
 90
       20
 70
     0
 43
0.0
 10
-26311.97529814779
 20
-6259.188098065646
 10
-26312.23073746899
 20
-6259.195270857446
 10
-26312.48331722888
 20
-6259.207349819345
 10
-26312.7329635795
 20
-6259.224219478145
 10
-26312.97804708949
 20
-6259.245610089045
 10
-26313.22011355029
 20
-6259.271499897245
 10
-26313.46361482519
 20
-6259.302388163245
 10
-26313.70978527919
 20
-6259.338634326046
 10
-26313.95674835069
 20
-6259.380164997746
 10
-26314.2040537708
 20
-6259.427044029945
 10
-26314.45030978848
 20
-6259.479105409045
 10
-26314.69628164959
 20
-6259.536612335045
 10
-26314.94453085789
 20
-6259.600395609645
 10
-26315.19520663599
 20
-6259.670849798147
 10
-26315.44676784549
 20
-6259.747887033446
 10
-26315.69887965569
 20
-6259.831728630746
 10
-26315.95265878169
 20
-6259.923181308046
 10
-26316.20476881259
 20
-6260.021473808445
 10
-26316.44888302149
 20
-6260.124149640946
 10
-26316.68375180189
 20
-6260.230281139445
  0
LWPOLYLINE
  5
5A2
330
485
100
AcDbEntity
  8
0
  6
Continuous
 62
     8
100
AcDbPolyline
 90
       21
 70
     0
 43
0.0
 10
-26311.97656383279
 20
-6259.214314090446
 10
-26311.72042786008
 20
-6259.221629956146
 10
-26311.4665482564
 20
-6259.233849915144
 10
-26311.21501469368
 20
-6259.250858292645
 10
-26310.9674910227
 20
-6259.272384170447
 10
-26310.72243522209
 20
-6259.298406604646
 10
-26310.47533628649
 20
-6259.329427464145
 10
-26310.22491550788
 20
-6259.365807189946
 10
-26309.97306020019
 20
-6259.407471186146
 10
-26309.72021821979
 20
-6259.454482070646
 10
-26309.46780267668
 20
-6259.506672512746
 10
-26309.2150145685
 20
-6259.564306719546
 10
-26308.95919232719
 20
-6259.628217310046
 10
-26308.70014507029
 20
-6259.698797585844
 10
-26308.43942070388
 20
-6259.775959860846
 10
-26308.17731540759
 20
-6259.859929698046
 10
-26307.91260609379
 20
-6259.951520110245
 10
-26307.64874789159
 20
-6260.049951674746
 10
-26307.39239569689
 20
-6260.152750494746
 10
-26307.14491108248
 20
-6260.258982904146
 10
-26306.90432806649
 20
-6260.368989679445
  0
LWPOLYLINE
  5
5A3
330
485
100
AcDbEntity
  8
0
  6
Continuous
 62
     8
100
AcDbPolyline
 90
       28
 70
     0
 43
0.0
 10
-26298.50654678149
 20
-6267.510320251245
 10
-26298.87496342259
 20
-6267.362738223046
 10
-26299.28242116149
 20
-6267.207495525445
 10
-26299.72148705289
 20
-6267.047919025347
 10
-26300.1822496695
 20
-6266.887910943644
 10
-26300.66091369208
 20
-6266.728965171846
 10
-26301.16189366609
 20
-6266.569970664546
 10
-26301.68731722249
 20
-6266.410881480847
 10
-26302.22833663919
 20
-6266.254960230646
 10
-26302.77395323708
 20
-6266.105608409247
 10
-26303.31497347718
 20
-6265.965269779247
 10
-26303.85482990799
 20
-6265.833074547546
 10
-26304.40307299539
 20
-6265.707024790345
 10
-26304.96548684819
 20
-6265.586241940845
 10
-26305.53508472048
 20
-6265.472558178746
 10
-26306.10028700419
 20
-6265.368221723346
 10
-26306.6526335287
 20
-6265.274370370844
 10
-26307.19502072129
 20
-6265.190030091346
 10
-26307.7328944772
 20
-6265.114091174245
 10
-26308.26826128169
 20
-6265.046196871045
 10
-26308.79687346149
 20
-6264.986783541745
 10
-26309.31546243219
 20
-6264.936002117245
 10
-26309.8205479581
 20
-6264.893861133246
 10
-26310.31409907068
 20
-6264.859840773245
 10
-26310.80125817688
 20
-6264.833428964546
 10
-26311.28345000649
 20
-6264.814531138346
 10
-26311.75818261809
 20
-6264.803207096046
 10
-26312.22493454419
 20
-6264.799360689446
  0
LINE
  5
5A4
330
485
100
AcDbEntity
  8
0
  6
Continuous
 62
     8
100
AcDbLine
 10
-26302.66868251029
 20
-6263.689631847745
 30
0.0
 11
-26302.998522569
 21
-6263.400998766045
 31
0.0
  0
LINE
  5
5A5
330
485
100
AcDbEntity
  8
0
  6
Continuous
 62
     8
100
AcDbLine
 10
-26302.998522569
 20
-6263.400998766045
 30
0.0
 11
-26303.31585831459
 21
-6263.114607341645
 31
0.0
  0
LINE
  5
5A6
330
485
100
AcDbEntity
  8
0
  6
Continuous
 62
     8
100
AcDbLine
 10
-26303.31585831459
 20
-6263.114607341645
 30
0.0
 11
-26303.61367282159
 21
-6262.835745756547
 31
0.0
  0
LINE
  5
5A7
330
485
100
AcDbEntity
  8
0
  6
Continuous
 62
     8
100
AcDbLine
 10
-26304.50053372069
 20
-6261.935725729045
 30
0.0
 11
-26304.38131405959
 21
-6262.050916580146
 31
0.0
  0
LWPOLYLINE
  5
5A8
330
485
100
AcDbEntity
  8
0
  6
Continuous
 62
     8
100
AcDbPolyline
 90
       15
 70
     0
 43
0.0
 10
-26304.40676545409
 20
-6262.022532346846
 10
-26304.51957660639
 20
-6261.912732355445
 10
-26304.64556906079
 20
-6261.797307521946
 10
-26304.78511590519
 20
-6261.676671305145
 10
-26304.94149905339
 20
-6261.548933698845
 10
-26305.1124777257
 20
-6261.416897387546
 10
-26305.28807594049
 20
-6261.288449326446
 10
-26305.45990163199
 20
-6261.168952460245
 10
-26305.63244990099
 20
-6261.054490481946
 10
-26305.81465000919
 20
-6260.939125913545
 10
-26306.01248621768
 20
-6260.819762826245
 10
-26306.22042806578
 20
-6260.700458070746
 10
-26306.43057899808
 20
-6260.585870084746
 10
-26306.63745518239
 20
-6260.478591507546
 10
-26306.84438568919
 20
-6260.376494550246
  0
LINE
  5
5A9
330
485
100
AcDbEntity
  8
0
  6
Continuous
 62
     8
100
AcDbLine
 10
-26303.61367282159
 20
-6262.835745756547
 30
0.0
 11
-26303.88955486699
 21
-6262.566420438744
 31
0.0
  0
LWPOLYLINE
  5
5AA
330
485
100
AcDbEntity
  8
0
  6
Continuous
 62
     8
100
AcDbPolyline
 90
        3
 70
     0
 43
0.0
 10
-26303.88955486699
 20
-6262.566420438744
 10
-26304.14531789639
 20
-6262.304941480145
 10
-26304.37800512989
 20
-6262.054478292746
  0
LINE
  5
5AB
330
485
100
AcDbEntity
  8
0
  6
Continuous
 62
     8
100
AcDbLine
 10
-26304.37793504878
 20
-6262.054413185445
 30
0.0
 11
-26304.38130684679
 21
-6262.050923570246
 31
0.0
  0
LINE
  5
5AC
330
485
100
AcDbEntity
  8
0
  6
Continuous
 62
     8
100
AcDbLine
 10
-26304.40347889799
 20
-6262.025954509745
 30
0.0
 11
-26304.40733032999
 21
-6262.021964853346
 31
0.0
  0
LINE
  5
5AD
330
485
100
AcDbEntity
  8
0
  6
Continuous
 62
     8
100
AcDbLine
 10
-26304.46856876609
 20
-6261.953036579846
 30
0.0
 11
-26304.464718977
 21
-6261.957081616245
 31
0.0
  0
LINE
  5
5AE
330
485
100
AcDbEntity
  8
0
  6
Continuous
 62
     8
100
AcDbLine
 10
-26304.48958540998
 20
-6261.928827479946
 30
0.0
 11
-26304.49344026879
 21
-6261.924753534645
 31
0.0
  0
LINE
  5
5AF
330
485
100
AcDbEntity
  8
0
  6
Continuous
 62
     8
100
AcDbLine
 10
-26304.1074105797
 20
-6262.344312060346
 30
0.0
 11
-26304.38131405959
 21
-6262.050916580146
 31
0.0
  0
LWPOLYLINE
  5
5B0
330
485
100
AcDbEntity
  8
0
  6
Continuous
 62
     8
100
AcDbPolyline
 90
        8
 70
     0
 43
0.0
 10
-26298.44091658319
 20
-6267.543832764446
 10
-26298.44774041428
 20
-6267.536290723246
 10
-26298.4554577601
 20
-6267.529646859046
 10
-26298.4641053748
 20
-6267.523868175246
 10
-26298.4736201843
 20
-6267.519008946346
 10
-26298.48392968198
 20
-6267.515127877445
 10
-26298.49494440059
 20
-6267.512260424046
 10
-26298.50654453999
 20
-6267.510351976146
  0
LWPOLYLINE
  5
5B1
330
485
100
AcDbEntity
  8
0
  6
Continuous
 62
     8
100
AcDbPolyline
 90
        8
 70
     0
 43
0.0
 10
-26298.49566885339
 20
-6267.475636193846
 10
-26298.50090173989
 20
-6267.469817417547
 10
-26298.50846092348
 20
-6267.463148232946
 10
-26298.51700245869
 20
-6267.457374754446
 10
-26298.52645319049
 20
-6267.452518424144
 10
-26298.53672018219
 20
-6267.448598753945
 10
-26298.54769875629
 20
-6267.445639596546
 10
-26298.55928583909
 20
-6267.443662625446
  0
LINE
  5
5B2
330
485
100
AcDbEntity
  8
0
  6
Continuous
 62
     8
100
AcDbLine
 10
-26304.42786633019
 20
-6261.998960875845
 30
0.0
 11
-26304.37759234458
 21
-6262.054744849146
 31
0.0
  0
LINE
  5
5B3
330
485
100
AcDbEntity
  8
0
  6
Continuous
 62
     8
100
AcDbLine
 10
-26304.46856876609
 20
-6261.953036579846
 30
0.0
 11
-26304.4168564247
 21
-6262.010994357446
 31
0.0
  0
LINE
  5
5B4
330
485
100
AcDbEntity
  8
0
  6
Continuous
 62
     8
100
AcDbLine
 10
-26304.46471736449
 20
-6261.957082809246
 30
0.0
 11
-26304.49367995929
 21
-6261.924507869946
 31
0.0
  0
LWPOLYLINE
  5
5B5
330
485
100
AcDbEntity
  8
0
  6
Continuous
 62
     8
100
AcDbPolyline
 90
       43
 70
     0
 43
0.0
 10
-26304.48958453599
 20
-6261.928828476145
 10
-26304.66601445879
 20
-6261.723125072746
 10
-26304.8563944703
 20
-6261.489439536346
 10
-26305.03994248818
 20
-6261.250140249547
 10
-26305.21520411829
 20
-6261.005446524446
 10
-26305.38137454539
 20
-6260.755040608247
 10
-26305.53893701768
 20
-6260.498194349146
 10
-26305.6878108918
 20
-6260.235159499946
 10
-26305.8275787563
 20
-6259.966503045347
 10
-26305.95829299538
 20
-6259.691860133246
 10
-26306.07967838249
 20
-6259.411553969746
 10
-26306.1917850371
 20
-6259.125904329445
 10
-26306.29515199179
 20
-6258.834393008946
 10
-26306.38988710549
 20
-6258.537360126745
 10
-26306.47611921369
 20
-6258.235175216444
 10
-26306.55430875859
 20
-6257.927246785645
 10
-26306.62473520409
 20
-6257.613761326846
 10
-26306.68752015028
 20
-6257.295207868446
 10
-26306.74291085019
 20
-6256.971365064346
 10
-26306.79120677799
 20
-6256.642433751446
 10
-26306.83288590689
 20
-6256.308835441545
 10
-26306.86863039809
 20
-6255.970548767045
 10
-26306.89903355738
 20
-6255.627721819346
 10
-26306.92469388799
 20
-6255.280781487947
 10
-26306.94626570149
 20
-6254.930064325746
 10
-26306.96413866539
 20
-6254.575607086445
 10
-26306.97861566688
 20
-6254.217511107046
 10
-26306.98995384799
 20
-6253.856184734446
 10
-26306.99827043969
 20
-6253.491976164646
 10
-26307.00365757169
 20
-6253.125094576746
 10
-26307.00592797118
 20
-6252.755878966046
 10
-26307.00463861468
 20
-6252.384531849746
 10
-26306.99948117209
 20
-6252.010976865546
 10
-26306.99028158908
 20
-6251.635076444946
 10
-26306.97713493558
 20
-6251.257200991147
 10
-26306.96036448739
 20
-6250.876964459646
 10
-26306.94026249059
 20
-6250.493319232346
 10
-26306.91731127949
 20
-6250.106783037146
 10
-26306.89186083309
 20
-6249.717380320245
 10
-26306.86408005209
 20
-6249.323430363844
 10
-26306.83431117409
 20
-6248.925378198146
 10
-26306.80285009729
 20
-6248.523519970846
 10
-26306.76972375389
 20
-6248.116052869746
  0
LWPOLYLINE
  5
5B6
330
485
100
AcDbEntity
  8
0
  6
Continuous
 62
     8
100
AcDbPolyline
 90
       11
 70
     0
 43
0.0
 10
-26298.49566885339
 20
-6267.475636193846
 10
-26298.68442795939
 20
-6267.250782700245
 10
-26298.90546481869
 20
-6267.003751387145
 10
-26299.13872507479
 20
-6266.758134185546
 10
-26299.38337682789
 20
-6266.513677241047
 10
-26299.6385812426
 20
-6266.270029194846
 10
-26299.90350852049
 20
-6266.026761365546
 10
-26300.17731856399
 20
-6265.783388968746
 10
-26300.45913193789
 20
-6265.539425872046
 10
-26300.74800887569
 20
-6265.294382578245
 10
-26301.04304523179
 20
-6265.047675925546
  0
LINE
  5
5B7
330
485
100
AcDbEntity
  8
0
  6
Continuous
 62
     8
100
AcDbLine
 10
-26304.48672344419
 20
-6261.932294493846
 30
0.0
 11
-26304.48958453599
 21
-6261.928828476145
 31
0.0
  0
LWPOLYLINE
  5
5B8
330
485
100
AcDbEntity
  8
0
  6
Continuous
 62
     8
100
AcDbPolyline
 90
       12
 70
     0
 43
0.0
 10
-26298.5592625603
 20
-6267.443663275947
 10
-26298.73040828198
 20
-6267.236123992946
 10
-26298.91662780489
 20
-6267.023343306445
 10
-26299.11826403509
 20
-6266.805298954846
 10
-26299.33561682109
 20
-6266.581818400545
 10
-26299.56875244789
 20
-6266.352866784546
 10
-26299.81742822839
 20
-6266.118530171746
 10
-26300.08086699209
 20
-6265.879028550046
 10
-26300.35923221749
 20
-6265.633513013845
 10
-26300.65347241879
 20
-6265.380355020845
 10
-26300.96457107969
 20
-6265.117646526647
 10
-26301.28999351589
 20
-6264.846147420546
  0
LINE
  5
5B9
330
485
100
AcDbEntity
  8
0
  6
Continuous
 62
     8
100
AcDbLine
 10
-26298.49042218428
 20
-6267.482057941446
 30
0.0
 11
-26298.49551803769
 21
-6267.475776520846
 31
0.0
  0
LINE
  5
5BA
330
485
100
AcDbEntity
  8
0
  6
Continuous
 62
     8
100
AcDbLine
 10
-26298.44091658319
 20
-6267.543832764446
 30
0.0
 11
-26298.49042218428
 21
-6267.482057941446
 31
0.0
  0
LINE
  5
5BB
330
485
100
AcDbEntity
  8
0
  6
Continuous
 62
     8
100
AcDbLine
 10
-26298.44075894659
 20
-6267.544031348545
 30
0.0
 11
-26298.44091658319
 21
-6267.543832764446
 31
0.0
  0
LINE
  5
5BC
330
485
100
AcDbEntity
  8
0
  6
Continuous
 62
     8
100
AcDbLine
 10
-26298.5592858417
 20
-6267.443662622246
 30
0.0
 11
-26298.512325189
 21
-6267.502976069645
 31
0.0
  0
LINE
  5
5BD
330
485
100
AcDbEntity
  8
0
  6
Continuous
 62
     8
100
AcDbLine
 10
-26298.512325189
 20
-6267.502976069645
 30
0.0
 11
-26298.50654453999
 21
-6267.510351976146
 31
0.0
  0
LWPOLYLINE
  5
5BE
330
485
100
AcDbEntity
  8
0
  6
Continuous
 62
     8
100
AcDbPolyline
 90
       34
 70
     0
 43
0.0
 10
-26298.50654458049
 20
-6267.510352145046
 10
-26298.27724025818
 20
-6267.811945233846
 10
-26298.05628459299
 20
-6268.121696357646
 10
-26297.84393399209
 20
-6268.439492272246
 10
-26297.63916708129
 20
-6268.767030027046
 10
-26297.44361282699
 20
-6269.102340232845
 10
-26297.2609979543
 20
-6269.439490427345
 10
-26297.09230265539
 20
-6269.776230306746
 10
-26296.93634916919
 20
-6270.114206521546
 10
-26296.79312588809
 20
-6270.453140568046
 10
-26296.662563053
 20
-6270.792809556246
 10
-26296.54461709878
 20
-6271.132918421247
 10
-26296.43932752899
 20
-6271.473080632746
 10
-26296.34659294438
 20
-6271.813074562345
 10
-26296.26631901189
 20
-6272.152604982245
 10
-26296.19849362519
 20
-6272.491162582446
 10
-26296.14302245218
 20
-6272.828292124146
 10
-26296.09972516138
 20
-6273.163947602945
 10
-26296.06847067749
 20
-6273.498236419445
 10
-26296.04915417689
 20
-6273.830863451746
 10
-26296.04161403248
 20
-6274.161638808346
 10
-26296.04571801269
 20
-6274.490834848345
 10
-26296.06135159179
 20
-6274.818272165445
 10
-26296.08838363639
 20
-6275.143671447345
 10
-26296.12673835019
 20
-6275.467158962346
 10
-26296.17623584499
 20
-6275.788067483646
 10
-26296.23678997158
 20
-6276.106618026546
 10
-26296.3086383688
 20
-6276.424258263746
 10
-26296.3915908117
 20
-6276.740123731446
 10
-26296.48570998629
 20
-6277.054626427446
 10
-26296.59210133959
 20
-6277.371069160945
 10
-26296.71142174949
 20
-6277.690341068247
 10
-26296.84343210169
 20
-6278.010984168746
 10
-26296.98812331868
 20
-6278.332742515345
  0
LWPOLYLINE
  5
5BF
330
485
100
AcDbEntity
  8
0
  6
Continuous
 62
     8
100
AcDbPolyline
 90
        3
 70
     0
 43
0.0
 10
-26318.65102422759
 20
-6236.353926775546
 10
-26318.6522924516
 20
-6236.351969721646
 10
-26318.6573253458
 20
-6236.348519817546
  0
LWPOLYLINE
  5
5C0
330
485
100
AcDbEntity
  8
0
  6
Continuous
 62
     8
100
AcDbPolyline
 90
        3
 70
     0
 43
0.0
 10
-26318.54342064988
 20
-6237.603231951545
 10
-26318.5422368633
 20
-6237.605070705047
 10
-26318.53727845109
 20
-6237.608519817546
  0
LINE
  5
5C1
330
485
100
AcDbEntity
  8
0
  6
Continuous
 62
     8
100
AcDbLine
 10
-26318.68214430299
 20
-6237.366206128445
 30
0.0
 11
-26318.56924841989
 21
-6237.558892599047
 31
0.0
  0
LINE
  5
5C2
330
485
100
AcDbEntity
  8
0
  6
Continuous
 62
     8
100
AcDbLine
 10
-26318.51248952879
 20
-6236.590679137446
 30
0.0
 11
-26318.62683785719
 21
-6236.395462885546
 31
0.0
  0
LINE
  5
5C3
330
485
100
AcDbEntity
  8
0
  6
Continuous
 62
     8
100
AcDbLine
 10
-26318.56924841989
 20
-6237.558892599047
 30
0.0
 11
-26318.5434099026
 21
-6237.603231846946
 31
0.0
  0
LINE
  5
5C4
330
485
100
AcDbEntity
  8
0
  6
Continuous
 62
     8
100
AcDbLine
 10
-26318.62683785719
 20
-6236.395462885546
 30
0.0
 11
-26318.65104106749
 21
-6236.353926943345
 31
0.0
  0
LINE
  5
5C5
330
485
100
AcDbEntity
  8
0
  6
Continuous
 62
     8
100
AcDbLine
 10
-26320.15258833429
 20
-6236.203309656745
 30
0.0
 11
-26321.76122871269
 21
-6233.275464692746
 31
0.0
  0
LWPOLYLINE
  5
5C6
330
485
100
AcDbEntity
  8
0
  6
Continuous
 62
     8
100
AcDbPolyline
 90
       10
 70
     0
 43
0.0
 10
-26318.68214618029
 20
-6237.366209403046
 10
-26318.68363363839
 20
-6237.363496326345
 10
-26318.68998085619
 20
-6237.347784797345
 10
-26318.69634129719
 20
-6237.325467607046
 10
-26318.70272084569
 20
-6237.296853868145
 10
-26318.70911361749
 20
-6237.262533575045
 10
-26318.71551790869
 20
-6237.223115226544
 10
-26318.72193587629
 20
-6237.179200691645
 10
-26318.7283653633
 20
-6237.131537887846
 10
-26318.73229623609
 20
-6237.100704876345
  0
LINE
  5
5C7
330
485
100
AcDbEntity
  8
0
  6
Continuous
 62
     8
100
AcDbLine
 10
-26306.25468050759
 20
-6235.859113362046
 30
0.0
 11
-26306.25217031809
 21
-6235.866900302746
 31
0.0
  0
LINE
  5
5C8
330
485
100
AcDbEntity
  8
0
  6
Continuous
 62
     8
100
AcDbLine
 10
-26282.76545517699
 20
-6289.216135873724
 30
0.0
 11
-26282.76522227968
 21
-6289.222041833523
 31
0.0
  0
LINE
  5
5C9
330
485
100
AcDbEntity
  8
0
  6
Continuous
 62
     8
100
AcDbLine
 10
-26283.55125447489
 20
-6285.455287346422
 30
0.0
 11
-26283.55084187879
 21
-6297.528558534025
 31
0.0
  0
LINE
  5
5CA
330
485
100
AcDbEntity
  8
0
  6
Continuous
 62
     8
100
AcDbLine
 10
-26283.25461832349
 20
-6285.696324112923
 30
0.0
 11
-26283.25459072038
 21
-6297.294149017923
 31
0.0
  0
LINE
  5
5CB
330
485
100
AcDbEntity
  8
0
  6
Continuous
 62
     8
100
AcDbLine
 10
-26282.76545517699
 20
-6293.940903748122
 30
0.0
 11
-26282.76545517699
 21
-6289.216135879423
 31
0.0
  0
LWPOLYLINE
  5
5CC
330
485
100
AcDbEntity
  8
0
  6
Continuous
 62
     8
100
AcDbPolyline
 90
       13
 70
     0
 43
0.0
 10
-26283.25459072038
 20
-6297.294149017923
 10
-26283.25492268778
 20
-6297.309266366023
 10
-26283.25594391989
 20
-6297.327136182823
 10
-26283.25765620899
 20
-6297.347784916923
 10
-26283.26010740359
 20
-6297.371585539824
 10
-26283.26325710268
 20
-6297.398199877424
 10
-26283.26697547639
 20
-6297.426634720923
 10
-26283.27111448629
 20
-6297.455969693423
 10
-26283.27583216358
 20
-6297.487273858024
 10
-26283.28146172019
 20
-6297.522534914123
 10
-26283.28812492478
 20
-6297.562398372622
 10
-26283.29572785089
 20
-6297.606220354922
 10
-26283.30428690429
 20
-6297.654003421023
  0
LINE
  5
5CD
330
485
100
AcDbEntity
  8
0
  6
Continuous
 62
     8
100
AcDbLine
 10
-26328.03229623609
 20
-6251.978519817544
 30
0.0
 11
-26322.03229623609
 21
-6251.978519817544
 31
0.0
  0
LWPOLYLINE
  5
5CE
330
485
100
AcDbEntity
  8
0
  6
Continuous
 62
     8
100
AcDbPolyline
 90
       23
 70
     0
 43
0.0
 10
-26306.84438568919
 20
-6260.376494550246
 10
-26307.0564222035
 20
-6260.277084568845
 10
-26307.27735025799
 20
-6260.179050658046
 10
-26307.50433400459
 20
-6260.084159724745
 10
-26307.73267365659
 20
-6259.994488201745
 10
-26307.95958801289
 20
-6259.910898119645
 10
-26308.1866039624
 20
-6259.832545621045
 10
-26308.41488845619
 20
-6259.758849837647
 10
-26308.64346771308
 20
-6259.689994544445
 10
-26308.87230530749
 20
-6259.625864045346
 10
-26309.10438380259
 20
-6259.565609149846
 10
-26309.34255335339
 20
-6259.508666895145
 10
-26309.58372284029
 20
-6259.455954328446
 10
-26309.82186336049
 20
-6259.408695866046
 10
-26310.05214346649
 20
-6259.367450850046
 10
-26310.2784744333
 20
-6259.331126878545
 10
-26310.50798856779
 20
-6259.298510552445
 10
-26310.74289775609
 20
-6259.269480487646
 10
-26310.98100824969
 20
-6259.244512323846
 10
-26311.22321177439
 20
-6259.223685944845
 10
-26311.46982139978
 20
-6259.207185595245
 10
-26311.72052138119
 20
-6259.195251206145
 10
-26311.97529814779
 20
-6259.188098065646
  0
LWPOLYLINE
  5
5CF
330
485
100
AcDbEntity
  8
0
  6
Continuous
 62
     8
100
AcDbPolyline
 90
       13
 70
     0
 43
0.0
 10
-26306.90432806649
 20
-6260.368989679445
 10
-26306.67132202429
 20
-6260.481901294046
 10
-26306.45162433849
 20
-6260.594292445246
 10
-26306.23946564669
 20
-6260.708572269945
 10
-26306.02049875788
 20
-6260.832817410346
 10
-26305.7869309179
 20
-6260.972930518546
 10
-26305.55230722169
 20
-6261.122260776246
 10
-26305.33363551179
 20
-6261.270024723947
 10
-26305.13485051879
 20
-6261.412460438346
 10
-26304.951489729
 20
-6261.551687094047
 10
-26304.78483853219
 20
-6261.685820195646
 10
-26304.63485160108
 20
-6261.813879364145
 10
-26304.50053372069
 20
-6261.935725729045
  0
LINE
  5
5D0
330
485
100
AcDbEntity
  8
0
  6
Continuous
 62
     8
100
AcDbLine
 10
-26352.23418759109
 20
-6273.511326263123
 30
0.0
 11
-26356.85578844909
 21
-6269.900535941324
 31
0.0
  0
LWPOLYLINE
  5
5D1
330
485
100
AcDbEntity
  8
0
  6
Continuous
 62
     8
100
AcDbPolyline
 90
        9
 70
     0
 43
0.0
 10
-26301.04304523179
 20
-6265.047675925546
 10
-26301.95582244859
 20
-6264.291407491246
 10
-26302.26604330379
 20
-6264.031819653746
 10
-26302.57751371638
 20
-6263.767315908046
 10
-26302.88903996309
 20
-6263.497149676445
 10
-26303.19930673058
 20
-6263.220552772446
 10
-26303.50688223729
 20
-6262.936733776046
 10
-26303.81018072609
 20
-6262.644911294845
 10
-26304.1074105797
 20
-6262.344312060346
  0
LWPOLYLINE
  5
5D2
330
485
100
AcDbEntity
  8
0
  6
Continuous
 62
     8
100
AcDbPolyline
 90
        4
 70
     0
 43
0.0
 10
-26301.28999351589
 20
-6264.846147420546
 10
-26301.97172641039
 20
-6264.279772538046
 10
-26302.32499464058
 20
-6263.983181784145
 10
-26302.66868251029
 20
-6263.689631847745
  0
LWPOLYLINE
  5
5D3
330
485
100
AcDbEntity
  8
0
  6
Continuous
 62
     8
100
AcDbPolyline
 90
       27
 70
     0
 43
0.0
 10
-26293.21087390679
 20
-6298.249295584823
 10
-26293.20358476669
 20
-6298.272067288323
 10
-26293.19445308588
 20
-6298.297574019123
 10
-26293.18317361189
 20
-6298.325648770223
 10
-26293.16887402729
 20
-6298.357218492323
 10
-26293.15151106879
 20
-6298.391081695223
 10
-26293.132463791
 20
-6298.424002647823
 10
-26293.11251133348
 20
-6298.454834401623
 10
-26293.09117631139
 20
-6298.484516650123
 10
-26293.06848159099
 20
-6298.513050870023
 10
-26293.04466164739
 20
-6298.540193838022
 10
-26293.01970484589
 20
-6298.566018614023
 10
-26292.99317384729
 20
-6298.590947344623
 10
-26292.96497167579
 20
-6298.614958566723
 10
-26292.93528172798
 20
-6298.637794145724
 10
-26292.90400208189
 20
-6298.659438009323
 10
-26292.87120310379
 20
-6298.679738239923
 10
-26292.83697145469
 20
-6298.698548603923
 10
-26292.80122005259
 20
-6298.715816144123
 10
-26292.7640739054
 20
-6298.731373638823
 10
-26292.72565154058
 20
-6298.745076389124
 10
-26292.68586103619
 20
-6298.756851094023
 10
-26292.64489983499
 20
-6298.766527337924
 10
-26292.60292576739
 20
-6298.773969970823
 10
-26292.55981064878
 20
-6298.779086496223
 10
-26292.51583102219
 20
-6298.781719318623
 10
-26292.49782824638
 20
-6298.782050833922
  0
LINE
  5
5D4
330
485
100
AcDbEntity
  8
0
  6
Continuous
 62
     8
100
AcDbLine
 10
-26293.21135632849
 20
-6298.247705700425
 30
0.0
 11
-26293.21087526929
 21
-6298.249291082523
 31
0.0
  0
LINE
  5
5D5
330
485
100
AcDbEntity
  8
0
  6
Continuous
 62
     8
100
AcDbLine
 10
-26293.21093239869
 20
-6298.249102181123
 30
0.0
 11
-26293.21135605969
 21
-6298.247706583024
 31
0.0
  0
LWPOLYLINE
  5
5D6
330
485
100
AcDbEntity
  8
0
  6
Continuous
 62
     8
100
AcDbPolyline
 90
       10
 70
     0
 43
0.0
 10
-26282.76545517699
 20
-6289.216135879423
 10
-26282.79922003799
 20
-6288.821833680124
 10
-26282.83815586059
 20
-6288.428270930924
 10
-26282.88224559959
 20
-6288.035515010723
 10
-26282.93145487489
 20
-6287.643757421625
 10
-26282.98577811759
 20
-6287.252939858824
 10
-26283.04525493849
 20
-6286.862756475223
 10
-26283.1099009203
 20
-6286.473151755224
 10
-26283.17969125498
 20
-6286.084318229324
 10
-26283.25461833299
 20
-6285.696324134723
  0
LWPOLYLINE
  5
5D7
330
485
100
AcDbEntity
  8
0
  6
Continuous
 62
     8
100
AcDbPolyline
 90
       16
 70
     0
 43
0.0
 10
-26283.79826846659
 20
-6298.827602541123
 10
-26283.77028106469
 20
-6298.826441327824
 10
-26283.74363226018
 20
-6298.822876126223
 10
-26283.71729573789
 20
-6298.816908108823
 10
-26283.69157570919
 20
-6298.808585962224
 10
-26283.66681338469
 20
-6298.798032374724
 10
-26283.64300376019
 20
-6298.785246285622
 10
-26283.62044120239
 20
-6298.770369202724
 10
-26283.59939245909
 20
-6298.753594819323
 10
-26283.57985428789
 20
-6298.734920291924
 10
-26283.56208913359
 20
-6298.714579462723
 10
-26283.54628818529
 20
-6298.692818899923
 10
-26283.53243060899
 20
-6298.669602838423
 10
-26283.52066722549
 20
-6298.645110650824
 10
-26283.51120648399
 20
-6298.619773773324
 10
-26283.50502497439
 20
-6298.597799484722
  0
LWPOLYLINE
  5
5D8
330
485
100
AcDbEntity
  8
0
  6
Continuous
 62
     8
100
AcDbPolyline
 90
       22
 70
     0
 43
0.0
 10
-26357.53676422579
 20
-6298.782050833922
 10
-26357.51905045969
 20
-6298.781728056324
 10
-26357.46447671798
 20
-6298.778093410523
 10
-26357.41111217569
 20
-6298.770632835124
 10
-26357.35930450299
 20
-6298.759581941324
 10
-26357.30952763669
 20
-6298.745267542923
 10
-26357.26158657029
 20
-6298.727845650123
 10
-26357.21572902478
 20
-6298.707586277523
 10
-26357.17223615088
 20
-6298.684823565823
 10
-26357.13094131839
 20
-6298.659667755923
 10
-26357.0920144565
 20
-6298.632398940424
 10
-26357.05559565749
 20
-6298.603317883023
 10
-26357.02149534768
 20
-6298.572456675823
 10
-26356.98986019308
 20
-6298.540117147324
 10
-26356.96071165159
 20
-6298.506516432723
 10
-26356.93375887659
 20
-6298.471457884924
 10
-26356.90883180659
 20
-6298.434734506924
 10
-26356.88632640579
 20
-6298.396970562324
 10
-26356.86668509529
 20
-6298.359220145923
 10
-26356.84988066769
 20
-6298.322006171324
 10
-26356.83560374219
 20
-6298.285267592723
 10
-26356.82371856529
 20
-6298.249295584823
  0
LINE
  5
5D9
330
485
100
AcDbEntity
  8
0
  6
Continuous
 62
     8
100
AcDbLine
 10
-26355.97014980329
 20
-6297.610005028623
 30
0.0
 11
-26353.05310748329
 21
-6297.584548386223
 31
0.0
  0
LINE
  5
5DA
330
485
100
AcDbEntity
  8
0
  6
Continuous
 62
     8
100
AcDbLine
 10
-26355.97014980329
 20
-6297.443040494123
 30
0.0
 11
-26366.48375059349
 21
-6297.528558533823
 31
0.0
  0
LINE
  5
5DB
330
485
100
AcDbEntity
  8
0
  6
Continuous
 62
     8
100
AcDbLine
 10
-26357.53676345469
 20
-6298.782051345324
 30
0.0
 11
-26366.23632400548
 21
-6298.827602554124
 31
0.0
  0
LINE
  5
5DC
330
485
100
AcDbEntity
  8
0
  6
Continuous
 62
     8
100
AcDbLine
 10
-26357.53676345469
 20
-6298.166240085124
 30
0.0
 11
-26366.32316026689
 21
-6298.204123748623
 31
0.0
  0
LINE
  5
5DD
330
485
100
AcDbEntity
  8
0
  6
Continuous
 62
     8
100
AcDbLine
 10
-26353.05306712878
 20
-6297.589172553524
 30
0.0
 11
-26328.03229623609
 21
-6297.589172553524
 31
0.0
  0
LINE
  5
5DE
330
485
100
AcDbEntity
  8
0
  6
Continuous
 62
     8
100
AcDbLine
 10
-26322.03229623609
 20
-6297.589172553524
 30
0.0
 11
-26297.55306712878
 21
-6297.589172553524
 31
0.0
  0
LINE
  5
5DF
330
485
100
AcDbEntity
  8
0
  6
Continuous
 62
     8
100
AcDbLine
 10
-26283.71143218679
 20
-6298.204123677123
 30
0.0
 11
-26292.49782901738
 21
-6298.166304620123
 31
0.0
  0
LINE
  5
5E0
330
485
100
AcDbEntity
  8
0
  6
Continuous
 62
     8
100
AcDbLine
 10
-26292.49782901738
 20
-6298.782051345324
 30
0.0
 11
-26283.79826846659
 21
-6298.827602554124
 31
0.0
  0
LINE
  5
5E1
330
485
100
AcDbEntity
  8
0
  6
Continuous
 62
     8
100
AcDbLine
 10
-26283.55084187879
 20
-6297.528558534025
 30
0.0
 11
-26294.06444268659
 21
-6297.443040236223
 31
0.0
  0
LINE
  5
5E2
330
485
100
AcDbEntity
  8
0
  6
Continuous
 62
     8
100
AcDbLine
 10
-26294.06444266889
 20
-6297.610005028623
 30
0.0
 11
-26297.55298324998
 21
-6297.579560996424
 31
0.0
  0
LWPOLYLINE
  5
5E3
330
485
100
AcDbEntity
  8
0
  6
Continuous
 62
     8
100
AcDbPolyline
 90
       16
 70
     0
 43
0.0
 10
-26366.48375057209
 20
-6297.528558017724
 10
-26366.51235667249
 20
-6297.527422584324
 10
-26366.54024892189
 20
-6297.523727616823
 10
-26366.5671998337
 20
-6297.517635442023
 10
-26366.59281180168
 20
-6297.509396936324
 10
-26366.61712689579
 20
-6297.499160471223
 10
-26366.64055158619
 20
-6297.486800600823
 10
-26366.66304522
 20
-6297.472262704624
 10
-26366.68421916449
 20
-6297.455717003423
 10
-26366.70389141409
 20
-6297.437248351023
 10
-26366.72187052039
 20
-6297.416966984223
 10
-26366.7379585132
 20
-6297.395019122723
 10
-26366.75197371039
 20
-6297.371569363523
 10
-26366.76375153219
 20
-6297.346798607122
 10
-26366.7731450768
 20
-6297.320901988723
 10
-26366.78002408809
 20
-6297.294093210624
  0
LWPOLYLINE
  5
5E4
330
485
100
AcDbEntity
  8
0
  6
Continuous
 62
     8
100
AcDbPolyline
 90
       20
 70
     0
 43
0.0
 10
-26362.68040289099
 20
-6285.544148006223
 10
-26362.62993862128
 20
-6285.557900124723
 10
-26362.5710496999
 20
-6285.573518476823
 10
-26362.50462747309
 20
-6285.590597225623
 10
-26362.43249169619
 20
-6285.608079532123
 10
-26362.35522640558
 20
-6285.625970717223
 10
-26362.27287469839
 20
-6285.644265459923
 10
-26362.18718406089
 20
-6285.661890958523
 10
-26362.0989745994
 20
-6285.678694572922
 10
-26362.00851137359
 20
-6285.694828943324
 10
-26361.91699307708
 20
-6285.709679188224
 10
-26361.8260536758
 20
-6285.723048001423
 10
-26361.73513821569
 20
-6285.735132689124
 10
-26361.64199355238
 20
-6285.745910289024
 10
-26361.54539242389
 20
-6285.755485686522
 10
-26361.44706011359
 20
-6285.763753996224
 10
-26361.34907341629
 20
-6285.770377599123
 10
-26361.25237340909
 20
-6285.775243955724
 10
-26361.15668532019
 20
-6285.778465605523
 10
-26361.06229628409
 20
-6285.780042548723
  0
LWPOLYLINE
  5
5E5
330
485
100
AcDbEntity
  8
0
  6
Continuous
 62
     8
100
AcDbPolyline
 90
        3
 70
     0
 43
0.0
 10
-26362.79760510119
 20
-6285.510938029823
 10
-26362.76314567139
 20
-6285.520864287924
 10
-26362.68040289099
 20
-6285.544148006223
  0
LINE
  5
5E6
330
485
100
AcDbEntity
  8
0
  6
Continuous
 62
     8
100
AcDbLine
 10
-26362.86459860678
 20
-6285.490761903223
 30
0.0
 11
-26362.79760510119
 21
-6285.510938029823
 31
0.0
  0
LWPOLYLINE
  5
5E7
330
485
100
AcDbEntity
  8
0
  6
Continuous
 62
     8
100
AcDbPolyline
 90
        3
 70
     0
 43
0.0
 10
-26362.87729623609
 20
-6285.486756796123
 10
-26362.87412566169
 20
-6285.487838842524
 10
-26362.86459860678
 20
-6285.490761903223
  0
LWPOLYLINE
  5
5E8
330
485
100
AcDbEntity
  8
0
  6
Continuous
 62
     8
100
AcDbPolyline
 90
        3
 70
     0
 43
0.0
 10
-26318.50732547489
 20
-6237.608519817546
 10
-26318.51233910029
 20
-6237.605059056146
 10
-26318.51734914109
 20
-6237.594717079747
  0
LWPOLYLINE
  5
5E9
330
485
100
AcDbEntity
  8
0
  6
Continuous
 62
     8
100
AcDbPolyline
 90
       26
 70
     0
 43
0.0
 10
-26306.64464653849
 20
-6236.153567961945
 10
-26306.74301747029
 20
-6236.035854863345
 10
-26306.84604778518
 20
-6235.921591287445
 10
-26306.95359800009
 20
-6235.810945387945
 10
-26307.06549128379
 20
-6235.704107106045
 10
-26307.18155327409
 20
-6235.601230641446
 10
-26307.30162350368
 20
-6235.502454250646
 10
-26307.42552816788
 20
-6235.407928126446
 10
-26307.55309230778
 20
-6235.317793566546
 10
-26307.68413034529
 20
-6235.232171829146
 10
-26307.81845216048
 20
-6235.151182386646
 10
-26307.95587032949
 20
-6235.074943568746
 10
-26308.09618925378
 20
-6235.003570490646
 10
-26308.23920037009
 20
-6234.937164511245
 10
-26308.38470411729
 20
-6234.875819436245
 10
-26308.5324960058
 20
-6234.819629853546
 10
-26308.68235021199
 20
-6234.768677373246
 10
-26308.83405461909
 20
-6234.723024809645
 10
-26308.98738916459
 20
-6234.682737401545
 10
-26309.14211249569
 20
-6234.647876749447
 10
-26309.29799674168
 20
-6234.618488754146
 10
-26309.45485077019
 20
-6234.594611478746
 10
-26309.61248181939
 20
-6234.576278652446
 10
-26309.77064628869
 20
-6234.563507714346
 10
-26309.92907609289
 20
-6234.556313690745
 10
-26310.05351247498
 20
-6234.554582853245
  0
LWPOLYLINE
  5
5EA
330
485
100
AcDbEntity
  8
0
  6
Continuous
 62
     8
100
AcDbPolyline
 90
       10
 70
     0
 43
0.0
 10
-26306.395753592
 20
-6235.640294333245
 10
-26306.38201801589
 20
-6235.657439802444
 10
-26306.36855279599
 20
-6235.674478989146
 10
-26306.35546268959
 20
-6235.691388812046
 10
-26306.34287657779
 20
-6235.708156434146
 10
-26306.33084458199
 20
-6235.724746020046
 10
-26306.31935007568
 20
-6235.741104742646
 10
-26306.30844465849
 20
-6235.757204416346
 10
-26306.29823543799
 20
-6235.773035959846
 10
-26306.28879064989
 20
-6235.788579980846
  0
LWPOLYLINE
  5
5EB
330
485
100
AcDbEntity
  8
0
  6
Continuous
 62
     8
100
AcDbPolyline
 90
        9
 70
     0
 43
0.0
 10
-26306.28879064989
 20
-6235.788579980846
 10
-26306.28319524669
 20
-6235.798217278346
 10
-26306.2779678981
 20
-6235.807624366646
 10
-26306.27311789149
 20
-6235.816796129445
 10
-26306.26866002909
 20
-6235.825717515345
 10
-26306.26459232408
 20
-6235.834393808746
 10
-26306.26090212838
 20
-6235.842851118846
 10
-26306.25759338269
 20
-6235.851095677347
 10
-26306.25468050759
 20
-6235.859113362046
  0
LWPOLYLINE
  5
5EC
330
485
100
AcDbEntity
  8
0
  6
Continuous
 62
     8
100
AcDbPolyline
 90
        3
 70
     0
 43
0.0
 10
-26293.23964191159
 20
-6298.168262498023
 10
-26293.22454419789
 20
-6298.207756405124
 10
-26293.21135605969
 20
-6298.247706583024
  0
LINE
  5
5ED
330
485
100
AcDbEntity
  8
0
  6
Continuous
 62
     8
100
AcDbLine
 10
-26306.39575362858
 20
-6235.640294265446
 30
0.0
 11
-26307.12079211849
 21
-6235.795658783246
 31
0.0
  0
LINE
  5
5EE
330
485
100
AcDbEntity
  8
0
  6
Continuous
 62
     8
100
AcDbLine
 10
-26307.12079211849
 20
-6235.795658783246
 30
0.0
 11
-26307.48377060979
 21
-6235.872806866044
 31
0.0
  0
LINE
  5
5EF
330
485
100
AcDbEntity
  8
0
  6
Continuous
 62
     8
100
AcDbLine
 10
-26306.70846050459
 20
-6236.077206586146
 30
0.0
 11
-26306.39361325779
 21
-6236.012980785346
 31
0.0
  0
LINE
  5
5F0
330
485
100
AcDbEntity
  8
0
  6
Continuous
 62
     8
100
AcDbLine
 10
-26320.27002316119
 20
-6236.273500586546
 30
0.0
 11
-26320.23167506449
 21
-6236.267764136746
 31
0.0
  0
LWPOLYLINE
  5
5F1
330
485
100
AcDbEntity
  8
0
  6
Continuous
 62
     8
100
AcDbPolyline
 90
       16
 70
     0
 43
0.0
 10
-26320.19131491949
 20
-6236.261832208545
 10
-26320.17591072759
 20
-6236.259544045446
 10
-26320.16934726899
 20
-6236.258621663646
 10
-26320.16349857739
 20
-6236.257737182945
 10
-26320.15832799159
 20
-6236.257033728146
 10
-26320.15380314188
 20
-6236.256487581646
 10
-26320.14988648089
 20
-6236.255870452746
 10
-26320.1464975481
 20
-6236.255603935646
 10
-26320.14363544319
 20
-6236.255495600645
 10
-26320.14133921589
 20
-6236.254831183346
 10
-26320.13952818998
 20
-6236.253939294946
 10
-26320.1381236258
 20
-6236.253282823646
 10
-26320.13710772648
 20
-6236.252723354045
 10
-26320.13641195319
 20
-6236.252403879347
 10
-26320.13594944329
 20
-6236.252635763246
 10
-26320.13566996039
 20
-6236.253570773345
  0
LINE
  5
5F2
330
485
100
AcDbEntity
  8
0
  6
Continuous
 62
     8
100
AcDbLine
 10
-26320.23167506449
 20
-6236.267764136746
 30
0.0
 11
-26320.19131491949
 21
-6236.261832208545
 31
0.0
  0
LINE
  5
5F3
330
485
100
AcDbEntity
  8
0
  6
Continuous
 62
     8
100
AcDbLine
 10
-26320.28405245409
 20
-6236.275539019846
 30
0.0
 11
-26320.27002316119
 21
-6236.273500586546
 31
0.0
  0
LINE
  5
5F4
330
485
100
AcDbEntity
  8
0
  6
Continuous
 62
     8
100
AcDbLine
 10
-26329.83082812609
 20
-6237.688962889646
 30
0.0
 11
-26329.88109592669
 21
-6237.696356189046
 31
0.0
  0
LWPOLYLINE
  5
5F5
330
485
100
AcDbEntity
  8
0
  6
Continuous
 62
     8
100
AcDbPolyline
 90
        3
 70
     0
 43
0.0
 10
-26329.78054001809
 20
-6237.681499893145
 10
-26329.79827550329
 20
-6237.684036387445
 10
-26329.83082812609
 20
-6237.688962889646
  0
LWPOLYLINE
  5
5F6
330
485
100
AcDbEntity
  8
0
  6
Continuous
 62
     8
100
AcDbPolyline
 90
       12
 70
     0
 43
0.0
 10
-26329.88109592669
 20
-6237.696356189046
 10
-26329.89047385708
 20
-6237.697679253046
 10
-26329.89865651059
 20
-6237.698980757046
 10
-26329.90571661549
 20
-6237.699807346046
 10
-26329.91169087358
 20
-6237.700367510345
 10
-26329.91662488129
 20
-6237.701376732546
 10
-26329.920722832
 20
-6237.701583609446
 10
-26329.92394205319
 20
-6237.701448821446
 10
-26329.92615752159
 20
-6237.702598563346
 10
-26329.92755528628
 20
-6237.704261039246
 10
-26329.92842711599
 20
-6237.704744036245
 10
-26329.92892263629
 20
-6237.703468020546
  0
LWPOLYLINE
  5
5F7
330
485
100
AcDbEntity
  8
0
  6
Continuous
 62
     8
100
AcDbPolyline
 90
       46
 70
     0
 43
0.0
 10
-26332.4516543554
 20
-6239.078518167446
 10
-26332.30418996969
 20
-6239.073154445545
 10
-26332.15873313089
 20
-6239.057755571045
 10
-26332.01528383909
 20
-6239.032321543946
 10
-26331.87309898748
 20
-6238.996639254846
 10
-26331.7329216829
 20
-6238.950921813046
 10
-26331.59698124528
 20
-6238.895808546946
 10
-26331.46533224209
 20
-6238.831023495246
 10
-26331.33792010589
 20
-6238.756842619146
 10
-26331.21681045449
 20
-6238.674733131045
 10
-26331.10231441059
 20
-6238.584836988846
 10
-26330.99412085149
 20
-6238.487012234745
 10
-26330.89336202618
 20
-6238.382300207246
 10
-26330.79997577139
 20
-6238.270443138945
 10
-26330.71402425039
 20
-6238.151698797446
 10
-26330.63682620299
 20
-6238.027881823644
 10
-26330.56852463799
 20
-6237.898921880946
 10
-26330.50897654669
 20
-6237.764889305945
 10
-26330.45907164209
 20
-6237.627809750545
 10
-26330.41897820019
 20
-6237.487681827847
 10
-26330.38852794509
 20
-6237.344506924746
 10
-26330.36810576248
 20
-6237.200314852646
 10
-26330.35785011549
 20
-6237.055084188045
 10
-26330.35762254098
 20
-6236.908836354547
 10
-26330.36739253579
 20
-6236.763665434346
 10
-26330.38728182739
 20
-6236.619619309145
 10
-26330.41716868819
 20
-6236.476650097246
 10
-26330.45665743249
 20
-6236.336708235345
 10
-26330.50588141939
 20
-6236.199813549546
 10
-26330.56470728959
 20
-6236.065946213646
 10
-26330.63233927999
 20
-6235.936997187145
 10
-26330.7089094108
 20
-6235.812989731846
 10
-26330.79428566159
 20
-6235.693900585846
 10
-26330.88727620859
 20
-6235.581550921746
 10
-26330.98786328559
 20
-6235.476154166345
 10
-26331.09606465879
 20
-6235.377496893046
 10
-26331.21074180179
 20
-6235.286759993846
 10
-26331.33222909198
 20
-6235.203813902646
 10
-26331.46019215199
 20
-6235.128788185746
 10
-26331.59248932289
 20
-6235.063252434146
 10
-26331.72919746349
 20
-6235.007505582445
 10
-26331.87023971498
 20
-6234.961248696146
 10
-26332.01324384269
 20
-6234.925154562746
 10
-26332.15741910169
 20
-6234.899447444746
 10
-26332.30355623678
 20
-6234.883903079746
 10
-26332.4516552482
 20
-6234.878521467746
  0
LWPOLYLINE
  5
5F8
330
485
100
AcDbEntity
  8
0
  6
Continuous
 62
     8
100
AcDbPolyline
 90
       46
 70
     0
 43
0.0
 10
-26332.4516553576
 20
-6239.228519512245
 10
-26332.32963479369
 20
-6239.225149995746
 10
-26332.17378994528
 20
-6239.211063184846
 10
-26332.0191068535
 20
-6239.186129648245
 10
-26331.86628253219
 20
-6239.150467865046
 10
-26331.71604252319
 20
-6239.104193593246
 10
-26331.5691551593
 20
-6239.047411073546
 10
-26331.42640564688
 20
-6238.980251031044
 10
-26331.28864067649
 20
-6238.903047647146
 10
-26331.15654551379
 20
-6238.816252538747
 10
-26331.03069913469
 20
-6238.720330971847
 10
-26330.91168428659
 20
-6238.615712051746
 10
-26330.80014286619
 20
-6238.502822602845
 10
-26330.6967462151
 20
-6238.382082119546
 10
-26330.60208326169
 20
-6238.254099186346
 10
-26330.51667703268
 20
-6238.119647479546
 10
-26330.44093203238
 20
-6237.979424708246
 10
-26330.37515744259
 20
-6237.834082625045
 10
-26330.31970504308
 20
-6237.684337988746
 10
-26330.27498069759
 20
-6237.530915677545
 10
-26330.24135885349
 20
-6237.374563557646
 10
-26330.21896741569
 20
-6237.216172613346
 10
-26330.20782707319
 20
-6237.056600195745
 10
-26330.20795892778
 20
-6236.896640931445
 10
-26330.21936781519
 20
-6236.737095853346
 10
-26330.24203145609
 20
-6236.578752092945
 10
-26330.27591025709
 20
-6236.422469856945
 10
-26330.32087894429
 20
-6236.269146736446
 10
-26330.37657096958
 20
-6236.119523313345
 10
-26330.4425735792
 20
-6235.974313112645
 10
-26330.51853027899
 20
-6235.834235322146
 10
-26330.60413825818
 20
-6235.699947212746
 10
-26330.69899799219
 20
-6235.572141177846
 10
-26330.80257070529
 20
-6235.451584949445
 10
-26330.91426661099
 20
-6235.338894150745
 10
-26331.03342067349
 20
-6235.234483383646
 10
-26331.15939026759
 20
-6235.138775556147
 10
-26331.29159220529
 20
-6235.052201190747
 10
-26331.42944535829
 20
-6234.975226266046
 10
-26331.57226346249
 20
-6234.908302076446
 10
-26331.71919693759
 20
-6234.851755243946
 10
-26331.86946256379
 20
-6234.805714770946
 10
-26332.02229306619
 20
-6234.770284620246
 10
-26332.17696290039
 20
-6234.745579881846
 10
-26332.33277601418
 20
-6234.731718579745
 10
-26332.45165424999
 20
-6234.728520068347
  0
LINE
  5
5F9
330
485
100
AcDbEntity
  8
0
  6
Continuous
 62
     8
100
AcDbLine
 10
-26314.69076497159
 20
-6242.978519817545
 30
0.0
 11
-26318.40289623608
 21
-6242.978519817545
 31
0.0
  0
LINE
  5
5FA
330
485
100
AcDbEntity
  8
0
  6
Continuous
 62
     8
100
AcDbLine
 10
-26338.98229623609
 20
-6242.978519817545
 30
0.0
 11
-26328.03229623609
 21
-6242.978519817545
 31
0.0
  0
LINE
  5
5FB
330
485
100
AcDbEntity
  8
0
  6
Continuous
 62
     8
100
AcDbLine
 10
-26322.03229623609
 20
-6242.978519817545
 30
0.0
 11
-26318.73229623609
 21
-6242.978519817545
 31
0.0
  0
LINE
  5
5FC
330
485
100
AcDbEntity
  8
0
  6
Continuous
 62
     8
100
AcDbLine
 10
-26297.55306712878
 20
-6291.439172553523
 30
0.0
 11
-26306.01407408808
 21
-6291.439172553523
 31
0.0
  0
LINE
  5
5FD
330
485
100
AcDbEntity
  8
0
  6
Continuous
 62
     8
100
AcDbLine
 10
-26318.40289623608
 20
-6240.439172560146
 30
0.0
 11
-26318.73229623609
 21
-6240.439172560146
 31
0.0
  0
LINE
  5
5FE
330
485
100
AcDbEntity
  8
0
  6
Continuous
 62
     8
100
AcDbLine
 10
-26339.1322962361
 20
-6291.439172553523
 30
0.0
 11
-26353.05306712878
 21
-6291.439172553523
 31
0.0
  0
LINE
  5
5FF
330
485
100
AcDbEntity
  8
0
  6
Continuous
 62
     8
100
AcDbLine
 10
-26332.45313411888
 20
-6239.378519817545
 30
0.0
 11
-26333.21145502029
 21
-6239.378519817545
 31
0.0
  0
LINE
  5
600
330
485
100
AcDbEntity
  8
0
  6
Continuous
 62
     8
100
AcDbLine
 10
-26332.45165467019
 20
-6239.228519817545
 30
0.0
 11
-26333.20711688119
 21
-6239.228519817545
 31
0.0
  0
LINE
  5
601
330
485
100
AcDbEntity
  8
0
  6
Continuous
 62
     8
100
AcDbLine
 10
-26318.50732547459
 20
-6237.608519817546
 30
0.0
 11
-26318.53727845109
 21
-6237.608519817546
 31
0.0
  0
LWPOLYLINE
  5
602
330
485
100
AcDbEntity
  8
0
  6
Continuous
 62
     8
100
AcDbPolyline
 90
        8
 70
     0
 43
0.0
 10
-26333.20711688119
 20
-6239.228519817545
 10
-26333.36530987889
 20
-6239.222834346746
 10
-26333.5212725658
 20
-6239.206438443045
 10
-26333.67500494199
 20
-6239.179332106546
 10
-26333.82726435539
 20
-6239.141268023946
 10
-26333.97729345799
 20
-6239.092493508446
 10
-26334.1228202061
 20
-6239.033750500046
 10
-26334.14791923558
 20
-6239.021480185646
  0
LWPOLYLINE
  5
603
330
485
100
AcDbEntity
  8
0
  6
Continuous
 62
     8
100
AcDbPolyline
 90
       25
 70
     0
 43
0.0
 10
-26294.0644433917
 20
-6297.443056588023
 10
-26293.96807358729
 20
-6297.455572435424
 10
-26293.87410623199
 20
-6297.470079812923
 10
-26293.78254068408
 20
-6297.486462654424
 10
-26293.69332397548
 20
-6297.504570528423
 10
-26293.60650758529
 20
-6297.524311684323
 10
-26293.52224778839
 20
-6297.545687890523
 10
-26293.44057279389
 20
-6297.568629787424
 10
-26293.36145339939
 20
-6297.593031141624
 10
-26293.28496018388
 20
-6297.618882595322
 10
-26293.2110648857
 20
-6297.646082005724
 10
-26293.13979485119
 20
-6297.674572642623
 10
-26293.07130448289
 20
-6297.704451475325
 10
-26293.00556683019
 20
-6297.735589715323
 10
-26292.94260827929
 20
-6297.767991137723
 10
-26292.88266407189
 20
-6297.802018724423
 10
-26292.82564348289
 20
-6297.837883461624
 10
-26292.77163786469
 20
-6297.875330439024
 10
-26292.72115573839
 20
-6297.914034586123
 10
-26292.67419667199
 20
-6297.953870914524
 10
-26292.63076043979
 20
-6297.994812146823
 10
-26292.59135531109
 20
-6298.036639778622
 10
-26292.55615025279
 20
-6298.079213458723
 10
-26292.52497508498
 20
-6298.122480149623
 10
-26292.49782915359
 20
-6298.166339243123
  0
LWPOLYLINE
  5
604
330
485
100
AcDbEntity
  8
0
  6
Continuous
 62
     8
100
AcDbPolyline
 90
       16
 70
     0
 43
0.0
 10
-26283.71143181658
 20
-6298.204123740623
 10
-26283.68204175488
 20
-6298.210051598423
 10
-26283.65284582019
 20
-6298.215270603623
 10
-26283.62432865239
 20
-6298.219694742723
 10
-26283.59724709749
 20
-6298.223231911924
 10
-26283.57168563538
 20
-6298.225910480323
 10
-26283.54712787349
 20
-6298.227790154923
 10
-26283.52382664789
 20
-6298.228823847423
 10
-26283.50229764138
 20
-6298.228969993822
 10
-26283.48255242189
 20
-6298.228206836324
 10
-26283.46496896998
 20
-6298.226515697423
 10
-26283.44986171629
 20
-6298.223907049523
 10
-26283.43729728879
 20
-6298.220358781123
 10
-26283.42753373789
 20
-6298.215880243024
 10
-26283.42084412548
 20
-6298.210558401224
 10
-26283.41731154859
 20
-6298.204494782324
  0
LWPOLYLINE
  5
605
330
485
100
AcDbEntity
  8
0
  6
Continuous
 62
     8
100
AcDbPolyline
 90
       26
 70
     0
 43
0.0
 10
-26294.06444268659
 20
-6297.443040472824
 10
-26294.02695035589
 20
-6297.459792455823
 10
-26293.98878196758
 20
-6297.477548628624
 10
-26293.95001348359
 20
-6297.496381303123
 10
-26293.91092788168
 20
-6297.516314938722
 10
-26293.87141537129
 20
-6297.537444993123
 10
-26293.83099184749
 20
-6297.560019392722
 10
-26293.7891330982
 20
-6297.584565252323
 10
-26293.74667155809
 20
-6297.610855506023
 10
-26293.70512713638
 20
-6297.637986869222
 10
-26293.66491045959
 20
-6297.665739599922
 10
-26293.62578601659
 20
-6297.694365609722
 10
-26293.58819507699
 20
-6297.723549348123
 10
-26293.55239405089
 20
-6297.753092068823
 10
-26293.51820300229
 20
-6297.783146182522
 10
-26293.48539561459
 20
-6297.813926612423
 10
-26293.45400691249
 20
-6297.845458554524
 10
-26293.42411147349
 20
-6297.877713509922
 10
-26293.39558920319
 20
-6297.910872681723
 10
-26293.36846416828
 20
-6297.945000856923
 10
-26293.34285397299
 20
-6297.980038706523
 10
-26293.31880374169
 20
-6298.016000229323
 10
-26293.29632934188
 20
-6298.052956943523
 10
-26293.27555074339
 20
-6298.090807762823
 10
-26293.25663655809
 20
-6298.129286601324
 10
-26293.23964191159
 20
-6298.168262498023
  0
LINE
  5
606
330
485
100
AcDbEntity
  8
0
  6
Continuous
 62
     8
100
AcDbLine
 10
-26322.72762004848
 20
-6232.413416055246
 30
0.0
 11
-26322.69546436758
 21
-6232.434161077145
 31
0.0
  0
LWPOLYLINE
  5
607
330
485
100
AcDbEntity
  8
0
  6
Continuous
 62
     8
100
AcDbPolyline
 90
       13
 70
     0
 43
0.0
 10
-26322.48658195059
 20
-6232.733306186545
 10
-26322.50770027059
 20
-6232.719399691045
 10
-26322.52773667789
 20
-6232.703623310445
 10
-26322.54644902249
 20
-6232.686112359245
 10
-26322.56353900968
 20
-6232.667140317145
 10
-26322.57891985648
 20
-6232.646832660646
 10
-26322.5926329677
 20
-6232.625100311046
 10
-26322.6044982633
 20
-6232.602139728145
 10
-26322.61434800699
 20
-6232.578230095246
 10
-26322.62214889458
 20
-6232.553386116146
 10
-26322.62779129279
 20
-6232.527815027346
 10
-26322.63117618708
 20
-6232.501919841645
 10
-26322.63229623669
 20
-6232.476020513846
  0
LINE
  5
608
330
485
100
AcDbEntity
  8
0
  6
Continuous
 62
     8
100
AcDbLine
 10
-26322.69546436758
 20
-6232.434161077145
 30
0.0
 11
-26322.67015032728
 21
-6232.450754127846
 31
0.0
  0
LINE
  5
609
330
485
100
AcDbEntity
  8
0
  6
Continuous
 62
     8
100
AcDbLine
 10
-26322.67015032728
 20
-6232.450754127846
 30
0.0
 11
-26322.64449853839
 21
-6232.467813506946
 31
0.0
  0
LWPOLYLINE
  5
60A
330
485
100
AcDbEntity
  8
0
  6
Continuous
 62
     8
100
AcDbPolyline
 90
        3
 70
     0
 43
0.0
 10
-26322.64449853839
 20
-6232.467813506946
 10
-26322.63304910109
 20
-6232.475522419146
 10
-26322.63229623609
 20
-6232.476020511146
  0
LWPOLYLINE
  5
60B
330
485
100
AcDbEntity
  8
0
  6
Continuous
 62
     8
100
AcDbPolyline
 90
        3
 70
     0
 43
0.0
 10
-26318.68728454539
 20
-6236.348519817546
 10
-26318.68228310669
 20
-6236.351980834245
 10
-26318.67728229819
 20
-6236.362323014546
  0
LWPOLYLINE
  5
60C
330
485
100
AcDbEntity
  8
0
  6
Continuous
 62
     8
100
AcDbPolyline
 90
       21
 70
     0
 43
0.0
 10
-26307.48377060979
 20
-6235.872806866044
 10
-26307.65224136018
 20
-6235.730354076446
 10
-26307.82045704029
 20
-6235.601073305246
 10
-26307.98841765009
 20
-6235.484843178245
 10
-26308.15615282989
 20
-6235.382061366646
 10
-26308.32363293938
 20
-6235.292046930147
 10
-26308.49076905759
 20
-6235.213071232145
 10
-26308.65746728959
 20
-6235.144737937146
 10
-26308.8238215304
 20
-6235.087219586845
 10
-26308.99002454329
 20
-6235.039680072645
 10
-26309.15592661549
 20
-6235.001856425647
 10
-26309.32167745989
 20
-6234.973867604345
 10
-26309.48791897859
 20
-6234.955479041646
 10
-26309.65485178738
 20
-6234.946596543646
 10
-26309.82227527049
 20
-6234.947265314946
 10
-26309.99022948219
 20
-6234.957485878446
 10
-26310.15890140449
 20
-6234.977097616346
 10
-26310.32810405529
 20
-6235.006314419646
 10
-26310.49731654309
 20
-6235.045726394345
 10
-26310.66664677888
 20
-6235.095597936846
 10
-26310.6882017305
 20
-6235.103263712346
  0
LWPOLYLINE
  5
60D
330
485
100
AcDbEntity
  8
0
  6
Continuous
 62
     8
100
AcDbPolyline
 90
       46
 70
     0
 43
0.0
 10
-26332.4516552482
 20
-6234.878521467746
 10
-26332.59911963589
 20
-6234.883885195345
 10
-26332.74457647619
 20
-6234.899284074946
 10
-26332.88802576918
 20
-6234.924718106545
 10
-26333.03021062189
 20
-6234.960400399547
 10
-26333.1703879272
 20
-6235.006117844545
 10
-26333.30632836378
 20
-6235.061231113146
 10
-26333.43797736289
 20
-6235.126016166645
 10
-26333.56538949309
 20
-6235.200197043845
 10
-26333.68649913879
 20
-6235.282306532845
 10
-26333.80099517779
 20
-6235.372202676346
 10
-26333.90918873219
 20
-6235.470027431846
 10
-26334.00994755298
 20
-6235.574739459845
 10
-26334.10333380379
 20
-6235.686596527745
 10
-26334.18928532079
 20
-6235.805340868246
 10
-26334.26648336459
 20
-6235.929157840547
 10
-26334.33478492599
 20
-6236.058117781446
 10
-26334.39433301419
 20
-6236.192150354145
 10
-26334.44423791588
 20
-6236.329229907147
 10
-26334.4843313555
 20
-6236.469357827147
 10
-26334.51478160859
 20
-6236.612532727446
 10
-26334.53520378959
 20
-6236.756724796646
 10
-26334.54545943559
 20
-6236.901955458247
 10
-26334.54568700938
 20
-6237.048203288746
 10
-26334.53591701439
 20
-6237.193374206146
 10
-26334.51602772289
 20
-6237.337420328546
 10
-26334.48614086239
 20
-6237.480389537847
 10
-26334.44665211899
 20
-6237.620331397245
 10
-26334.39742813329
 20
-6237.757226080845
 10
-26334.33860226448
 20
-6237.891093414447
 10
-26334.27097027599
 20
-6238.020042438845
 10
-26334.19440014749
 20
-6238.144049891946
 10
-26334.10902389929
 20
-6238.263139035845
 10
-26334.01603335569
 20
-6238.375488698046
 10
-26333.91544628279
 20
-6238.480885452145
 10
-26333.80724491449
 20
-6238.579542724546
 10
-26333.69256777709
 20
-6238.670279622845
 10
-26333.57108049369
 20
-6238.753225712946
 10
-26333.44311744119
 20
-6238.828251428945
 10
-26333.31082027599
 20
-6238.893787180445
 10
-26333.17411213849
 20
-6238.949534033146
 10
-26333.0330698884
 20
-6238.995790921546
 10
-26332.89006576149
 20
-6239.031885057946
 10
-26332.74589050299
 20
-6239.057592179746
 10
-26332.59975336759
 20
-6239.073136549545
 10
-26332.4516543554
 20
-6239.078518167446
  0
LWPOLYLINE
  5
60E
330
485
100
AcDbEntity
  8
0
  6
Continuous
 62
     8
100
AcDbPolyline
 90
       46
 70
     0
 43
0.0
 10
-26332.45165423949
 20
-6234.728520122846
 10
-26332.60661544929
 20
-6234.733974907946
 10
-26332.76119074289
 20
-6234.750276905946
 10
-26332.91467338628
 20
-6234.777334115045
 10
-26333.06645588599
 20
-6234.815099423645
 10
-26333.21570446939
 20
-6234.863482306646
 10
-26333.36136821839
 20
-6234.922303791146
 10
-26333.50267952099
 20
-6234.991388157346
 10
-26333.63878642429
 20
-6235.070344017046
 10
-26333.76874092459
 20
-6235.158457126446
 10
-26333.89180624049
 20
-6235.254999681145
 10
-26334.0077277567
 20
-6235.359632327245
 10
-26334.11627935999
 20
-6235.472233731145
 10
-26334.21696608589
 20
-6235.592575175045
 10
-26334.30907198489
 20
-6235.719876661246
 10
-26334.39199990439
 20
-6235.853211416347
 10
-26334.4653805456
 20
-6235.991822671246
 10
-26334.52900730329
 20
-6236.135139771546
 10
-26334.58259719228
 20
-6236.282501184746
 10
-26334.62579393198
 20
-6236.433202823945
 10
-26334.65828468029
 20
-6236.586540696045
 10
-26334.67999988539
 20
-6236.741740397846
 10
-26334.69093858329
 20
-6236.898017878046
 10
-26334.6910914172
 20
-6237.054614283945
 10
-26334.68046402108
 20
-6237.210799641746
 10
-26334.65908914879
 20
-6237.365815028145
 10
-26334.62700589089
 20
-6237.518899099745
 10
-26334.5842785074
 20
-6237.669324137046
 10
-26334.53121941598
 20
-6237.816370273146
 10
-26334.4681926226
 20
-6237.959380193146
 10
-26334.39543333159
 20
-6238.097813725645
 10
-26334.31311752739
 20
-6238.231104640346
 10
-26334.22158754788
 20
-6238.358486459946
 10
-26334.12137720049
 20
-6238.479098034446
 10
-26334.01314080189
 20
-6238.592145689846
 10
-26333.89736550258
 20
-6238.697337985046
 10
-26333.7742932526
 20
-6238.794510303946
 10
-26333.64416355879
 20
-6238.883302645346
 10
-26333.50770925149
 20
-6238.962957084545
 10
-26333.365916291
 20
-6239.032700935645
 10
-26333.21963033889
 20
-6239.092125759945
 10
-26333.06963717679
 20
-6239.141027248145
 10
-26332.9170695273
 20
-6239.179195363444
 10
-26332.76279970908
 20
-6239.206535626846
 10
-26332.60742177719
 20
-6239.223007824746
 10
-26332.45165422779
 20
-6239.228519566746
  0
LWPOLYLINE
  5
60F
330
485
100
AcDbEntity
  8
0
  6
Continuous
 62
     8
100
AcDbPolyline
 90
       22
 70
     0
 43
0.0
 10
-26288.97229620879
 20
-6285.780059585023
 10
-26288.86287175119
 20
-6285.777868260824
 10
-26288.75420082959
 20
-6285.773837236723
 10
-26288.64667040009
 20
-6285.767966512523
 10
-26288.54021494329
 20
-6285.760041599323
 10
-26288.43565573019
 20
-6285.750276986123
 10
-26288.33462726719
 20
-6285.739316140223
 10
-26288.23928923219
 20
-6285.727413938225
 10
-26288.14784514788
 20
-6285.714315503523
 10
-26288.05622776179
 20
-6285.699899673723
 10
-26287.96278503629
 20
-6285.683762916124
 10
-26287.87054573299
 20
-6285.666308763423
 10
-26287.78256157449
 20
-6285.648626650923
 10
-26287.69948459129
 20
-6285.630730195924
 10
-26287.62131022508
 20
-6285.612605781024
 10
-26287.54949436399
 20
-6285.595301990123
 10
-26287.48429814619
 20
-6285.578989542323
 10
-26287.42541936269
 20
-6285.563497718623
 10
-26287.37307498209
 20
-6285.549362945124
 10
-26287.32754399079
 20
-6285.536773193123
 10
-26287.28804753579
 20
-6285.525540491423
 10
-26287.22361962079
 20
-6285.506955636323
  0
LWPOLYLINE
  5
610
330
485
100
AcDbEntity
  8
0
  6
Continuous
 62
     8
100
AcDbPolyline
 90
       36
 70
     0
 43
0.0
 10
-26310.05626853639
 20
-6234.565076651346
 10
-26310.20254096529
 20
-6234.567459165745
 10
-26310.34858432149
 20
-6234.574600583446
 10
-26310.49421519709
 20
-6234.586488618447
 10
-26310.63927166328
 20
-6234.603113495046
 10
-26310.78354866779
 20
-6234.624461629546
 10
-26310.92679939419
 20
-6234.650508325246
 10
-26311.06882380269
 20
-6234.681215544746
 10
-26311.20946979299
 20
-6234.716533385146
 10
-26311.3485655339
 20
-6234.756407642946
 10
-26311.48591212498
 20
-6234.800774880945
 10
-26311.62136455459
 20
-6234.849587713146
 10
-26311.75483007938
 20
-6234.902822041746
 10
-26311.88614195829
 20
-6234.960408290846
 10
-26312.01514300529
 20
-6235.022266968045
 10
-26312.14175346879
 20
-6235.088360357245
 10
-26312.26584957749
 20
-6235.158639968545
 10
-26312.38722276969
 20
-6235.233011073946
 10
-26312.50566824669
 20
-6235.311363655746
 10
-26312.62104355839
 20
-6235.393594868445
 10
-26312.73320635169
 20
-6235.479595904244
 10
-26312.84197244388
 20
-6235.569221124046
 10
-26312.94718914059
 20
-6235.662343197045
 10
-26313.04873694649
 20
-6235.758862854146
 10
-26313.14649712899
 20
-6235.858662450745
 10
-26313.24034775468
 20
-6235.961593683645
 10
-26313.33019168518
 20
-6236.067533651144
 10
-26313.41595528769
 20
-6236.176395319746
 10
-26313.49754281609
 20
-6236.288073947245
 10
-26313.57481989179
 20
-6236.402409158946
 10
-26313.64767275268
 20
-6236.519221763646
 10
-26313.71601817609
 20
-6236.638352414646
 10
-26313.77978150819
 20
-6236.759656637946
 10
-26313.83887648499
 20
-6236.882969712446
 10
-26313.89322044359
 20
-6237.008126122045
 10
-26313.94240089079
 20
-6237.134083232045
  0
LINE
  5
611
330
485
100
AcDbEntity
  8
0
  6
Continuous
 62
     8
100
AcDbLine
 10
-26310.05351248249
 20
-6234.554582853245
 30
0.0
 11
-26310.05640877249
 21
-6234.554621702245
 31
0.0
  0
LINE
  5
612
330
485
100
AcDbEntity
  8
0
  6
Continuous
 62
     8
100
AcDbLine
 10
-26297.55306712878
 20
-6285.577479314323
 30
0.0
 11
-26290.78729623608
 21
-6285.518435326224
 31
0.0
  0
LINE
  5
613
330
485
100
AcDbEntity
  8
0
  6
Continuous
 62
     8
100
AcDbLine
 10
-26287.1572962361
 20
-6285.486756796123
 30
0.0
 11
-26283.55124469879
 21
-6285.455287261124
 31
0.0
  0
LWPOLYLINE
  5
614
330
485
100
AcDbEntity
  8
0
  6
Continuous
 62
     8
100
AcDbPolyline
 90
       22
 70
     0
 43
0.0
 10
-26361.06229628409
 20
-6285.780042548723
 10
-26360.95347047938
 20
-6285.779755563323
 10
-26360.84488404409
 20
-6285.777606330722
 10
-26360.73693129169
 20
-6285.773594850924
 10
-26360.62930788678
 20
-6285.767522020322
 10
-26360.52313004759
 20
-6285.759586942623
 10
-26360.42081647219
 20
-6285.750386928824
 10
-26360.32472755319
 20
-6285.740138659224
 10
-26360.2328389086
 20
-6285.728625453523
 10
-26360.1411719962
 20
-6285.715794581824
 10
-26360.048120776
 20
-6285.701274854023
 10
-26359.9565936661
 20
-6285.685437460223
 10
-26359.86947976189
 20
-6285.669343240523
 10
-26359.78749329449
 20
-6285.653042054524
 10
-26359.71047420139
 20
-6285.636484042623
 10
-26359.63947843929
 20
-6285.620580466524
 10
-26359.57464371829
 20
-6285.605441114123
 10
-26359.51589879348
 20
-6285.590956197523
 10
-26359.46363684229
 20
-6285.577707614324
 10
-26359.4181827251
 20
-6285.565890297723
 10
-26359.37871525109
 20
-6285.555309314522
 10
-26359.31424075929
 20
-6285.537748058323
  0
LINE
  5
615
330
485
100
AcDbEntity
  8
0
  6
Continuous
 62
     8
100
AcDbLine
 10
-26297.55306712878
 20
-6287.356852747523
 30
0.0
 11
-26306.4923045071
 21
-6287.356852747523
 31
0.0
  0
LINE
  5
616
330
485
100
AcDbEntity
  8
0
  6
Continuous
 62
     8
100
AcDbLine
 10
-26318.40289623608
 20
-6236.356852754146
 30
0.0
 11
-26318.65102422759
 21
-6236.356852754146
 31
0.0
  0
LINE
  5
617
330
485
100
AcDbEntity
  8
0
  6
Continuous
 62
     8
100
AcDbLine
 10
-26318.69344176799
 20
-6236.356852754146
 30
0.0
 11
-26318.73229623609
 21
-6236.356852754146
 31
0.0
  0
LINE
  5
618
330
485
100
AcDbEntity
  8
0
  6
Continuous
 62
     8
100
AcDbLine
 10
-26339.1322962361
 20
-6287.356852747523
 30
0.0
 11
-26353.05306712878
 21
-6287.356852747523
 31
0.0
  0
LINE
  5
619
330
485
100
AcDbEntity
  8
0
  6
Continuous
 62
     8
100
AcDbLine
 10
-26318.6573253458
 20
-6236.348519817546
 30
0.0
 11
-26318.68728454539
 21
-6236.348519817546
 31
0.0
  0
LINE
  5
61A
330
485
100
AcDbEntity
  8
0
  6
Continuous
 62
     8
100
AcDbLine
 10
-26333.20711998329
 20
-6234.728519817545
 30
0.0
 11
-26332.4516549224
 21
-6234.728519817545
 31
0.0
  0
LINE
  5
61B
330
485
100
AcDbEntity
  8
0
  6
Continuous
 62
     8
100
AcDbLine
 10
-26333.21145835519
 20
-6234.578519817546
 30
0.0
 11
-26332.45313729089
 21
-6234.578519817546
 31
0.0
  0
LINE
  5
61C
330
485
100
AcDbEntity
  8
0
  6
Continuous
 62
     8
100
AcDbLine
 10
-26353.05306712878
 20
-6282.083793072923
 30
0.0
 11
-26339.12539034889
 21
-6282.083793072923
 31
0.0
  0
LINE
  5
61D
330
485
100
AcDbEntity
  8
0
  6
Continuous
 62
     8
100
AcDbLine
 10
-26318.73229623609
 20
-6231.083793079545
 30
0.0
 11
-26318.40289623608
 21
-6231.083793079545
 31
0.0
  0
LINE
  5
61E
330
485
100
AcDbEntity
  8
0
  6
Continuous
 62
     8
100
AcDbLine
 10
-26299.04533288093
 20
-6282.083793072923
 30
0.0
 11
-26297.55306712878
 21
-6282.083793072923
 31
0.0
  0
LINE
  5
61F
330
485
100
AcDbEntity
  8
0
  6
Continuous
 62
     8
100
AcDbLine
 10
-26306.3957535982
 20
-6230.978519817545
 30
0.0
 11
-26318.40289623608
 21
-6230.978519817545
 31
0.0
  0
LINE
  5
620
330
485
100
AcDbEntity
  8
0
  6
Continuous
 62
     8
100
AcDbLine
 10
-26318.73229623609
 20
-6230.978519817545
 30
0.0
 11
-26322.63229623609
 21
-6230.978519817545
 31
0.0
  0
LINE
  5
621
330
485
100
AcDbEntity
  8
0
  6
Continuous
 62
     8
100
AcDbLine
 10
-26327.43229623608
 20
-6230.978519817545
 30
0.0
 11
-26338.98229623609
 21
-6230.978519817545
 31
0.0
  0
LWPOLYLINE
  5
622
330
485
100
AcDbEntity
  8
0
  6
Continuous
 62
     8
100
AcDbPolyline
 90
       47
 70
     0
 43
0.0
 10
-26325.0322962361
 20
-6231.728519817545
 10
-26324.96996790729
 20
-6231.728984156446
 10
-26324.90751415069
 20
-6231.730394520345
 10
-26324.84497783349
 20
-6231.732750909245
 10
-26324.78242013959
 20
-6231.736052982945
 10
-26324.71986736489
 20
-6231.740301081646
 10
-26324.65731143679
 20
-6231.745496225746
 10
-26324.59480233949
 20
-6231.751641698345
 10
-26324.5323825676
 20
-6231.758734216346
 10
-26324.47003543778
 20
-6231.766764951245
 10
-26324.40781861099
 20
-6231.775736441946
 10
-26324.34577386329
 20
-6231.785646149546
 10
-26324.28386512429
 20
-6231.796477628745
 10
-26324.22213587128
 20
-6231.808238405246
 10
-26324.16065292539
 20
-6231.820920953246
 10
-26324.09942074459
 20
-6231.834486250146
 10
-26324.03848761629
 20
-6231.848946108145
 10
-26323.97792683779
 20
-6231.864288715045
 10
-26323.91778475399
 20
-6231.880439611246
 10
-26323.85811086769
 20
-6231.897415502746
 10
-26323.79898700518
 20
-6231.915199683545
 10
-26323.74050919459
 20
-6231.933667576445
 10
-26323.68273135198
 20
-6231.952837884045
 10
-26323.62573508018
 20
-6231.972691903645
 10
-26323.56965389549
 20
-6231.993048949646
 10
-26323.51453216899
 20
-6232.013930996746
 10
-26323.46045765589
 20
-6232.035316070146
 10
-26323.40761622399
 20
-6232.056957560345
 10
-26323.35605474929
 20
-6232.078869400146
 10
-26323.30583920199
 20
-6232.101037656646
 10
-26323.25716126408
 20
-6232.123173921944
 10
-26323.2100560214
 20
-6232.145282904946
 10
-26323.1645695065
 20
-6232.167359896745
 10
-26323.12087911449
 20
-6232.189102363346
 10
-26323.07901436429
 20
-6232.210498087946
 10
-26323.03898313728
 20
-6232.231559287245
 10
-26323.00089820869
 20
-6232.252020077446
 10
-26322.96476801299
 20
-6232.271861369246
 10
-26322.93058117569
 20
-6232.291102251845
 10
-26322.8983940016
 20
-6232.309534110246
 10
-26322.8682022307
 20
-6232.327131995845
 10
-26322.83997230539
 20
-6232.343920857146
 10
-26322.81369977238
 20
-6232.359766923746
 10
-26322.78936806389
 20
-6232.374648420945
 10
-26322.76693640839
 20
-6232.388587123546
 10
-26322.74636103449
 20
-6232.401514585045
 10
-26322.72762004848
 20
-6232.413416055246
  0
LINE
  5
623
330
485
100
AcDbEntity
  8
0
  6
Continuous
 62
     8
100
AcDbLine
 10
-26353.05306712878
 20
-6285.572491544724
 30
0.0
 11
-26359.24729623609
 21
-6285.518435326224
 31
0.0
  0
LINE
  5
624
330
485
100
AcDbEntity
  8
0
  6
Continuous
 62
     8
100
AcDbLine
 10
-26362.87729623609
 20
-6285.486756796123
 30
0.0
 11
-26366.48334777339
 21
-6285.455287261124
 31
0.0
  0
LWPOLYLINE
  5
625
330
485
100
AcDbEntity
  8
0
  6
Continuous
 62
     8
100
AcDbPolyline
 90
       42
 70
     0
 43
0.0
 10
-26310.05626853639
 20
-6234.565076651346
 10
-26309.90987469529
 20
-6234.567460047446
 10
-26309.76355387689
 20
-6234.574601986146
 10
-26309.61748988809
 20
-6234.586487035945
 10
-26309.47185612559
 20
-6234.603100795347
 10
-26309.32684609939
 20
-6234.624427321945
 10
-26309.18267290379
 20
-6234.650445560246
 10
-26309.03956359479
 20
-6234.681111833046
 10
-26308.897645631
 20
-6234.716380911045
 10
-26308.75698347799
 20
-6234.756231868345
 10
-26308.61770241809
 20
-6234.800638985347
 10
-26308.48003491479
 20
-6234.849543800846
 10
-26308.34420687809
 20
-6234.902880115346
 10
-26308.21039197809
 20
-6234.960574176246
 10
-26308.07874631209
 20
-6235.022545758345
 10
-26307.9494597721
 20
-6235.088696833045
 10
-26307.82271988558
 20
-6235.158926719545
 10
-26307.6986592976
 20
-6235.233163853646
 10
-26307.57738285668
 20
-6235.311350336246
 10
-26307.45903656969
 20
-6235.393379986046
 10
-26307.3437618829
 20
-6235.479143911346
 10
-26307.23165177319
 20
-6235.568572565146
 10
-26307.12283780218
 20
-6235.661574266447
 10
-26307.01748341099
 20
-6235.758030685847
 10
-26306.91572290908
 20
-6235.857826625546
 10
-26306.81766780308
 20
-6235.960844478445
 10
-26306.72345236329
 20
-6236.066943002647
 10
-26306.63322854439
 20
-6236.175956171447
 10
-26306.54711091749
 20
-6236.287755465045
 10
-26306.46522099629
 20
-6236.402199570647
 10
-26306.38769214838
 20
-6236.519086686545
 10
-26306.31461962508
 20
-6236.638237643045
 10
-26306.24606810189
 20
-6236.759522101146
 10
-26306.18211149139
 20
-6236.882804273945
 10
-26306.12283660049
 20
-6237.007920673645
 10
-26306.06831035879
 20
-6237.134725658846
 10
-26306.01856629998
 20
-6237.263108780045
 10
-26305.97365516138
 20
-6237.392915189246
 10
-26305.93363103269
 20
-6237.523980226646
 10
-26305.89853853789
 20
-6237.656180179746
 10
-26305.86842591769
 20
-6237.789389763845
 10
-26305.84333714328
 20
-6237.923414909145
  0
LWPOLYLINE
  5
626
330
485
100
AcDbEntity
  8
0
  6
Continuous
 62
     8
100
AcDbPolyline
 90
        3
 70
     0
 43
0.0
 10
-26359.31424075929
 20
-6285.537748058323
 10
-26359.28968663119
 20
-6285.530767785324
 10
-26359.25765641909
 20
-6285.521493690723
  0
LINE
  5
627
330
485
100
AcDbEntity
  8
0
  6
Continuous
 62
     8
100
AcDbLine
 10
-26353.05306712878
 20
-6281.663460715123
 30
0.0
 11
-26328.48229623609
 21
-6281.663460715123
 31
0.0
  0
LINE
  5
628
330
485
100
AcDbEntity
  8
0
  6
Continuous
 62
     8
100
AcDbLine
 10
-26298.67857944319
 20
-6281.663460715123
 30
0.0
 11
-26297.55306712878
 21
-6281.663460715123
 31
0.0
  0
LINE
  5
629
330
485
100
AcDbEntity
  8
0
  6
Continuous
 62
     8
100
AcDbLine
 10
-26347.5322962361
 20
-6281.498519810924
 30
0.0
 11
-26351.88229623609
 21
-6281.498519810924
 31
0.0
  0
LINE
  5
62A
330
485
100
AcDbEntity
  8
0
  6
Continuous
 62
     8
100
AcDbLine
 10
-26343.03229623609
 20
-6281.209172553523
 30
0.0
 11
-26328.48229623609
 21
-6281.209172553523
 31
0.0
  0
LINE
  5
62B
330
485
100
AcDbEntity
  8
0
  6
Continuous
 62
     8
100
AcDbLine
 10
-26298.0322962361
 20
-6281.209172553523
 30
0.0
 11
-26297.55306712878
 21
-6281.209172553523
 31
0.0
  0
LINE
  5
62C
330
485
100
AcDbEntity
  8
0
  6
Continuous
 62
     8
100
AcDbLine
 10
-26298.0322962361
 20
-6281.048519810924
 30
0.0
 11
-26298.1945551556
 21
-6281.048519810924
 31
0.0
  0
LINE
  5
62D
330
485
100
AcDbEntity
  8
0
  6
Continuous
 62
     8
100
AcDbLine
 10
-26343.03229623609
 20
-6281.048519810924
 30
0.0
 11
-26343.83574862189
 21
-6281.048519810924
 31
0.0
  0
LINE
  5
62E
330
485
100
AcDbEntity
  8
0
  6
Continuous
 62
     8
100
AcDbLine
 10
-26346.7288438502
 20
-6281.048519810924
 30
0.0
 11
-26348.3357486219
 21
-6281.048519810924
 31
0.0
  0
LINE
  5
62F
330
485
100
AcDbEntity
  8
0
  6
Continuous
 62
     8
100
AcDbLine
 10
-26351.22884385019
 20
-6281.048519810924
 30
0.0
 11
-26352.0322962361
 21
-6281.048519810924
 31
0.0
  0
LINE
  5
630
330
485
100
AcDbEntity
  8
0
  6
Continuous
 62
     8
100
AcDbLine
 10
-26321.2822962361
 20
-6229.928519817544
 30
0.0
 11
-26328.7822962361
 21
-6229.928519817544
 31
0.0
  0
LINE
  5
631
330
485
100
AcDbEntity
  8
0
  6
Continuous
 62
     8
100
AcDbLine
 10
-26352.0322962361
 20
-6276.098519810923
 30
0.0
 11
-26343.03229623609
 21
-6276.098519810923
 31
0.0
  0
LINE
  5
632
330
485
100
AcDbEntity
  8
0
  6
Continuous
 62
     8
100
AcDbLine
 10
-26352.0322962361
 20
-6275.798519810923
 30
0.0
 11
-26343.03229623609
 21
-6275.798519810923
 31
0.0
  0
LINE
  5
633
330
485
100
AcDbEntity
  8
0
  6
Continuous
 62
     8
100
AcDbLine
 10
-26351.73229623609
 20
-6275.498519810924
 30
0.0
 11
-26343.33229623609
 21
-6275.498519810924
 31
0.0
  0
LWPOLYLINE
  5
634
330
485
100
AcDbEntity
  8
0
  6
Continuous
 62
     8
100
AcDbPolyline
 90
       20
 70
     0
 43
0.0
 10
-26290.5885155408
 20
-6285.573170339123
 10
-26290.53872365549
 20
-6285.585910673223
 10
-26290.48133977319
 20
-6285.600152021123
 10
-26290.4171713943
 20
-6285.615591391323
 10
-26290.34756691119
 20
-6285.631352352925
 10
-26290.27325515169
 20
-6285.647395254324
 10
-26290.19406959359
 20
-6285.663759747123
 10
-26290.11039499089
 20
-6285.679688354323
 10
-26290.0218340044
 20
-6285.695239652223
 10
-26289.9293610142
 20
-6285.710355064524
 10
-26289.83573577229
 20
-6285.724101385323
 10
-26289.7430840606
 20
-6285.736186497024
 10
-26289.65047155639
 20
-6285.746902517123
 10
-26289.55611807039
 20
-6285.756192592323
 10
-26289.45934802209
 20
-6285.764104990423
 10
-26289.36143243039
 20
-6285.770591443623
 10
-26289.26337814208
 20
-6285.775450295423
 10
-26289.16574644889
 20
-6285.778614326724
 10
-26289.06862120028
 20
-6285.780150756623
 10
-26288.97229620879
 20
-6285.780059585023
  0
LWPOLYLINE
  5
635
330
485
100
AcDbEntity
  8
0
  6
Continuous
 62
     8
100
AcDbPolyline
 90
        3
 70
     0
 43
0.0
 10
-26290.70565895929
 20
-6285.541842503723
 10
-26290.67108879579
 20
-6285.551251194023
 10
-26290.5885155408
 20
-6285.573170339123
  0
LWPOLYLINE
  5
636
330
485
100
AcDbEntity
  8
0
  6
Continuous
 62
     8
100
AcDbPolyline
 90
        5
 70
     0
 43
0.0
 10
-26290.78729623608
 20
-6285.518435326224
 10
-26290.78394339369
 20
-6285.519592283025
 10
-26290.77397014898
 20
-6285.522474181623
 10
-26290.75752151209
 20
-6285.527081022123
 10
-26290.70565895929
 20
-6285.541842503723
  0
LINE
  5
637
330
485
100
AcDbEntity
  8
0
  6
Continuous
 62
     8
100
AcDbLine
 10
-26343.19980176618
 20
-6273.638519810923
 30
0.0
 11
-26351.86479070589
 21
-6273.638519810923
 31
0.0
  0
LINE
  5
638
330
485
100
AcDbEntity
  8
0
  6
Continuous
 62
     8
100
AcDbLine
 10
-26342.83040488099
 20
-6273.511326263123
 30
0.0
 11
-26352.23418759109
 21
-6273.511326263123
 31
0.0
  0
LINE
  5
639
330
485
100
AcDbEntity
  8
0
  6
Continuous
 62
     8
100
AcDbLine
 10
-26315.80703255789
 20
-6219.578519817546
 30
0.0
 11
-26334.25760193449
 21
-6219.578519817546
 31
0.0
  0
LINE
  5
63A
330
485
100
AcDbEntity
  8
0
  6
Continuous
 62
     8
100
AcDbLine
 10
-26315.65711433919
 20
-6219.432446359845
 30
0.0
 11
-26334.40756353949
 21
-6219.432446359845
 31
0.0
  0
LINE
  5
63B
330
485
100
AcDbEntity
  8
0
  6
Continuous
 62
     8
100
AcDbLine
 10
-26356.85578844909
 20
-6269.900535941324
 30
0.0
 11
-26338.20880402309
 21
-6269.900535941324
 31
0.0
  0
LINE
  5
63C
330
485
100
AcDbEntity
  8
0
  6
Continuous
 62
     8
100
AcDbLine
 10
-26296.96114709108
 20
-6269.900535941324
 30
0.0
 11
-26293.20880402309
 21
-6269.900535941324
 31
0.0
  0
LINE
  5
63D
330
485
100
AcDbEntity
  8
0
  6
Continuous
 62
     8
100
AcDbLine
 10
-26292.63229623609
 20
-6268.718519810924
 30
0.0
 11
-26297.61155865426
 21
-6268.718519810924
 31
0.0
  0
LINE
  5
63E
330
485
100
AcDbEntity
  8
0
  6
Continuous
 62
     8
100
AcDbLine
 10
-26337.63229623609
 20
-6268.718519810924
 30
0.0
 11
-26357.43229623608
 21
-6268.718519810924
 31
0.0
  0
LINE
  5
63F
330
485
100
AcDbEntity
  8
0
  6
Continuous
 62
     8
100
AcDbLine
 10
-26357.43229623608
 20
-6267.788519810925
 30
0.0
 11
-26337.63229626029
 21
-6267.788519810925
 31
0.0
  0
LINE
  5
640
330
485
100
AcDbEntity
  8
0
  6
Continuous
 62
     8
100
AcDbLine
 10
-26298.25177578768
 20
-6267.788519810925
 30
0.0
 11
-26292.63229626029
 21
-6267.788519810925
 31
0.0
  0
LINE
  5
641
330
485
100
AcDbEntity
  8
0
  6
Continuous
 62
     8
100
AcDbLine
 10
-26357.28229555849
 20
-6267.638519810923
 30
0.0
 11
-26337.78229633139
 21
-6267.638519810923
 31
0.0
  0
LINE
  5
642
330
485
100
AcDbEntity
  8
0
  6
Continuous
 62
     8
100
AcDbLine
 10
-26298.36784572982
 20
-6267.638519810923
 30
0.0
 11
-26292.78229633139
 21
-6267.638519810923
 31
0.0
  0
LINE
  5
643
330
485
100
AcDbEntity
  8
0
  6
Continuous
 62
     8
100
AcDbLine
 10
-26334.48229623609
 20
-6216.578519817546
 30
0.0
 11
-26315.58229623609
 21
-6216.578519817546
 31
0.0
  0
ARC
  5
644
330
485
100
AcDbEntity
  8
0
  6
Continuous
 62
     8
100
AcDbCircle
 10
-26426.10289623609
 20
-6236.978519817545
 30
0.0
 40
119.9999999999999
100
AcDbArc
 50
357.2022232090022
 51
357.3944326080848
  0
ARC
  5
645
330
485
100
AcDbEntity
  8
0
  6
Continuous
 62
     8
100
AcDbCircle
 10
-26355.93229623608
 20
-6268.718519810924
 30
0.0
 40
1.499999999999999
100
AcDbArc
 50
180.0
 51
232.0000000000461
  0
ARC
  5
646
330
485
100
AcDbEntity
  8
0
  6
Continuous
 62
     8
100
AcDbCircle
 10
-26355.96229623609
 20
-6298.509970805523
 30
0.0
 40
0.8999999999999996
100
AcDbArc
 50
90.50000000013872
 51
163.1636374156583
  0
ARC
  5
647
330
485
100
AcDbEntity
  8
0
  6
Continuous
 62
     8
100
AcDbCircle
 10
-26366.48582356508
 20
-6285.755277078724
 30
0.0
 40
0.2999999999999999
100
AcDbArc
 50
89.52323896553876
 51
168.6928345617762
  0
ARC
  5
648
330
485
100
AcDbEntity
  8
0
  6
Continuous
 62
     8
100
AcDbCircle
 10
-26357.2822962361
 20
-6267.788519810925
 30
0.0
 40
0.1499999999999999
100
AcDbArc
 50
90.0
 51
180.0
  0
ARC
  5
649
330
485
100
AcDbEntity
  8
0
  6
Continuous
 62
     8
100
AcDbCircle
 10
-26325.0322962361
 20
-6356.978519817545
 30
0.0
 40
30.44788254359999
100
AcDbArc
 50
95.65481069078821
 51
84.34519377071524
  0
ARC
  5
64A
330
485
100
AcDbEntity
  8
0
  6
Continuous
 62
     8
100
AcDbCircle
 10
-26325.0322962361
 20
-6356.978519817545
 30
0.0
 40
30.3278871128
100
AcDbArc
 50
95.67712114439979
 51
84.32258202157186
  0
ARC
  5
64B
330
485
100
AcDbEntity
  8
0
  6
Continuous
 62
     8
100
AcDbCircle
 10
-26325.0322962361
 20
-6356.978519817545
 30
0.0
 40
30.19292367159999
100
AcDbArc
 50
95.70260761058468
 51
84.29714536507935
  0
ARC
  5
64C
330
485
100
AcDbEntity
  8
0
  6
Continuous
 62
     8
100
AcDbCircle
 10
-26325.0322962361
 20
-6356.978519817545
 30
0.0
 40
30.0729419067
100
AcDbArc
 50
95.7261688416046
 51
84.27457751164336
  0
ARC
  5
64D
330
485
100
AcDbEntity
  8
0
  6
Continuous
 62
     8
100
AcDbCircle
 10
-26325.0322962361
 20
-6356.978519817545
 30
0.0
 40
30.05929040009999
100
AcDbArc
 50
95.72817579154383
 51
84.27182262893555
  0
ARC
  5
64E
330
485
100
AcDbEntity
  8
0
  6
Continuous
 62
     8
100
AcDbCircle
 10
-26325.0322962361
 20
-6356.978519817545
 30
0.0
 40
29.99999999999999
100
AcDbArc
 50
95.73945242396384
 51
84.26054757603615
  0
ARC
  5
64F
330
485
100
AcDbEntity
  8
0
  6
Continuous
 62
     8
100
AcDbCircle
 10
-26325.0322962361
 20
-6356.978519817545
 30
0.0
 40
29.99209952579999
100
AcDbArc
 50
95.74097043424028
 51
84.25926231296209
  0
ARC
  5
650
330
485
100
AcDbEntity
  8
0
  6
Continuous
 62
     8
100
AcDbCircle
 10
-26325.0322962361
 20
-6356.978519817545
 30
0.0
 40
29.84212237159999
100
AcDbArc
 50
95.76993467493274
 51
84.2303347686535
  0
ARC
  5
651
330
485
100
AcDbEntity
  8
0
  6
Continuous
 62
     8
100
AcDbCircle
 10
-26325.0322962361
 20
-6356.978519817545
 30
0.0
 40
6.150000000099997
100
AcDbArc
 50
119.201777492319
 51
60.79807222150002
  0
ARC
  5
652
330
485
100
AcDbEntity
  8
0
  6
Continuous
 62
     8
100
AcDbCircle
 10
-26325.0322962361
 20
-6356.978519817545
 30
0.0
 40
6.000000000099997
100
AcDbArc
 50
120.00010997497
 51
59.99978101941051
  0
ARC
  5
653
330
485
100
AcDbEntity
  8
0
  6
Continuous
 62
     8
100
AcDbCircle
 10
-26325.0322962361
 20
-6356.978519817545
 30
0.0
 40
5.699999992099997
100
AcDbArc
 50
121.7581160072249
 51
58.2416648236412
  0
ARC
  5
654
330
485
100
AcDbEntity
  8
0
  6
Continuous
 62
     8
100
AcDbCircle
 10
-26325.0322962361
 20
-6356.978519817545
 30
0.0
 40
5.433228265999997
100
AcDbArc
 50
123.5168028848365
 51
56.48446957509269
  0
ARC
  5
655
330
485
100
AcDbEntity
  8
0
  6
Continuous
 62
     8
100
AcDbCircle
 10
-26325.0322962361
 20
-6356.978519817545
 30
0.0
 40
4.984583762599998
100
AcDbArc
 50
127.0144975170421
 51
52.98212336602263
  0
ARC
  5
656
330
485
100
AcDbEntity
  8
0
  6
Continuous
 62
     8
100
AcDbCircle
 10
-26325.0322962361
 20
-6356.978519817545
 30
0.0
 40
4.064999999999998
100
AcDbArc
 50
137.5860191535534
 51
42.41397160723455
  0
ARC
  5
657
330
485
100
AcDbEntity
  8
0
  6
Continuous
 62
     8
100
AcDbCircle
 10
-26325.0322962361
 20
-6356.978519817545
 30
0.0
 40
3.899989685499998
100
AcDbArc
 50
140.2977229199139
 51
39.70228424879177
  0
ARC
  5
658
330
485
100
AcDbEntity
  8
0
  6
Continuous
 62
     8
100
AcDbCircle
 10
-26325.0322962361
 20
-6356.978519817545
 30
0.0
 40
3.779999999999998
100
AcDbArc
 50
142.5507260273809
 51
37.44960924503266
  0
ARC
  5
659
330
485
100
AcDbEntity
  8
0
  6
Continuous
 62
     8
100
AcDbCircle
 10
-26325.0322962361
 20
-6356.978519817545
 30
0.0
 40
3.599999999999998
100
AcDbArc
 50
146.452843165178
 51
33.54771300558446
  0
ARC
  5
65A
330
485
100
AcDbEntity
  8
0
  6
Continuous
 62
     8
100
AcDbCircle
 10
-26325.0322962361
 20
-6356.978519817545
 30
0.0
 40
3.149991773299999
100
AcDbArc
 50
162.3112460014375
 51
17.69017559064925
  0
ARC
  5
65B
330
485
100
AcDbEntity
  8
0
  6
Continuous
 62
     8
100
AcDbCircle
 10
-26325.0322962361
 20
-6356.978519817545
 30
0.0
 40
3.106563178899998
100
AcDbArc
 50
238.6750207245746
 51
278.3640536686675
  0
ARC
  5
65C
330
485
100
AcDbEntity
  8
0
  6
Continuous
 62
     8
100
AcDbCircle
 10
-26325.0322962361
 20
-6356.978519817545
 30
0.0
 40
2.999999999999998
100
AcDbArc
 50
180.0
 51
0.0
  0
ARC
  5
65D
330
485
100
AcDbEntity
  8
0
  6
Continuous
 62
     8
100
AcDbCircle
 10
-26337.36229623609
 20
-6291.578519810924
 30
0.0
 40
29.99999999999999
100
AcDbArc
 50
184.5164969647663
 51
193.5312684753799
  0
ARC
  5
65E
330
485
100
AcDbEntity
  8
0
  6
Continuous
 62
     8
100
AcDbCircle
 10
-26329.78054001809
 20
-6237.681499893145
 30
0.0
 40
0.1499999999999999
100
AcDbArc
 50
188.4237710967805
 51
208.7856315548822
  0
ARC
  5
65F
330
485
100
AcDbEntity
  8
0
  6
Continuous
 62
     8
100
AcDbCircle
 10
-26338.98229623609
 20
-6242.828519817546
 30
0.0
 40
0.1499999999999999
100
AcDbArc
 50
179.9999930649998
 51
270.0
  0
ARC
  5
660
330
485
100
AcDbEntity
  8
0
  6
Continuous
 62
     8
100
AcDbCircle
 10
-26332.83229623609
 20
-6236.978519817545
 30
0.0
 40
2.429999999999999
100
AcDbArc
 50
57.43306009701026
 51
302.5582487285046
  0
ARC
  5
661
330
485
100
AcDbEntity
  8
0
  6
Continuous
 62
     8
100
AcDbCircle
 10
-26338.98229623609
 20
-6231.128519817545
 30
0.0
 40
0.1499999999999999
100
AcDbArc
 50
90.0
 51
180.0000069350001
  0
ARC
  5
662
330
485
100
AcDbEntity
  8
0
  6
Continuous
 62
     8
100
AcDbCircle
 10
-26328.1718996397
 20
-6240.609344857145
 30
0.0
 40
0.1499999999999999
100
AcDbArc
 50
208.7856315548822
 51
229.149186825473
  0
ARC
  5
663
330
485
100
AcDbEntity
  8
0
  6
Continuous
 62
     8
100
AcDbCircle
 10
-26325.0322962361
 20
-6236.978519817545
 30
0.0
 40
4.949999999999999
100
AcDbArc
 50
229.1497487990235
 51
232.6873695762497
  0
ARC
  5
664
330
485
100
AcDbEntity
  8
0
  6
Continuous
 62
     8
100
AcDbCircle
 10
-26325.0322962361
 20
-6236.978519817545
 30
0.0
 40
4.949999999999999
100
AcDbArc
 50
307.3104732556959
 51
8.421570589588318
  0
ARC
  5
665
330
485
100
AcDbEntity
  8
0
  6
Continuous
 62
     8
100
AcDbCircle
 10
-26325.0322962361
 20
-6236.978519817545
 30
0.0
 40
4.949999999999999
100
AcDbArc
 50
49.1497663586721
 51
188.4215656680781
  0
ARC
  5
666
330
485
100
AcDbEntity
  8
0
  6
Continuous
 62
     8
100
AcDbCircle
 10
-26325.0322962361
 20
-6236.978519817545
 30
0.0
 40
4.949999999999999
100
AcDbArc
 50
8.421592738356693
 51
229.1169931186399
  0
ARC
  5
667
330
485
100
AcDbEntity
  8
0
  6
Continuous
 62
     8
100
AcDbCircle
 10
-26325.0322962361
 20
-6236.978519817545
 30
0.0
 40
4.800000332899998
100
AcDbArc
 50
49.14975400349311
 51
188.4214967482201
  0
ARC
  5
668
330
485
100
AcDbEntity
  8
0
  6
Continuous
 62
     8
100
AcDbCircle
 10
-26325.0322962361
 20
-6236.978519817545
 30
0.0
 40
4.799999999999998
100
AcDbArc
 50
14.4811511192928
 51
43.10579255253802
  0
ARC
  5
669
330
485
100
AcDbEntity
  8
0
  6
Continuous
 62
     8
100
AcDbCircle
 10
-26325.0322962361
 20
-6236.978519817545
 30
0.0
 40
4.799999999999998
100
AcDbArc
 50
194.4811511192928
 51
223.105792552538
  0
ARC
  5
66A
330
485
100
AcDbEntity
  8
0
  6
Continuous
 62
     8
100
AcDbCircle
 10
-26325.0322962361
 20
-6236.978519817545
 30
0.0
 40
4.799999609899998
100
AcDbArc
 50
229.1497429479047
 51
231.3020757133819
  0
ARC
  5
66B
330
485
100
AcDbEntity
  8
0
  6
Continuous
 62
     8
100
AcDbCircle
 10
-26325.0322962361
 20
-6236.978519817545
 30
0.0
 40
4.799999609899998
100
AcDbArc
 50
308.6853426847999
 51
8.421505157122544
  0
ARC
  5
66C
330
485
100
AcDbEntity
  8
0
  6
Continuous
 62
     8
100
AcDbCircle
 10
-26325.0322962361
 20
-6236.978519817545
 30
0.0
 40
3.449999975999999
100
AcDbArc
 50
330.458553572471
 51
209.5750282668554
  0
ARC
  5
66D
330
485
100
AcDbEntity
  8
0
  6
Continuous
 62
     8
100
AcDbCircle
 10
-26325.0322962361
 20
-6236.978519817545
 30
0.0
 40
3.299999999999998
100
AcDbArc
 50
335.4376768113867
 51
204.5772469420342
  0
ARC
  5
66E
330
485
100
AcDbEntity
  8
0
  6
Continuous
 62
     8
100
AcDbCircle
 10
-26325.0322962361
 20
-6236.978519817545
 30
0.0
 40
2.999999999999998
100
AcDbArc
 50
0.0
 51
180.0
  0
ARC
  5
66F
330
485
100
AcDbEntity
  8
0
  6
Continuous
 62
     8
100
AcDbCircle
 10
-26320.28405245409
 20
-6236.275539742046
 30
0.0
 40
0.1499999999999999
100
AcDbArc
 50
8.42393350998722
 51
28.78563155488219
  0
ARC
  5
670
330
485
100
AcDbEntity
  8
0
  6
Continuous
 62
     8
100
AcDbCircle
 10
-26321.89269283239
 20
-6233.347694778046
 30
0.0
 40
0.1499999999999999
100
AcDbArc
 50
28.78563155409092
 51
49.14976627690353
  0
ARC
  5
671
330
485
100
AcDbEntity
  8
0
  6
Continuous
 62
     8
100
AcDbCircle
 10
-26339.1322962361
 20
-6268.718519810924
 30
0.0
 40
1.499999999999999
100
AcDbArc
 50
307.9999999999539
 51
0.0
  0
ARC
  5
672
330
485
100
AcDbEntity
  8
0
  6
Continuous
 62
     8
100
AcDbCircle
 10
-26343.19980176618
 20
-6273.038519810925
 30
0.0
 40
0.5999999999999998
100
AcDbArc
 50
270.0
 51
307.9999999999539
  0
ARC
  5
673
330
485
100
AcDbEntity
  8
0
  6
Continuous
 62
     8
100
AcDbCircle
 10
-26351.86479070589
 20
-6273.038519810925
 30
0.0
 40
0.5999999999999998
100
AcDbArc
 50
232.0000000000461
 51
270.0
  0
ARC
  5
674
330
485
100
AcDbEntity
  8
0
  6
Continuous
 62
     8
100
AcDbCircle
 10
-26351.73229623609
 20
-6275.798519810923
 30
0.0
 40
0.2999999999999999
100
AcDbArc
 50
90.0000000006948
 51
180.0
  0
ARC
  5
675
330
485
100
AcDbEntity
  8
0
  6
Continuous
 62
     8
100
AcDbCircle
 10
-26343.33229623609
 20
-6275.798519810923
 30
0.0
 40
0.2999999999999999
100
AcDbArc
 50
0.0
 51
89.99999999930521
  0
ARC
  5
676
330
485
100
AcDbEntity
  8
0
  6
Continuous
 62
     8
100
AcDbCircle
 10
-26334.25761494069
 20
-6219.428519817545
 30
0.0
 40
0.1499999999999999
100
AcDbArc
 50
181.4999999994369
 51
270.0
  0
ARC
  5
677
330
485
100
AcDbEntity
  8
0
  6
Continuous
 62
     8
100
AcDbCircle
 10
-26337.7822962361
 20
-6267.788519810925
 30
0.0
 40
0.1499999999999999
100
AcDbArc
 50
0.0
 51
90.0
  0
ARC
  5
678
330
485
100
AcDbEntity
  8
0
  6
Continuous
 62
     8
100
AcDbCircle
 10
-26312.67229623609
 20
-6291.578519810924
 30
0.0
 40
29.99999999999999
100
AcDbArc
 50
346.4687315246201
 51
355.4835030352336
  0
ARC
  5
679
330
485
100
AcDbEntity
  8
0
  6
Continuous
 62
     8
100
AcDbCircle
 10
-26294.07229623609
 20
-6298.509970805523
 30
0.0
 40
0.8999999999999996
100
AcDbArc
 50
16.83636258450799
 51
89.49999999986129
  0
ARC
  5
67A
330
485
100
AcDbEntity
  8
0
  6
Continuous
 62
     8
100
AcDbCircle
 10
-26283.5487689071
 20
-6285.755277078724
 30
0.0
 40
0.2999999999999999
100
AcDbArc
 50
11.30716543839412
 51
90.47676103446125
  0
ARC
  5
67B
330
485
100
AcDbEntity
  8
0
  6
Continuous
 62
     8
100
AcDbCircle
 10
-26306.395753592
 20
-6242.828519817546
 30
0.0
 40
0.1499999999999999
100
AcDbArc
 50
320.4224154057226
 51
357.2022232090022
  0
ARC
  5
67C
330
485
100
AcDbEntity
  8
0
  6
Continuous
 62
     8
100
AcDbCircle
 10
-26306.395753592
 20
-6231.128519817545
 30
0.0
 40
0.1499999999999999
100
AcDbArc
 50
2.797776790997781
 51
90.0
  0
ARC
  5
67D
330
485
100
AcDbEntity
  8
0
  6
Continuous
 62
     8
100
AcDbCircle
 10
-26294.13229623609
 20
-6268.718519810924
 30
0.0
 40
1.499999999999999
100
AcDbArc
 50
307.9999999999539
 51
0.0
  0
ARC
  5
67E
330
485
100
AcDbEntity
  8
0
  6
Continuous
 62
     8
100
AcDbCircle
 10
-26315.80697753139
 20
-6219.428519817545
 30
0.0
 40
0.1499999999999999
100
AcDbArc
 50
270.0
 51
358.5000000003895
  0
ARC
  5
67F
330
485
100
AcDbEntity
  8
0
  6
Continuous
 62
     8
100
AcDbCircle
 10
-26292.7822962361
 20
-6267.788519810925
 30
0.0
 40
0.1499999999999999
100
AcDbArc
 50
0.0
 51
90.0
  0
ENDBLK
  5
680
330
485
100
AcDbEntity
  8
0
 62
     6
100
AcDbBlockEnd
  0
BLOCK
  5
8E0
330
8DD
100
AcDbEntity
  8
0
 62
     8
100
AcDbBlockBegin
  2
CHAIR 03
 70
     0
 10
0.0
 20
0.0
 30
0.0
  3
CHAIR 03
  1

  0
WIPEOUT
  5
8E1
330
8DD
100
AcDbEntity
  8
F-FURN
 62
     1
160
              2516
310
D409000001000000CC0900000600000068000000F6B0631AF813CDC06E551D7C0D6FA9C00000000000000000D6F98614D212CDC0E0C2175743ACA8C00000000000000000F26BD0ABD512CDC098D3C9E3E9A5A8C00000000000000000FEF017AB3315CDC0DA3E18612DABA8C000000000000000003AB2A8FC3518CDC022AEE0
310
245BAFA8C00000000000000000914AB8EE441CCDC08EFAD56151B1A8C000000000000000005EA68BC0C61FCDC07440CDB7DBAFA8C0000000000000000041F3C0DD7D22CDC06E212B189CACA8C000000000000000008A4CDFF91126CDC07C8A9945E9A4A8C00000000000000000429797CC2728CDC0D0BBCE97FD9DA8C00000
310
000000000000EE801222F22ACDC0FEFFF603C68FA8C000000000000000006CD7446FA12CCDC070F053C12880A8C00000000000000000471937E8452DCDC072C93FB05971A8C00000000000000000F46A2BA18F22CDC08618ED07A786A7C00000000000000000DFE4E30D5221CDC0B2F7A6985A7DA7C000000000000000002B
310
3F8DB1E51FCDC0DEB74A955176A7C000000000000000007CB502F2BE1DCDC0F6A214CC286FA7C0000000000000000006E327C8AF1BCDC04E71751AB86AA7C000000000000000007BDE87C47218CDC0966E34241867A7C00000000000000000AEFFA0FE8015CDC0DE0D42A3C466A7C00000000000000000D2000825D212CDC0
310
42876D5BDD68A7C0000000000000000028733427D310CDC0EC7E3AEF136CA7C000000000000000007A1C843BBF0ECDC0E206C6164E71A7C000000000000000006C74456B2B0DCDC06ACEC2BC0F77A7C00000000000000000F4BD4704A40BCDC0527A88FE197FA7C00000000000000000FCAF4ECF960BCDC0004BB6975D7CA7
310
C000000000000000008686DE9F4208CDC0AC531D6079F0A6C000000000000000001C71E5E2770DCDC01E9EA86866DEA6C000000000000000008415F8806311CDC0FEAFB73B3CC5A6C00000000000000000E2586DFAFA12CDC0BA5E418E67AFA6C00000000000000000F60EFEAD4E13CDC0A44AD2BF9A9FA6C0000000000000
310
0000CC69C5C25F12CDC004CE9D971485A6C00000000000000000FAFD4D6F8E0FCDC06CF279570B6CA6C00000000000000000561B8715190CCDC0D0030C6EF85AA6C000000000000000009EE6737EC007CDC0D6B81F1F774DA6C00000000000000000CEB337D4C6FBCCC08EE279A9F73AA6C000000000000000004CD7225B07
310
ECCCC0FABEFD1E3927A6C00000000000000000AB5FFE2BB8DBCCC030FA1C39ED17A6C00000000000000000AC30061163C8CCC0660D96483A0CA6C00000000000000000386E004CEDBDCCC0DC87399FB608A6C0000000000000000004DC6E6F34B0CCC0EC7C9E930C07A6C00000000000000000FF145CD215A2CCC0DC8562AF
310
CF08A6C00000000000000000AC7500F10693CCC0C8BDC41F990EA6C00000000000000000CA810D425788CCC0523CB1293115A6C00000000000000000EF6DE41D6781CCC09025952C9A1AA6C00000000000000000A6C07BB30177CCC05EE7E21A6A24A6C00000000000000000772DC44AE16DCCC0D007F688C32EA6C0000000
310
000000000082E2C50A7061CCC08CF9D876993FA6C000000000000000005ED06960A858CCC002A41F1F774DA6C000000000000000002A18E4ABF452CCC0B45C8705BE60A6C000000000000000004A3FF44FA24FCCC052A98D78AA74A6C00000000000000000B237DE1CD94DCCC00E1564C5D887A6C000000000000000004AA7
310
DF301A4DCCC06038D2BF9A9FA6C0000000000000000062D9807CB44DCCC014447292FEB4A6C00000000000000000EA7091AFF24ECCC0E6EB67BB8AC4A6C00000000000000000ACE2C9BF6B50CCC0D4EF269356D0A6C0000000000000000045FBFF0B5C54CCC0CE7017FE6CE4A6C00000000000000000362EFF3E2658CCC05C
310
401D6079F0A6C00000000000000000AA028F0FD254CCC0C434B6975D7CA7C00000000000000000D4AB52297A54CCC0B21369054B7DA7C00000000000000000B2D9249BC252CCC040FE72F51975A7C00000000000000000520985BD314ECCC0D81F3F80AD69A7C000000000000000004AB33CE0E74ACCC038F541A3C466A7C0
310
0000000000000000625079B6EE46CCC02EAE87CBDA67A7C00000000000000000DA6E829E7643CCC0C6699D10346DA7C0000000000000000025429E1DF93ECCC0C2B5C6350E7EA7C000000000000000007847B23DD93DCCC068FDEC07A786A7C00000000000000000A695A6F62233CCC006AB3FB05971A8C000000000000000
310
0008D0DB780034CCC0EE75D389FF82A8C00000000000000000D6E2CE363235CCC01AC6E78FE38DA8C0000000000000000083FF5E3F2737CCC06A4E2D834699A8C00000000000000000B866766E5B39CCC06C50F7E7EDA1A8C00000000000000000366177DD5C3CCCC02015093CCDA9A8C00000000000000000D4B363F63D3E
310
CCC0F8CB5B691AADA8C0000000000000000044EE71209542CCC07C24294A08B1A8C0000000000000000063C5F971A345CCC0AE9072CD0DB1A8C00000000000000000BE1E9C480349CCC08AFB86A678AEA8C000000000000000000AED17D7B04BCCC0A8E3B67242AAA8C0000000000000000012FF623FBB4DCCC0525FE80E7E
310
A5A8C0000000000000000070B456CA964DCCC0E2AA175743ACA8C000000000000000001CFA79C4704CCCC02E3D1D7C0D6FA9C000000000000000000C1EAD83E44DCCC096938B216180A9C00000000000000000CE5BE4D55A4FCCC048609F149E8CA9C000000000000000001A79383D1051CCC06AC75A8ECE97A9C000000000
310
00000000D8B536676653CCC03CFDFE99E9A3A9C00000000000000000D6F052C26757CCC0ECB8C25869B3A9C00000000000000000F3EDC3F95D5BCCC0F262A2D375BEA9C000000000000000005609DC7F875FCCC072CE71B7C5C6A9C00000000000000000808E851BF96DCCC04AE580000ED4A9C00000000000000000BD934E
310
D4E084CCC06CC2518196E3A9C000000000000000006851FBA19B90CCC0008B49ECFBE8A9C00000000000000000520D4E8862A0CCC074C6C45A8FEDA9C000000000000000004AD56E6F34B0CCC08056935616EFA9C000000000000000005A62A7246FB9CCC0F44F045191EEA9C00000000000000000A670DCBF94CCCCC00CD9
310
A6C52AEAA9C000000000000000005C418F8A50DBCCC068904C05B4E3A9C000000000000000001EAE2E9CD4E9CCC01A4E1AECACDAA9C00000000000000000F2BF7B7EAEF6CCC09ECFDF886FD0A9C0000000000000000075A0015FE100CDC0F6E171B7C5C6A9C0000000000000000038235A137408CDC06A8C93672AB5A9C000
310
0000000000000072F4A677020DCDC0B013FF99E9A3A9C000000000000000008067CCD3FB11CDC0DA593DC53B85A9C00000000000000000F6B0631AF813CDC06E551D7C0D6FA9C00000000000000000F6B0631AF813CDC06E551D7C0D6FA9C00000000000000000
100
AcDbWipeout
 90
        0
 10
-14938.5461491464
 20
-3319.543629268941
 30
0.0
 11
14938.5461491464
 21
0.0
 31
0.0
 12
0.0
 22
14938.5461491464
 32
0.0
 13
1.0
 23
1.0
340
0
 70
     7
280
     1
281
    50
282
    50
283
     0
290
     0
360
0
 71
     2
 91
      104
 14
-0.4966122644533155
 24
0.4957146236932525
 14
-0.4964584975555013
 24
0.4891949254086081
 14
-0.4964603755434549
 24
0.4889824075506915
 14
-0.4967772974822412
 24
0.4891585836899294
 14
-0.4971801555729724
 24
0.4892984489960638
 14
-0.4977234990839103
 24
0.489364113607221
 14
-0.498193037136657
 24
0.4893152592625701
 14
-0.4985565650736758
 24
0.4892065294863186
 14
-0.4990356684642325
 24
0.4889488563015703
 14
-0.4993148451069306
 24
0.4887172199515644
 14
-0.4996884245430261
 24
0.4882413670971843
 14
-0.4999139848700227
 24
0.4877187493707548
 14
-0.5
 24
0.4872230902148124
 14
-0.4985658548745891
 24
0.4793676443580968
 14
-0.4983997706328222
 24
0.4790564168526649
 14
-0.498209218759974
 24
0.4788209452259544
 14
-0.497921190706276
 24
0.4785813194896666
 14
-0.4976454968894069
 24
0.478432703611989
 14
-0.4972119424414926
 24
0.4783113781747325
 14
-0.496817737280831
 24
0.4783004605687423
 14
-0.4964585312711316
 24
0.4783706334017449
 14
-0.4961912950135644
 24
0.4784781804390176
 14
-0.4959131133143169
 24
0.478653136082535
 14
-0.4957019285983489
 24
0.4788458067400257
 14
-0.4954972346135822
 24
0.4791149114448328
 14
-0.4954903277096138
 24
0.4790233381452238
 14
-0.4950446553108108
 24
0.4743411062883144
 14
-0.495741919147481
 24
0.4737361582499693
 14
-0.4962667869238621
 24
0.4728938825694569
 14
-0.4964798862491931
 24
0.4721631966109701
 14
-0.4965236600803867
 24
0.471634362520504
 14
-0.4963987112825014
 24
0.4707465903532795
 14
-0.4960214751285386
 24
0.4699086194188985
 14
-0.4955584580314012
 24
0.4693371490033758
 14
-0.4949766001747504
 24
0.4688851267521854
 14
-0.493373331193594
 24
0.4682659939152849
 14
-0.4912649678830439
 24
0.4676051431064102
 14
-0.4890814470873956
 24
0.4670931630162049
 14
-0.4864931841361827
 24
0.4667015926942094
 14
-0.4850927750909771
 24
0.4665839673588862
 14
-0.4832556330460543
 24
0.4665282644955912
 14
-0.4813652771696344
 24
0.4665872442116994
 14
-0.4793492675742806
 24
0.4667809334446032
 14
-0.4779185710187105
 24
0.4670016343534943
 14
-0.4769896919034941
 24
0.4671827162438646
 14
-0.4755978355853391
 24
0.4675111360873525
 14
-0.4743759498991604
 24
0.4678575331113169
 14
-0.4727101408456531
 24
0.4684210304202871
 14
-0.4715346659173255
 24
0.468885126752023
 14
-0.4707712752572962
 24
0.4695303352285142
 14
-0.4703265579049321
 24
0.4701971882789145
 14
-0.4700874535445101
 24
0.4708391804700201
 14
-0.4699876060116665
 24
0.4716343625203617
 14
-0.4700682988061558
 24
0.472350293388788
 14
-0.4702347094695212
 24
0.4728706753536241
 14
-0.4704319045299062
 24
0.4732655016190878
 14
-0.4709592199531104
 24
0.473937841787476
 14
-0.4714666107811949
 24
0.4743411062881639
 14
-0.4710209383823269
 24
0.4790233381450506
 14
-0.4709749691341079
 24
0.4790543804938267
 14
-0.4707450922488958
 24
0.4787802022130962
 14
-0.4701338036171304
 24
0.4783978469538934
 14
-0.4696935288111199
 24
0.4783004605685503
 14
-0.4691615769777063
 24
0.4783368279632251
 14
-0.4686971253995185
 24
0.4785158517567194
 14
-0.4680959627521715
 24
0.4790799002714954
 14
-0.4679454112173448
 24
0.4793676443578854
 14
-0.4665112660918248
 24
0.4872230902145753
 14
-0.4666271097698614
 24
0.4878137718993978
 14
-0.4667870054702214
 24
0.4881782892244025
 14
-0.4670490339019734
 24
0.4885594014295835
 14
-0.4673440885258998
 24
0.4888490508232766
 14
-0.4677464837796147
 24
0.4891125428816323
 14
-0.4679980861146889
 24
0.4892230446932777
 14
-0.4685791982823492
 24
0.4893545572052412
 14
-0.4689883320130506
 24
0.4893552779757728
 14
-0.4694400987076041
 24
0.4892688363267657
 14
-0.4697986282928413
 24
0.4891278678530093
 14
-0.4700718347840534
 24
0.4889683092225411
 14
-0.4700527685363034
 24
0.4891949254084212
 14
-0.4698990016383892
 24
0.4957146236930635
 14
-0.4700934163039686
 24
0.4962945577393166
 14
-0.4702891772567065
 24
0.496704172033228
 14
-0.4705179288235359
 24
0.4970786849668107
 14
-0.4708307542137372
 24
0.4974838665107009
 14
-0.4713669906643906
 24
0.4980026253119854
 14
-0.4718974015127419
 24
0.4983724320452973
 14
-0.4724546448111281
 24
0.4986506408406953
 14
-0.4743884048065503
 24
0.499095207690052
 14
-0.4774549901516375
 24
0.4996151115488067
 14
-0.4790253840481798
 24
0.499795723617639
 14
-0.4811376313572954
 24
0.4999488812447711
 14
-0.4832556330458447
 24
0.5
 14
-0.4844912723937944
 24
0.499982608211544
 14
-0.487054694474299
 24
0.4998353193121203
 14
-0.4890272507775043
 24
0.4996189705287683
 14
-0.4909706653182432
 24
0.4993168083194989
 14
-0.4926911954423572
 24
0.4989740776663817
 14
-0.4940566212805368
 24
0.4986506408408475
 14
-0.4950705170481805
 24
0.4980613369263065
 14
-0.495680511877943
 24
0.497483866510876
 14
-0.4963464484745961
 24
0.49645702536603
 14
-0.4966122644533155
 24
0.4957146236932525
 14
-0.4966122644533155
 24
0.4957146236932525
  0
ARC
  5
8E2
330
8DD
100
AcDbEntity
  8
F-FURN
 62
     1
100
AcDbCircle
 10
-14688.40965066346
 20
-3279.400110892078
 30
0.0
 40
364.462882840234
100
AcDbArc
 50
69.71340972882066
 51
110.2865902720698
  0
LINE
  5
8E3
330
8DD
100
AcDbEntity
  8
F-FURN
 62
     1
100
AcDbLine
 10
-14868.03760293252
 20
-3015.595016136516
 30
0.0
 11
-14871.47994316018
 21
-3134.833909722527
 31
0.0
  0
LINE
  5
8E4
330
8DD
100
AcDbEntity
  8
F-FURN
 62
     1
100
AcDbLine
 10
-14917.1221060059
 20
-3011.326232346754
 30
0.0
 11
-14938.5461491464
 21
-3128.675172799435
 31
0.0
  0
ARC
  5
8E5
330
8DD
100
AcDbEntity
  8
F-FURN
 62
     1
100
AcDbCircle
 10
-14893.24272665005
 20
-3021.082643346256
 30
0.0
 40
25.7955871034266
100
AcDbArc
 50
12.28268535766717
 51
157.7765214291126
  0
ARC
  5
8E6
330
8DD
100
AcDbEntity
  8
F-FURN
 62
     1
100
AcDbCircle
 10
-14904.53853515282
 20
-3126.587304391695
 30
0.0
 40
34.07164516163846
100
AcDbArc
 50
183.5132158097269
 51
345.9931916527226
  0
LINE
  5
8E7
330
8DD
100
AcDbEntity
  8
F-FURN
 62
     1
100
AcDbLine
 10
-14488.88099598605
 20
-3255.526337541258
 30
0.0
 11
-14491.1780498868
 21
-3158.131523837672
 31
0.0
  0
ARC
  5
8E8
330
8DD
100
AcDbEntity
  8
F-FURN
 62
     1
100
AcDbCircle
 10
-14472.28076617625
 20
-3126.587304388634
 30
0.0
 40
34.07164516163846
100
AcDbArc
 50
194.0068083481115
 51
356.4867841910793
  0
ARC
  5
8E9
330
8DD
100
AcDbEntity
  8
F-FURN
 62
     1
100
AcDbCircle
 10
-14483.57657468052
 20
-3021.082643343356
 30
0.0
 40
25.7955871034266
100
AcDbArc
 50
22.22347857164161
 51
167.7173146431409
  0
LINE
  5
8EA
330
8DD
100
AcDbEntity
  8
F-FURN
 62
     1
100
AcDbLine
 10
-14459.69719532481
 20
-3011.326232343516
 30
0.0
 11
-14438.27315218265
 21
-3128.675172795894
 31
0.0
  0
LINE
  5
8EB
330
8DD
100
AcDbEntity
  8
F-FURN
 62
     1
100
AcDbLine
 10
-14508.78169839813
 20
-3015.595016133973
 30
0.0
 11
-14505.33935816878
 21
-3134.833909719936
 31
0.0
  0
ARC
  5
8EC
330
8DD
100
AcDbEntity
  8
F-FURN
 62
     1
100
AcDbCircle
 10
-14688.40965066782
 20
-2663.695050946723
 30
0.0
 40
655.8485783222187
100
AcDbArc
 50
255.7579520874945
 51
284.2420479131501
  0
ARC
  5
8ED
330
8DD
100
AcDbEntity
  8
F-FURN
 62
     1
100
AcDbCircle
 10
-14551.89774364123
 20
-3239.21936029887
 30
0.0
 40
65.09245725747439
100
AcDbArc
 50
292.4327041805895
 51
345.4917012668285
  0
ARC
  5
8EE
330
8DD
100
AcDbEntity
  8
F-FURN
 62
     1
100
AcDbCircle
 10
-14824.92155768625
 20
-3239.219360300803
 30
0.0
 40
65.09245725747439
100
AcDbArc
 50
194.5082987339804
 51
247.5672958203104
  0
LINE
  5
8EF
330
8DD
100
AcDbEntity
  8
F-FURN
 62
     1
100
AcDbLine
 10
-14887.93830534121
 20
-3255.526337544083
 30
0.0
 11
-14885.64125144194
 21
-3158.131523840465
 31
0.0
  0
ARC
  5
8F0
330
8DD
100
AcDbEntity
  8
F-FURN
 62
     1
100
AcDbCircle
 10
-14538.25182030293
 20
-2895.802244729407
 30
0.0
 40
48.04720379761242
100
AcDbArc
 50
240.3174819641055
 51
58.73497113350968
  0
ARC
  5
8F1
330
8DD
100
AcDbEntity
  8
F-FURN
 62
     1
100
AcDbCircle
 10
-14838.56748102953
 20
-2895.802244731532
 30
0.0
 40
48.04720379761242
100
AcDbArc
 50
121.2650288674599
 51
299.6825180366183
  0
ARC
  5
8F2
330
8DD
100
AcDbEntity
  8
F-FURN
 62
     1
100
AcDbCircle
 10
-14688.40965066351
 20
-3272.511174731614
 30
0.0
 40
452.9866109873064
100
AcDbArc
 50
67.26106516121409
 51
112.7389348396858
  0
LINE
  5
8F3
330
8DD
100
AcDbEntity
  8
F-FURN
 62
     1
100
AcDbLine
 10
-14871.17820151894
 20
-3006.182798096328
 30
0.0
 11
-14864.52050382205
 21
-2936.237061421129
 31
0.0
  0
LINE
  5
8F4
330
8DD
100
AcDbEntity
  8
F-FURN
 62
     1
100
AcDbLine
 10
-14505.64109981184
 20
-3006.18279809374
 30
0.0
 11
-14512.29879750973
 21
-2936.237061418636
 31
0.0
  0
ENDBLK
  5
8F5
330
8DD
100
AcDbEntity
  8
0
 62
     8
100
AcDbBlockEnd
  0
BLOCK
  5
A0F
330
A0C
100
AcDbEntity
  8
0
 62
     1
100
AcDbBlockBegin
  2
A$C50A67CE4
 70
     0
 10
0.0
 20
0.0
 30
0.0
  3
A$C50A67CE4
  1

  0
CIRCLE
  5
A10
330
A0C
100
AcDbEntity
  8
0
 62
     8
100
AcDbCircle
 10
273.6778838331229
 20
187.4997617680128
 30
0.0
 40
92.0
  0
CIRCLE
  5
A11
330
A0C
100
AcDbEntity
  8
0
 62
     8
100
AcDbCircle
 10
273.6778838331229
 20
187.4997617680128
 30
0.0
 40
72.0
  0
LINE
  5
A12
330
A0C
100
AcDbEntity
  8
0
 62
     8
100
AcDbLine
 10
345.6778838331229
 20
187.4997617680128
 30
0.0
 11
393.6778838331229
 21
187.4997617680128
 31
0.0
  0
LINE
  5
A13
330
A0C
100
AcDbEntity
  8
0
 62
     8
100
AcDbLine
 10
201.6778838331229
 20
187.4997617680128
 30
0.0
 11
153.6778838331229
 21
187.4997617680128
 31
0.0
  0
LINE
  5
A14
330
A0C
100
AcDbEntity
  8
0
 62
     8
100
AcDbLine
 10
273.6778838331229
 20
259.4997617680128
 30
0.0
 11
273.6778838331229
 21
307.4997617680129
 31
0.0
  0
LINE
  5
A15
330
A0C
100
AcDbEntity
  8
0
 62
     8
100
AcDbLine
 10
273.6778838331229
 20
115.4997617680128
 30
0.0
 11
273.6778838331229
 21
67.49976176801283
 31
0.0
  0
CIRCLE
  5
A16
330
A0C
100
AcDbEntity
  8
0
 62
     8
100
AcDbCircle
 10
59.99991651810706
 20
315.7555033056742
 30
0.0
 40
20.0
  0
LWPOLYLINE
  5
A17
330
A0C
100
AcDbEntity
  8
0
100
AcDbPolyline
 90
        4
 70
     1
 43
0.0
 10
444.999916518107
 20
744.9997617680091
 10
-0.0000834818929434
 20
744.9997617680091
 10
-0.0000834818929434
 20
-0.0002382319908065
 10
444.999916518107
 20
-0.0002382319908065
  0
CIRCLE
  5
A18
330
A0C
100
AcDbEntity
  8
0
 62
     8
100
AcDbCircle
 10
273.6778838331229
 20
557.4997617680055
 30
0.0
 40
92.0
  0
CIRCLE
  5
A19
330
A0C
100
AcDbEntity
  8
0
 62
     8
100
AcDbCircle
 10
273.6778838331229
 20
557.4997617680055
 30
0.0
 40
72.0
  0
LINE
  5
A1A
330
A0C
100
AcDbEntity
  8
0
 62
     8
100
AcDbLine
 10
345.6778838331229
 20
557.4997617680055
 30
0.0
 11
393.6778838331229
 21
557.4997617680055
 31
0.0
  0
LINE
  5
A1B
330
A0C
100
AcDbEntity
  8
0
 62
     8
100
AcDbLine
 10
201.6778838331229
 20
557.4997617680055
 30
0.0
 11
153.6778838331229
 21
557.4997617680055
 31
0.0
  0
LINE
  5
A1C
330
A0C
100
AcDbEntity
  8
0
 62
     8
100
AcDbLine
 10
273.6778838331229
 20
485.4997617680055
 30
0.0
 11
273.6778838331229
 21
437.4997617680056
 31
0.0
  0
LINE
  5
A1D
330
A0C
100
AcDbEntity
  8
0
 62
     8
100
AcDbLine
 10
273.6778838331229
 20
629.4997617680055
 30
0.0
 11
273.6778838331229
 21
677.4997617680055
 31
0.0
  0
CIRCLE
  5
A1E
330
A0C
100
AcDbEntity
  8
0
 62
     8
100
AcDbCircle
 10
59.99991651810706
 20
429.2440202303441
 30
0.0
 40
20.0
  0
ENDBLK
  5
A1F
330
A0C
100
AcDbEntity
  8
0
 62
     1
100
AcDbBlockEnd
  0
BLOCK
  5
A98
330
A94
100
AcDbEntity
  8
0
370
   100
100
AcDbBlockBegin
  2
A$C057f615e
 70
     0
 10
0.0
 20
0.0
 30
0.0
  3
A$C057f615e
  1

  0
CIRCLE
  5
A95
330
A94
100
AcDbEntity
  8
furniture
  6
Continuous
370
   100
100
AcDbCircle
 10
14.99999999999909
 20
14.99999999999909
 30
0.0
 40
14.99999999999903
  0
ENDBLK
  5
A99
330
A94
100
AcDbEntity
  8
0
370
   100
100
AcDbBlockEnd
  0
BLOCK
  5
B07
330
B06
100
AcDbEntity
  8
0
370
   100
100
AcDbBlockBegin
  2
*D7
 70
     1
 10
0.0
 20
0.0
 30
0.0
  3
*D7
  1

  0
LINE
  5
D21
330
B06
100
AcDbEntity
  8
dim
  6
Continuous
 62
     0
440
 16777216
370
    -2
100
AcDbLine
 10
2946.135565281762
 20
7155.866737864228
 30
0.0
 11
2946.139555728624
 21
7143.959744147875
 31
0.0
  0
LINE
  5
D22
330
B06
100
AcDbEntity
  8
dim
  6
Continuous
 62
     0
440
 16777216
370
    -2
100
AcDbLine
 10
3111.134953654819
 20
7155.922034886066
 30
0.0
 11
3111.138944101682
 21
7144.015041169713
 31
0.0
  0
LINE
  5
D23
330
B06
100
AcDbEntity
  8
dim
  6
Continuous
 62
     0
440
 16777216
370
    -2
100
AcDbLine
 10
2948.639136669868
 20
7145.210581914399
 30
0.0
 11
3108.638525323714
 21
7145.264203262794
 31
0.0
  0
SOLID
  5
D24
330
B06
100
AcDbEntity
  8
dim
  6
Continuous
 62
     0
440
 16777216
100
AcDbTrace
 10
2948.638997030414
 20
7145.627248557669
 30
0.0
 11
2948.639276309322
 21
7144.793915271133
 31
0.0
 12
2946.139136810263
 22
7145.209744077677
 32
0.0
 13
2946.139136810263
 23
7145.209744077677
 33
0.0
  0
SOLID
  5
D25
330
B06
100
AcDbEntity
  8
dim
  6
Continuous
 62
     0
440
 16777216
100
AcDbTrace
 10
3108.63838568426
 20
7145.680869906062
 30
0.0
 11
3108.638664963168
 21
7144.847536619526
 31
0.0
 12
3111.13852518332
 22
7145.265041099516
 32
0.0
 13
3111.13852518332
 23
7145.265041099516
 33
0.0
  0
MTEXT
  5
D26
330
B06
100
AcDbEntity
  8
dim
  6
Continuous
 62
     0
440
 16777216
100
AcDbMText
 10
3028.638193760811
 20
7147.13882495112
 30
0.0
 40
2.5
 41
0.0
 46
0.0
 71
     5
 72
     1
  1
165
 11
0.9999999438423687
 21
0.000335134689156
 31
0.0
 73
     1
 44
1.0
  0
POINT
  5
D27
330
B06
100
AcDbEntity
  8
Defpoints
  6
Continuous
 62
     0
440
 16777216
100
AcDbPoint
 10
2946.135355822581
 20
7156.49173782913
 30
0.0
  0
POINT
  5
D28
330
B06
100
AcDbEntity
  8
Defpoints
  6
Continuous
 62
     0
440
 16777216
100
AcDbPoint
 10
3111.134744195639
 20
7156.547034850968
 30
0.0
  0
POINT
  5
D29
330
B06
100
AcDbEntity
  8
Defpoints
  6
Continuous
 62
     0
440
 16777216
100
AcDbPoint
 10
3111.13852518332
 20
7145.265041099516
 30
0.0
  0
ENDBLK
  5
B08
330
B06
100
AcDbEntity
  8
0
370
   100
100
AcDbBlockEnd
  0
BLOCK
  5
B1F
330
B1E
100
AcDbEntity
  8
0
370
   100
100
AcDbBlockBegin
  2
*D8
 70
     1
 10
0.0
 20
0.0
 30
0.0
  3
*D8
  1

  0
LINE
  5
D77
330
B1E
100
AcDbEntity
  8
dim
  6
Continuous
 62
     0
440
 16777216
370
    -2
100
AcDbLine
 10
2945.510355617674
 20
7156.547034850972
 30
0.0
 11
2927.690118310921
 21
7156.547034850972
 31
0.0
  0
LINE
  5
D78
330
B1E
100
AcDbEntity
  8
dim
  6
Continuous
 62
     0
440
 16777216
370
    -2
100
AcDbLine
 10
2945.510355617674
 20
7321.547034850971
 30
0.0
 11
2927.69011831092
 21
7321.547034850971
 31
0.0
  0
LINE
  5
D79
330
B1E
100
AcDbEntity
  8
dim
  6
Continuous
 62
     0
440
 16777216
370
    -2
100
AcDbLine
 10
2928.940118310921
 20
7159.047034850971
 30
0.0
 11
2928.94011831092
 21
7319.047034850972
 31
0.0
  0
SOLID
  5
D7A
330
B1E
100
AcDbEntity
  8
dim
  6
Continuous
 62
     0
440
 16777216
100
AcDbTrace
 10
2928.523451644255
 20
7159.047034850971
 30
0.0
 11
2929.356784977587
 21
7159.047034850971
 31
0.0
 12
2928.940118310921
 22
7156.547034850972
 32
0.0
 13
2928.940118310921
 23
7156.547034850972
 33
0.0
  0
SOLID
  5
D7B
330
B1E
100
AcDbEntity
  8
dim
  6
Continuous
 62
     0
440
 16777216
100
AcDbTrace
 10
2928.523451644254
 20
7319.047034850972
 30
0.0
 11
2929.356784977587
 21
7319.047034850972
 31
0.0
 12
2928.94011831092
 22
7321.547034850971
 32
0.0
 13
2928.94011831092
 23
7321.547034850971
 33
0.0
  0
MTEXT
  5
D7C
330
B1E
100
AcDbEntity
  8
dim
  6
Continuous
 62
     0
440
 16777216
100
AcDbMText
 10
2927.038685841618
 20
7239.047034850969
 30
0.0
 40
2.5
 41
0.0
 46
0.0
 71
     5
 72
     1
  1
165
 11
0.0000000000000001
 21
1.0
 31
0.0
 73
     1
 44
1.0
  0
POINT
  5
D7D
330
B1E
100
AcDbEntity
  8
Defpoints
  6
Continuous
 62
     0
440
 16777216
100
AcDbPoint
 10
2946.135355617674
 20
7156.547034850972
 30
0.0
  0
POINT
  5
D7E
330
B1E
100
AcDbEntity
  8
Defpoints
  6
Continuous
 62
     0
440
 16777216
100
AcDbPoint
 10
2946.135355617674
 20
7321.547034850971
 30
0.0
  0
POINT
  5
D7F
330
B1E
100
AcDbEntity
  8
Defpoints
  6
Continuous
 62
     0
440
 16777216
100
AcDbPoint
 10
2928.94011831092
 20
7321.547034850971
 30
0.0
  0
ENDBLK
  5
B20
330
B1E
100
AcDbEntity
  8
0
370
   100
100
AcDbBlockEnd
  0
BLOCK
  5
D82
330
D81
100
AcDbEntity
  8
0
100
AcDbBlockBegin
  2
*D9
 70
     1
 10
0.0
 20
0.0
 30
0.0
  3
*D9
  1

  0
LINE
  5
D90
330
D81
100
AcDbEntity
  8
dim
 62
     0
440
 16777216
370
    -2
100
AcDbLine
 10
3109.759744195641
 20
7319.547034850971
 30
0.0
 11
3123.354611479279
 21
7319.547034850971
 31
0.0
  0
LINE
  5
D91
330
D81
100
AcDbEntity
  8
dim
 62
     0
440
 16777216
370
    -2
100
AcDbLine
 10
3109.759744195641
 20
7321.547034850971
 30
0.0
 11
3123.354611479279
 21
7321.547034850971
 31
0.0
  0
LINE
  5
D92
330
D81
100
AcDbEntity
  8
dim
 62
     0
440
 16777216
370
    -2
100
AcDbLine
 10
3122.104611479279
 20
7317.047034850972
 30
0.0
 11
3122.104611479279
 21
7314.547034850972
 31
0.0
  0
LINE
  5
D93
330
D81
100
AcDbEntity
  8
dim
 62
     0
440
 16777216
370
    -2
100
AcDbLine
 10
3122.104611479279
 20
7324.047034850972
 30
0.0
 11
3122.104611479279
 21
7329.452901153835
 31
0.0
  0
LINE
  5
D94
330
D81
100
AcDbEntity
  8
dim
 62
     0
440
 16777216
370
    -2
100
AcDbLine
 10
3122.104611479279
 20
7319.547034850971
 30
0.0
 11
3122.104611479279
 21
7321.547034850971
 31
0.0
  0
SOLID
  5
D95
330
D81
100
AcDbEntity
  8
dim
 62
     0
440
 16777216
100
AcDbTrace
 10
3121.687944812613
 20
7317.047034850972
 30
0.0
 11
3122.521278145946
 21
7317.047034850972
 31
0.0
 12
3122.104611479279
 22
7319.547034850971
 32
0.0
 13
3122.104611479279
 23
7319.547034850971
 33
0.0
  0
SOLID
  5
D96
330
D81
100
AcDbEntity
  8
dim
 62
     0
440
 16777216
100
AcDbTrace
 10
3121.687944812613
 20
7324.047034850972
 30
0.0
 11
3122.521278145946
 21
7324.047034850972
 31
0.0
 12
3122.104611479279
 22
7321.547034850971
 32
0.0
 13
3122.104611479279
 23
7321.547034850971
 33
0.0
  0
MTEXT
  5
D97
330
D81
100
AcDbEntity
  8
dim
 62
     0
440
 16777216
100
AcDbMText
 10
3120.22449551748
 20
7327.999968002401
 30
0.0
 40
2.5
 41
0.0
 46
0.0
 71
     5
 72
     1
  1
2
 11
0.0000000000000001
 21
1.0
 31
0.0
 73
     1
 44
1.0
  0
POINT
  5
D98
330
D81
100
AcDbEntity
  8
Defpoints
 62
     0
440
 16777216
100
AcDbPoint
 10
3109.134744195641
 20
7319.547034850971
 30
0.0
  0
POINT
  5
D99
330
D81
100
AcDbEntity
  8
Defpoints
 62
     0
440
 16777216
100
AcDbPoint
 10
3109.134744195641
 20
7321.547034850971
 30
0.0
  0
POINT
  5
D9A
330
D81
100
AcDbEntity
  8
Defpoints
 62
     0
440
 16777216
100
AcDbPoint
 10
3122.104611479279
 20
7321.547034850971
 30
0.0
  0
ENDBLK
  5
D83
330
D81
100
AcDbEntity
  8
0
100
AcDbBlockEnd
  0
BLOCK
  5
D9F
330
D9E
100
AcDbEntity
  8
0
100
AcDbBlockBegin
  2
*D10
 70
     1
 10
0.0
 20
0.0
 30
0.0
  3
*D10
  1

  0
LINE
  5
DAB
330
D9E
100
AcDbEntity
  8
dim
 62
     0
440
 16777216
370
    -2
100
AcDbLine
 10
3010.134744195639
 20
7322.172034850968
 30
0.0
 11
3010.134744195639
 21
7332.828285863955
 31
0.0
  0
LINE
  5
DAC
330
D9E
100
AcDbEntity
  8
dim
 62
     0
440
 16777216
370
    -2
100
AcDbLine
 10
3081.134744195639
 20
7322.172034850968
 30
0.0
 11
3081.134744195639
 21
7332.828285863955
 31
0.0
  0
LINE
  5
DAD
330
D9E
100
AcDbEntity
  8
dim
 62
     0
440
 16777216
370
    -2
100
AcDbLine
 10
3012.634744195639
 20
7331.578285863955
 30
0.0
 11
3078.634744195639
 21
7331.578285863955
 31
0.0
  0
SOLID
  5
DAE
330
D9E
100
AcDbEntity
  8
dim
 62
     0
440
 16777216
100
AcDbTrace
 10
3012.634744195639
 20
7331.994952530623
 30
0.0
 11
3012.634744195639
 21
7331.161619197288
 31
0.0
 12
3010.134744195639
 22
7331.578285863955
 32
0.0
 13
3010.134744195639
 23
7331.578285863955
 33
0.0
  0
SOLID
  5
DAF
330
D9E
100
AcDbEntity
  8
dim
 62
     0
440
 16777216
100
AcDbTrace
 10
3078.634744195639
 20
7331.994952530623
 30
0.0
 11
3078.634744195639
 21
7331.161619197288
 31
0.0
 12
3081.134744195639
 22
7331.578285863955
 32
0.0
 13
3081.134744195639
 23
7331.578285863955
 33
0.0
  0
MTEXT
  5
DB0
330
D9E
100
AcDbEntity
  8
dim
 62
     0
440
 16777216
100
AcDbMText
 10
3045.634744195639
 20
7333.458401825756
 30
0.0
 40
2.5
 41
0.0
 46
0.0
 71
     5
 72
     1
  1
71
 73
     1
 44
1.0
  0
POINT
  5
DB1
330
D9E
100
AcDbEntity
  8
Defpoints
 62
     0
440
 16777216
100
AcDbPoint
 10
3010.134744195639
 20
7321.547034850969
 30
0.0
  0
POINT
  5
DB2
330
D9E
100
AcDbEntity
  8
Defpoints
 62
     0
440
 16777216
100
AcDbPoint
 10
3081.134744195639
 20
7321.547034850969
 30
0.0
  0
POINT
  5
DB3
330
D9E
100
AcDbEntity
  8
Defpoints
 62
     0
440
 16777216
100
AcDbPoint
 10
3081.134744195639
 20
7331.578285863955
 30
0.0
  0
ENDBLK
  5
DA0
330
D9E
100
AcDbEntity
  8
0
100
AcDbBlockEnd
  0
BLOCK
  5
DB7
330
DB6
100
AcDbEntity
  8
0
100
AcDbBlockBegin
  2
*D11
 70
     1
 10
0.0
 20
0.0
 30
0.0
  3
*D11
  1

  0
LINE
  5
DC3
330
DB6
100
AcDbEntity
  8
dim
 62
     0
440
 16777216
370
    -2
100
AcDbLine
 10
2991.134744195639
 20
7198.922034850967
 30
0.0
 11
2991.134744195639
 21
7190.728427641238
 31
0.0
  0
LINE
  5
DC4
330
DB6
100
AcDbEntity
  8
dim
 62
     0
440
 16777216
370
    -2
100
AcDbLine
 10
3066.134744195639
 20
7198.922034850967
 30
0.0
 11
3066.134744195639
 21
7190.728427641238
 31
0.0
  0
LINE
  5
DC5
330
DB6
100
AcDbEntity
  8
dim
 62
     0
440
 16777216
370
    -2
100
AcDbLine
 10
2993.634744195638
 20
7191.978427641238
 30
0.0
 11
3063.634744195639
 21
7191.978427641238
 31
0.0
  0
SOLID
  5
DC6
330
DB6
100
AcDbEntity
  8
dim
 62
     0
440
 16777216
100
AcDbTrace
 10
2993.634744195638
 20
7192.395094307904
 30
0.0
 11
2993.634744195638
 21
7191.561760974571
 31
0.0
 12
2991.134744195639
 22
7191.978427641238
 32
0.0
 13
2991.134744195639
 23
7191.978427641238
 33
0.0
  0
SOLID
  5
DC7
330
DB6
100
AcDbEntity
  8
dim
 62
     0
440
 16777216
100
AcDbTrace
 10
3063.634744195639
 20
7192.395094307904
 30
0.0
 11
3063.634744195639
 21
7191.561760974571
 31
0.0
 12
3066.134744195639
 22
7191.978427641238
 32
0.0
 13
3066.134744195639
 23
7191.978427641238
 33
0.0
  0
MTEXT
  5
DC8
330
DB6
100
AcDbEntity
  8
dim
 62
     0
440
 16777216
100
AcDbMText
 10
3028.634744195639
 20
7193.874744148742
 30
0.0
 40
2.5
 41
0.0
 46
0.0
 71
     5
 72
     1
  1
75
 73
     1
 44
1.0
  0
POINT
  5
DC9
330
DB6
100
AcDbEntity
  8
Defpoints
 62
     0
440
 16777216
100
AcDbPoint
 10
2991.134744195639
 20
7199.547034850969
 30
0.0
  0
POINT
  5
DCA
330
DB6
100
AcDbEntity
  8
Defpoints
 62
     0
440
 16777216
100
AcDbPoint
 10
3066.134744195639
 20
7199.547034850969
 30
0.0
  0
POINT
  5
DCB
330
DB6
100
AcDbEntity
  8
Defpoints
 62
     0
440
 16777216
100
AcDbPoint
 10
3066.134744195639
 20
7191.978427641238
 30
0.0
  0
ENDBLK
  5
DB8
330
DB6
100
AcDbEntity
  8
0
100
AcDbBlockEnd
  0
BLOCK
  5
DCF
330
DCE
100
AcDbEntity
  8
0
100
AcDbBlockBegin
  2
*D12
 70
     1
 10
0.0
 20
0.0
 30
0.0
  3
*D12
  1

  0
LINE
  5
DDD
330
DCE
100
AcDbEntity
  8
dim
 62
     0
440
 16777216
370
    -2
100
AcDbLine
 10
3071.75974419564
 20
7201.547034850972
 30
0.0
 11
3075.291162708956
 21
7201.547034850972
 31
0.0
  0
LINE
  5
DDE
330
DCE
100
AcDbEntity
  8
dim
 62
     0
440
 16777216
370
    -2
100
AcDbLine
 10
3071.75974419564
 20
7199.547034850971
 30
0.0
 11
3075.291162708956
 21
7199.547034850971
 31
0.0
  0
LINE
  5
DDF
330
DCE
100
AcDbEntity
  8
dim
 62
     0
440
 16777216
370
    -2
100
AcDbLine
 10
3074.041162708956
 20
7204.047034850971
 30
0.0
 11
3074.041162708956
 21
7206.547034850972
 31
0.0
  0
LINE
  5
DE0
330
DCE
100
AcDbEntity
  8
dim
 62
     0
440
 16777216
370
    -2
100
AcDbLine
 10
3074.041162708956
 20
7197.047034850972
 30
0.0
 11
3074.041162708956
 21
7191.641168548106
 31
0.0
  0
LINE
  5
DE1
330
DCE
100
AcDbEntity
  8
dim
 62
     0
440
 16777216
370
    -2
100
AcDbLine
 10
3074.041162708956
 20
7201.547034850972
 30
0.0
 11
3074.041162708956
 21
7199.547034850971
 31
0.0
  0
SOLID
  5
DE2
330
DCE
100
AcDbEntity
  8
dim
 62
     0
440
 16777216
100
AcDbTrace
 10
3073.62449604229
 20
7204.047034850971
 30
0.0
 11
3074.457829375623
 21
7204.047034850971
 31
0.0
 12
3074.041162708956
 22
7201.547034850972
 32
0.0
 13
3074.041162708956
 23
7201.547034850972
 33
0.0
  0
SOLID
  5
DE3
330
DCE
100
AcDbEntity
  8
dim
 62
     0
440
 16777216
100
AcDbTrace
 10
3073.62449604229
 20
7197.047034850972
 30
0.0
 11
3074.457829375623
 21
7197.047034850972
 31
0.0
 12
3074.041162708956
 22
7199.547034850971
 32
0.0
 13
3074.041162708956
 23
7199.547034850971
 33
0.0
  0
MTEXT
  5
DE4
330
DCE
100
AcDbEntity
  8
dim
 62
     0
440
 16777216
100
AcDbMText
 10
3072.161046747157
 20
7193.094101699536
 30
0.0
 40
2.5
 41
0.0
 46
0.0
 71
     5
 72
     1
  1
2
 11
0.0000000000000001
 21
1.0
 31
0.0
 73
     1
 44
1.0
  0
POINT
  5
DE5
330
DCE
100
AcDbEntity
  8
Defpoints
 62
     0
440
 16777216
100
AcDbPoint
 10
3071.13474419564
 20
7201.547034850972
 30
0.0
  0
POINT
  5
DE6
330
DCE
100
AcDbEntity
  8
Defpoints
 62
     0
440
 16777216
100
AcDbPoint
 10
3071.13474419564
 20
7199.547034850971
 30
0.0
  0
POINT
  5
DE7
330
DCE
100
AcDbEntity
  8
Defpoints
 62
     0
440
 16777216
100
AcDbPoint
 10
3074.041162708956
 20
7199.547034850971
 30
0.0
  0
ENDBLK
  5
DD0
330
DCE
100
AcDbEntity
  8
0
100
AcDbBlockEnd
  0
BLOCK
  5
DEB
330
DEA
100
AcDbEntity
  8
0
100
AcDbBlockBegin
  2
*D13
 70
     1
 10
0.0
 20
0.0
 30
0.0
  3
*D13
  1

  0
LINE
  5
DF7
330
DEA
100
AcDbEntity
  8
dim
 62
     0
440
 16777216
370
    -2
100
AcDbLine
 10
3109.759744195641
 20
7278.547034850972
 30
0.0
 11
3121.869050681659
 21
7278.547034850972
 31
0.0
  0
LINE
  5
DF8
330
DEA
100
AcDbEntity
  8
dim
 62
     0
440
 16777216
370
    -2
100
AcDbLine
 10
3109.759744195641
 20
7293.547034850972
 30
0.0
 11
3121.869050681659
 21
7293.547034850972
 31
0.0
  0
LINE
  5
DF9
330
DEA
100
AcDbEntity
  8
dim
 62
     0
440
 16777216
370
    -2
100
AcDbLine
 10
3120.619050681658
 20
7281.047034850972
 30
0.0
 11
3120.619050681658
 21
7291.047034850972
 31
0.0
  0
SOLID
  5
DFA
330
DEA
100
AcDbEntity
  8
dim
 62
     0
440
 16777216
100
AcDbTrace
 10
3120.202384014992
 20
7281.047034850972
 30
0.0
 11
3121.035717348325
 21
7281.047034850972
 31
0.0
 12
3120.619050681658
 22
7278.547034850972
 32
0.0
 13
3120.619050681658
 23
7278.547034850972
 33
0.0
  0
SOLID
  5
DFB
330
DEA
100
AcDbEntity
  8
dim
 62
     0
440
 16777216
100
AcDbTrace
 10
3120.202384014992
 20
7291.047034850972
 30
0.0
 11
3121.035717348325
 21
7291.047034850972
 31
0.0
 12
3120.619050681658
 22
7293.547034850972
 32
0.0
 13
3120.619050681658
 23
7293.547034850972
 33
0.0
  0
MTEXT
  5
DFC
330
DEA
100
AcDbEntity
  8
dim
 62
     0
440
 16777216
100
AcDbMText
 10
3118.717618212356
 20
7286.04703485097
 30
0.0
 40
2.5
 41
0.0
 46
0.0
 71
     5
 72
     1
  1
15
 11
0.0000000000000001
 21
1.0
 31
0.0
 73
     1
 44
1.0
  0
POINT
  5
DFD
330
DEA
100
AcDbEntity
  8
Defpoints
 62
     0
440
 16777216
100
AcDbPoint
 10
3109.134744195641
 20
7278.547034850972
 30
0.0
  0
POINT
  5
DFE
330
DEA
100
AcDbEntity
  8
Defpoints
 62
     0
440
 16777216
100
AcDbPoint
 10
3109.134744195641
 20
7293.547034850972
 30
0.0
  0
POINT
  5
DFF
330
DEA
100
AcDbEntity
  8
Defpoints
 62
     0
440
 16777216
100
AcDbPoint
 10
3120.619050681658
 20
7293.547034850972
 30
0.0
  0
ENDBLK
  5
DEC
330
DEA
100
AcDbEntity
  8
0
100
AcDbBlockEnd
  0
BLOCK
  5
E03
330
E02
100
AcDbEntity
  8
0
100
AcDbBlockBegin
  2
*D14
 70
     1
 10
0.0
 20
0.0
 30
0.0
  3
*D14
  1

  0
LINE
  5
E0F
330
E02
100
AcDbEntity
  8
dim
 62
     0
440
 16777216
370
    -2
100
AcDbLine
 10
3109.759744195641
 20
7293.547034850972
 30
0.0
 11
3126.031254153613
 21
7293.547034850972
 31
0.0
  0
LINE
  5
E10
330
E02
100
AcDbEntity
  8
dim
 62
     0
440
 16777216
370
    -2
100
AcDbLine
 10
3109.759744195641
 20
7319.547034850971
 30
0.0
 11
3126.031254153613
 21
7319.547034850971
 31
0.0
  0
LINE
  5
E11
330
E02
100
AcDbEntity
  8
dim
 62
     0
440
 16777216
370
    -2
100
AcDbLine
 10
3124.781254153613
 20
7296.047034850971
 30
0.0
 11
3124.781254153613
 21
7317.047034850972
 31
0.0
  0
SOLID
  5
E12
330
E02
100
AcDbEntity
  8
dim
 62
     0
440
 16777216
100
AcDbTrace
 10
3124.364587486947
 20
7296.047034850971
 30
0.0
 11
3125.19792082028
 21
7296.047034850971
 31
0.0
 12
3124.781254153613
 22
7293.547034850972
 32
0.0
 13
3124.781254153613
 23
7293.547034850972
 33
0.0
  0
SOLID
  5
E13
330
E02
100
AcDbEntity
  8
dim
 62
     0
440
 16777216
100
AcDbTrace
 10
3124.364587486947
 20
7317.047034850972
 30
0.0
 11
3125.19792082028
 21
7317.047034850972
 31
0.0
 12
3124.781254153613
 22
7319.547034850971
 32
0.0
 13
3124.781254153613
 23
7319.547034850971
 33
0.0
  0
MTEXT
  5
E14
330
E02
100
AcDbEntity
  8
dim
 62
     0
440
 16777216
100
AcDbMText
 10
3122.87982168431
 20
7306.547034850969
 30
0.0
 40
2.5
 41
0.0
 46
0.0
 71
     5
 72
     1
  1
26
 11
0.0000000000000001
 21
1.0
 31
0.0
 73
     1
 44
1.0
  0
POINT
  5
E15
330
E02
100
AcDbEntity
  8
Defpoints
 62
     0
440
 16777216
100
AcDbPoint
 10
3109.134744195641
 20
7293.547034850972
 30
0.0
  0
POINT
  5
E16
330
E02
100
AcDbEntity
  8
Defpoints
 62
     0
440
 16777216
100
AcDbPoint
 10
3109.134744195642
 20
7319.547034850971
 30
0.0
  0
POINT
  5
E17
330
E02
100
AcDbEntity
  8
Defpoints
 62
     0
440
 16777216
100
AcDbPoint
 10
3124.781254153613
 20
7319.547034850971
 30
0.0
  0
ENDBLK
  5
E04
330
E02
100
AcDbEntity
  8
0
100
AcDbBlockEnd
  0
BLOCK
  5
E1B
330
E1A
100
AcDbEntity
  8
0
100
AcDbBlockBegin
  2
*D15
 70
     1
 10
0.0
 20
0.0
 30
0.0
  3
*D15
  1

  0
LINE
  5
E27
330
E1A
100
AcDbEntity
  8
dim
 62
     0
440
 16777216
370
    -2
100
AcDbLine
 10
3016.134744195639
 20
7306.922034850969
 30
0.0
 11
3016.134744195639
 21
7290.386324290192
 31
0.0
  0
LINE
  5
E28
330
E1A
100
AcDbEntity
  8
dim
 62
     0
440
 16777216
370
    -2
100
AcDbLine
 10
3040.134744195639
 20
7306.922034850969
 30
0.0
 11
3040.134744195639
 21
7290.386324290192
 31
0.0
  0
LINE
  5
E29
330
E1A
100
AcDbEntity
  8
dim
 62
     0
440
 16777216
370
    -2
100
AcDbLine
 10
3018.634744195639
 20
7291.636324290192
 30
0.0
 11
3037.634744195639
 21
7291.636324290192
 31
0.0
  0
SOLID
  5
E2A
330
E1A
100
AcDbEntity
  8
dim
 62
     0
440
 16777216
100
AcDbTrace
 10
3018.634744195639
 20
7292.052990956858
 30
0.0
 11
3018.634744195639
 21
7291.219657623525
 31
0.0
 12
3016.134744195639
 22
7291.636324290192
 32
0.0
 13
3016.134744195639
 23
7291.636324290192
 33
0.0
  0
SOLID
  5
E2B
330
E1A
100
AcDbEntity
  8
dim
 62
     0
440
 16777216
100
AcDbTrace
 10
3037.634744195639
 20
7292.052990956858
 30
0.0
 11
3037.634744195639
 21
7291.219657623525
 31
0.0
 12
3040.134744195639
 22
7291.636324290192
 32
0.0
 13
3040.134744195639
 23
7291.636324290192
 33
0.0
  0
MTEXT
  5
E2C
330
E1A
100
AcDbEntity
  8
dim
 62
     0
440
 16777216
100
AcDbMText
 10
3028.134744195639
 20
7293.516440251993
 30
0.0
 40
2.5
 41
0.0
 46
0.0
 71
     5
 72
     1
  1
24
 73
     1
 44
1.0
  0
POINT
  5
E2D
330
E1A
100
AcDbEntity
  8
Defpoints
 62
     0
440
 16777216
100
AcDbPoint
 10
3016.134744195639
 20
7307.547034850968
 30
0.0
  0
POINT
  5
E2E
330
E1A
100
AcDbEntity
  8
Defpoints
 62
     0
440
 16777216
100
AcDbPoint
 10
3040.134744195639
 20
7307.547034850968
 30
0.0
  0
POINT
  5
E2F
330
E1A
100
AcDbEntity
  8
Defpoints
 62
     0
440
 16777216
100
AcDbPoint
 10
3040.134744195639
 20
7291.636324290192
 30
0.0
  0
ENDBLK
  5
E1C
330
E1A
100
AcDbEntity
  8
0
100
AcDbBlockEnd
  0
BLOCK
  5
E33
330
E32
100
AcDbEntity
  8
0
100
AcDbBlockBegin
  2
*D16
 70
     1
 10
0.0
 20
0.0
 30
0.0
  3
*D16
  1

  0
LINE
  5
E35
330
E32
100
AcDbEntity
  8
dim
 62
     0
440
 16777216
370
    -2
100
AcDbLine
 10
3040.145302534116
 20
7311.922124040144
 30
0.0
 11
3040.212007350747
 21
7307.974101239416
 31
0.0
  0
LINE
  5
E36
330
E32
100
AcDbEntity
  8
dim
 62
     0
440
 16777216
370
    -2
100
AcDbLine
 10
3050.145302534116
 20
7312.091081566475
 30
0.0
 11
3050.212007350748
 21
7308.143058765748
 31
0.0
  0
LINE
  5
E37
330
E32
100
AcDbEntity
  8
dim
 62
     0
440
 16777216
370
    -2
100
AcDbLine
 10
3042.690533917101
 20
7309.266156214981
 30
0.0
 11
3047.691247430484
 21
7309.350647033493
 31
0.0
  0
SOLID
  5
E38
330
E32
100
AcDbEntity
  8
dim
 62
     0
440
 16777216
100
AcDbTrace
 10
3042.683495024782
 20
7309.682763422199
 30
0.0
 11
3042.697572809418
 21
7308.849549007762
 31
0.0
 12
3040.190890673792
 22
7309.223922861071
 32
0.0
 13
3040.190890673792
 23
7309.223922861071
 33
0.0
  0
SOLID
  5
E39
330
E32
100
AcDbEntity
  8
dim
 62
     0
440
 16777216
100
AcDbTrace
 10
3047.684208538166
 20
7309.767254240711
 30
0.0
 11
3047.698286322802
 21
7308.934039826273
 31
0.0
 12
3050.190890673793
 22
7309.392880387402
 32
0.0
 13
3050.190890673793
 23
7309.392880387402
 33
0.0
  0
MTEXT
  5
E3A
330
E32
100
AcDbEntity
  8
dim
 62
     0
440
 16777216
100
AcDbMText
 10
3045.158769125627
 20
7311.209562754036
 30
0.0
 40
2.5
 41
0.0
 46
0.0
 71
     5
 72
     1
  1
10
 11
0.9998572973233732
 21
0.016893341564048
 31
0.0
 73
     1
 44
1.0
  0
POINT
  5
E3B
330
E32
100
AcDbEntity
  8
Defpoints
 62
     0
440
 16777216
100
AcDbPoint
 10
3040.134744195639
 20
7312.547034850972
 30
0.0
  0
POINT
  5
E3C
330
E32
100
AcDbEntity
  8
Defpoints
 62
     0
440
 16777216
100
AcDbPoint
 10
3050.134744195638
 20
7312.715992377302
 30
0.0
  0
POINT
  5
E3D
330
E32
100
AcDbEntity
  8
Defpoints
 62
     0
440
 16777216
100
AcDbPoint
 10
3050.190890673793
 20
7309.392880387402
 30
0.0
  0
ENDBLK
  5
E34
330
E32
100
AcDbEntity
  8
0
100
AcDbBlockEnd
  0
BLOCK
  5
E40
330
E3F
100
AcDbEntity
  8
0
100
AcDbBlockBegin
  2
*D17
 70
     1
 10
0.0
 20
0.0
 30
0.0
  3
*D17
  1

  0
LINE
  5
E42
330
E3F
100
AcDbEntity
  8
dim
 62
     0
440
 16777216
370
    -2
100
AcDbLine
 10
3050.134744195639
 20
7312.090992377303
 30
0.0
 11
3050.134744195639
 21
7308.227765164772
 31
0.0
  0
LINE
  5
E43
330
E3F
100
AcDbEntity
  8
dim
 62
     0
440
 16777216
370
    -2
100
AcDbLine
 10
3060.134744195639
 20
7312.090992377303
 30
0.0
 11
3060.134744195639
 21
7308.227765164772
 31
0.0
  0
LINE
  5
E44
330
E3F
100
AcDbEntity
  8
dim
 62
     0
440
 16777216
370
    -2
100
AcDbLine
 10
3052.634744195639
 20
7309.477765164773
 30
0.0
 11
3057.634744195639
 21
7309.477765164773
 31
0.0
  0
SOLID
  5
E45
330
E3F
100
AcDbEntity
  8
dim
 62
     0
440
 16777216
100
AcDbTrace
 10
3052.634744195639
 20
7309.894431831439
 30
0.0
 11
3052.634744195639
 21
7309.061098498105
 31
0.0
 12
3050.134744195639
 22
7309.477765164773
 32
0.0
 13
3050.134744195639
 23
7309.477765164773
 33
0.0
  0
SOLID
  5
E46
330
E3F
100
AcDbEntity
  8
dim
 62
     0
440
 16777216
100
AcDbTrace
 10
3057.634744195639
 20
7309.894431831439
 30
0.0
 11
3057.634744195639
 21
7309.061098498105
 31
0.0
 12
3060.134744195639
 22
7309.477765164773
 32
0.0
 13
3060.134744195639
 23
7309.477765164773
 33
0.0
  0
MTEXT
  5
E47
330
E3F
100
AcDbEntity
  8
dim
 62
     0
440
 16777216
100
AcDbMText
 10
3055.134744195639
 20
7311.379197634078
 30
0.0
 40
2.5
 41
0.0
 46
0.0
 71
     5
 72
     1
  1
10
 73
     1
 44
1.0
  0
POINT
  5
E48
330
E3F
100
AcDbEntity
  8
Defpoints
 62
     0
440
 16777216
100
AcDbPoint
 10
3050.134744195639
 20
7312.715992377302
 30
0.0
  0
POINT
  5
E49
330
E3F
100
AcDbEntity
  8
Defpoints
 62
     0
440
 16777216
100
AcDbPoint
 10
3060.134744195639
 20
7312.715992377302
 30
0.0
  0
POINT
  5
E4A
330
E3F
100
AcDbEntity
  8
Defpoints
 62
     0
440
 16777216
100
AcDbPoint
 10
3060.134744195639
 20
7309.477765164773
 30
0.0
  0
ENDBLK
  5
E41
330
E3F
100
AcDbEntity
  8
0
100
AcDbBlockEnd
  0
BLOCK
  5
E4D
330
E4C
100
AcDbEntity
  8
0
100
AcDbBlockBegin
  2
*D18
 70
     1
 10
0.0
 20
0.0
 30
0.0
  3
*D18
  1

  0
LINE
  5
E59
330
E4C
100
AcDbEntity
  8
dim
 62
     0
440
 16777216
370
    -2
100
AcDbLine
 10
3015.509744195633
 20
7307.547034850968
 30
0.0
 11
3011.656543377725
 21
7307.547034850968
 31
0.0
  0
LINE
  5
E5A
330
E4C
100
AcDbEntity
  8
dim
 62
     0
440
 16777216
370
    -2
100
AcDbLine
 10
3015.509744195639
 20
7319.547034850966
 30
0.0
 11
3011.656543377725
 21
7319.547034850966
 31
0.0
  0
LINE
  5
E5B
330
E4C
100
AcDbEntity
  8
dim
 62
     0
440
 16777216
370
    -2
100
AcDbLine
 10
3012.906543377726
 20
7310.047034850969
 30
0.0
 11
3012.906543377726
 21
7317.047034850967
 31
0.0
  0
SOLID
  5
E5C
330
E4C
100
AcDbEntity
  8
dim
 62
     0
440
 16777216
100
AcDbTrace
 10
3012.489876711059
 20
7310.047034850969
 30
0.0
 11
3013.323210044392
 21
7310.047034850969
 31
0.0
 12
3012.906543377726
 22
7307.547034850968
 32
0.0
 13
3012.906543377726
 23
7307.547034850968
 33
0.0
  0
SOLID
  5
E5D
330
E4C
100
AcDbEntity
  8
dim
 62
     0
440
 16777216
100
AcDbTrace
 10
3012.489876711059
 20
7317.047034850967
 30
0.0
 11
3013.323210044392
 21
7317.047034850967
 31
0.0
 12
3012.906543377726
 22
7319.547034850966
 32
0.0
 13
3012.906543377726
 23
7319.547034850966
 33
0.0
  0
MTEXT
  5
E5E
330
E4C
100
AcDbEntity
  8
dim
 62
     0
440
 16777216
100
AcDbMText
 10
3011.026427415926
 20
7313.547034850964
 30
0.0
 40
2.5
 41
0.0
 46
0.0
 71
     5
 72
     1
  1
12
 11
0.0000000000000001
 21
1.0
 31
0.0
 73
     1
 44
1.0
  0
POINT
  5
E5F
330
E4C
100
AcDbEntity
  8
Defpoints
 62
     0
440
 16777216
100
AcDbPoint
 10
3016.134744195634
 20
7307.547034850968
 30
0.0
  0
POINT
  5
E60
330
E4C
100
AcDbEntity
  8
Defpoints
 62
     0
440
 16777216
100
AcDbPoint
 10
3016.134744195639
 20
7319.547034850966
 30
0.0
  0
POINT
  5
E61
330
E4C
100
AcDbEntity
  8
Defpoints
 62
     0
440
 16777216
100
AcDbPoint
 10
3012.906543377726
 20
7319.547034850966
 30
0.0
  0
ENDBLK
  5
E4E
330
E4C
100
AcDbEntity
  8
0
100
AcDbBlockEnd
  0
BLOCK
  5
E65
330
E64
100
AcDbEntity
  8
0
100
AcDbBlockBegin
  2
*D19
 70
     1
 10
0.0
 20
0.0
 30
0.0
  3
*D19
  1

  0
LINE
  5
E71
330
E64
100
AcDbEntity
  8
dim
 62
     0
440
 16777216
370
    -2
100
AcDbLine
 10
2990.509744195639
 20
7286.547034850972
 30
0.0
 11
2986.601177066934
 21
7286.547034850972
 31
0.0
  0
LINE
  5
E72
330
E64
100
AcDbEntity
  8
dim
 62
     0
440
 16777216
370
    -2
100
AcDbLine
 10
2990.509744195639
 20
7311.552903860925
 30
0.0
 11
2986.601177066934
 21
7311.552903860925
 31
0.0
  0
LINE
  5
E73
330
E64
100
AcDbEntity
  8
dim
 62
     0
440
 16777216
370
    -2
100
AcDbLine
 10
2987.851177066934
 20
7289.047034850972
 30
0.0
 11
2987.851177066934
 21
7309.052903860925
 31
0.0
  0
SOLID
  5
E74
330
E64
100
AcDbEntity
  8
dim
 62
     0
440
 16777216
100
AcDbTrace
 10
2987.434510400268
 20
7289.047034850972
 30
0.0
 11
2988.267843733601
 21
7289.047034850972
 31
0.0
 12
2987.851177066934
 22
7286.547034850972
 32
0.0
 13
2987.851177066934
 23
7286.547034850972
 33
0.0
  0
SOLID
  5
E75
330
E64
100
AcDbEntity
  8
dim
 62
     0
440
 16777216
100
AcDbTrace
 10
2987.434510400268
 20
7309.052903860925
 30
0.0
 11
2988.267843733601
 21
7309.052903860925
 31
0.0
 12
2987.851177066934
 22
7311.552903860925
 32
0.0
 13
2987.851177066934
 23
7311.552903860925
 33
0.0
  0
MTEXT
  5
E76
330
E64
100
AcDbEntity
  8
dim
 62
     0
440
 16777216
100
AcDbMText
 10
2985.723789618096
 20
7299.049969355945
 30
0.0
 40
2.5
 41
0.0
 46
0.0
 71
     5
 72
     1
  1
25,01
 11
0.0000000000000001
 21
1.0
 31
0.0
 73
     1
 44
1.0
  0
POINT
  5
E77
330
E64
100
AcDbEntity
  8
Defpoints
 62
     0
440
 16777216
100
AcDbPoint
 10
2991.134744195639
 20
7286.547034850972
 30
0.0
  0
POINT
  5
E78
330
E64
100
AcDbEntity
  8
Defpoints
 62
     0
440
 16777216
100
AcDbPoint
 10
2991.134744195639
 20
7311.552903860925
 30
0.0
  0
POINT
  5
E79
330
E64
100
AcDbEntity
  8
Defpoints
 62
     0
440
 16777216
100
AcDbPoint
 10
2987.851177066934
 20
7311.552903860925
 30
0.0
  0
ENDBLK
  5
E66
330
E64
100
AcDbEntity
  8
0
100
AcDbBlockEnd
  0
BLOCK
  5
E7D
330
E7C
100
AcDbEntity
  8
0
100
AcDbBlockBegin
  2
*D20
 70
     1
 10
0.0
 20
0.0
 30
0.0
  3
*D20
  1

  0
LINE
  5
E89
330
E7C
100
AcDbEntity
  8
dim
 62
     0
440
 16777216
370
    -2
100
AcDbLine
 10
2980.134744195639
 20
7275.922034850968
 30
0.0
 11
2980.134744195639
 21
7273.733582578628
 31
0.0
  0
LINE
  5
E8A
330
E7C
100
AcDbEntity
  8
dim
 62
     0
440
 16777216
370
    -2
100
AcDbLine
 10
2960.134744195639
 20
7275.922034850968
 30
0.0
 11
2960.134744195639
 21
7273.733582578628
 31
0.0
  0
LINE
  5
E8B
330
E7C
100
AcDbEntity
  8
dim
 62
     0
440
 16777216
370
    -2
100
AcDbLine
 10
2977.634744195638
 20
7274.983582578629
 30
0.0
 11
2962.634744195639
 21
7274.983582578629
 31
0.0
  0
SOLID
  5
E8C
330
E7C
100
AcDbEntity
  8
dim
 62
     0
440
 16777216
100
AcDbTrace
 10
2977.634744195638
 20
7275.400249245295
 30
0.0
 11
2977.634744195638
 21
7274.566915911961
 31
0.0
 12
2980.134744195639
 22
7274.983582578629
 32
0.0
 13
2980.134744195639
 23
7274.983582578629
 33
0.0
  0
SOLID
  5
E8D
330
E7C
100
AcDbEntity
  8
dim
 62
     0
440
 16777216
100
AcDbTrace
 10
2962.634744195639
 20
7275.400249245295
 30
0.0
 11
2962.634744195639
 21
7274.566915911961
 31
0.0
 12
2960.134744195639
 22
7274.983582578629
 32
0.0
 13
2960.134744195639
 23
7274.983582578629
 33
0.0
  0
MTEXT
  5
E8E
330
E7C
100
AcDbEntity
  8
dim
 62
     0
440
 16777216
100
AcDbMText
 10
2970.134744195639
 20
7276.885015047934
 30
0.0
 40
2.5
 41
0.0
 46
0.0
 71
     5
 72
     1
  1
20
 73
     1
 44
1.0
  0
POINT
  5
E8F
330
E7C
100
AcDbEntity
  8
Defpoints
 62
     0
440
 16777216
100
AcDbPoint
 10
2980.134744195639
 20
7276.547034850968
 30
0.0
  0
POINT
  5
E90
330
E7C
100
AcDbEntity
  8
Defpoints
 62
     0
440
 16777216
100
AcDbPoint
 10
2960.134744195639
 20
7276.547034850968
 30
0.0
  0
POINT
  5
E91
330
E7C
100
AcDbEntity
  8
Defpoints
 62
     0
440
 16777216
100
AcDbPoint
 10
2960.134744195639
 20
7274.983582578629
 30
0.0
  0
ENDBLK
  5
E7E
330
E7C
100
AcDbEntity
  8
0
100
AcDbBlockEnd
  0
BLOCK
  5
E95
330
E94
100
AcDbEntity
  8
0
100
AcDbBlockBegin
  2
*D21
 70
     1
 10
0.0
 20
0.0
 30
0.0
  3
*D21
  1

  0
LINE
  5
EA1
330
E94
100
AcDbEntity
  8
dim
 62
     0
440
 16777216
370
    -2
100
AcDbLine
 10
3070.134744195639
 20
7279.172034850969
 30
0.0
 11
3070.134744195639
 21
7284.581216425213
 31
0.0
  0
LINE
  5
EA2
330
E94
100
AcDbEntity
  8
dim
 62
     0
440
 16777216
370
    -2
100
AcDbLine
 10
3107.13474419564
 20
7279.172034850969
 30
0.0
 11
3107.13474419564
 21
7284.581216425213
 31
0.0
  0
LINE
  5
EA3
330
E94
100
AcDbEntity
  8
dim
 62
     0
440
 16777216
370
    -2
100
AcDbLine
 10
3072.634744195639
 20
7283.331216425212
 30
0.0
 11
3104.63474419564
 21
7283.331216425212
 31
0.0
  0
SOLID
  5
EA4
330
E94
100
AcDbEntity
  8
dim
 62
     0
440
 16777216
100
AcDbTrace
 10
3072.634744195639
 20
7283.74788309188
 30
0.0
 11
3072.634744195639
 21
7282.914549758546
 31
0.0
 12
3070.134744195639
 22
7283.331216425212
 32
0.0
 13
3070.134744195639
 23
7283.331216425212
 33
0.0
  0
SOLID
  5
EA5
330
E94
100
AcDbEntity
  8
dim
 62
     0
440
 16777216
100
AcDbTrace
 10
3104.63474419564
 20
7283.74788309188
 30
0.0
 11
3104.63474419564
 21
7282.914549758546
 31
0.0
 12
3107.13474419564
 22
7283.331216425212
 32
0.0
 13
3107.13474419564
 23
7283.331216425212
 33
0.0
  0
MTEXT
  5
EA6
330
E94
100
AcDbEntity
  8
dim
 62
     0
440
 16777216
100
AcDbMText
 10
3088.634744195639
 20
7285.233501554817
 30
0.0
 40
2.5
 41
0.0
 46
0.0
 71
     5
 72
     1
  1
37
 73
     1
 44
1.0
  0
POINT
  5
EA7
330
E94
100
AcDbEntity
  8
Defpoints
 62
     0
440
 16777216
100
AcDbPoint
 10
3070.134744195639
 20
7278.547034850967
 30
0.0
  0
POINT
  5
EA8
330
E94
100
AcDbEntity
  8
Defpoints
 62
     0
440
 16777216
100
AcDbPoint
 10
3107.13474419564
 20
7278.547034850967
 30
0.0
  0
POINT
  5
EA9
330
E94
100
AcDbEntity
  8
Defpoints
 62
     0
440
 16777216
100
AcDbPoint
 10
3107.13474419564
 20
7283.331216425212
 30
0.0
  0
ENDBLK
  5
E96
330
E94
100
AcDbEntity
  8
0
100
AcDbBlockEnd
  0
BLOCK
  5
EAD
330
EAC
100
AcDbEntity
  8
0
100
AcDbBlockBegin
  2
*D22
 70
     1
 10
0.0
 20
0.0
 30
0.0
  3
*D22
  1

  0
LINE
  5
EBB
330
EAC
100
AcDbEntity
  8
dim
 62
     0
440
 16777216
370
    -2
100
AcDbLine
 10
3109.134744195639
 20
7279.172034850969
 30
0.0
 11
3109.134744195639
 21
7281.170045144397
 31
0.0
  0
LINE
  5
EBC
330
EAC
100
AcDbEntity
  8
dim
 62
     0
440
 16777216
370
    -2
100
AcDbLine
 10
3107.13474419564
 20
7279.172034850969
 30
0.0
 11
3107.13474419564
 21
7281.170045144397
 31
0.0
  0
LINE
  5
EBD
330
EAC
100
AcDbEntity
  8
dim
 62
     0
440
 16777216
370
    -2
100
AcDbLine
 10
3111.634744195639
 20
7279.920045144397
 30
0.0
 11
3114.134744195639
 21
7279.920045144397
 31
0.0
  0
LINE
  5
EBE
330
EAC
100
AcDbEntity
  8
dim
 62
     0
440
 16777216
370
    -2
100
AcDbLine
 10
3104.63474419564
 20
7279.920045144397
 30
0.0
 11
3099.228877892775
 21
7279.920045144397
 31
0.0
  0
LINE
  5
EBF
330
EAC
100
AcDbEntity
  8
dim
 62
     0
440
 16777216
370
    -2
100
AcDbLine
 10
3109.134744195639
 20
7279.920045144397
 30
0.0
 11
3107.13474419564
 21
7279.920045144397
 31
0.0
  0
SOLID
  5
EC0
330
EAC
100
AcDbEntity
  8
dim
 62
     0
440
 16777216
100
AcDbTrace
 10
3111.634744195639
 20
7280.336711811064
 30
0.0
 11
3111.634744195639
 21
7279.50337847773
 31
0.0
 12
3109.134744195639
 22
7279.920045144397
 32
0.0
 13
3109.134744195639
 23
7279.920045144397
 33
0.0
  0
SOLID
  5
EC1
330
EAC
100
AcDbEntity
  8
dim
 62
     0
440
 16777216
100
AcDbTrace
 10
3104.63474419564
 20
7280.336711811064
 30
0.0
 11
3104.63474419564
 21
7279.50337847773
 31
0.0
 12
3107.13474419564
 22
7279.920045144397
 32
0.0
 13
3107.13474419564
 23
7279.920045144397
 33
0.0
  0
MTEXT
  5
EC2
330
EAC
100
AcDbEntity
  8
dim
 62
     0
440
 16777216
100
AcDbMText
 10
3100.681811044208
 20
7281.800161106197
 30
0.0
 40
2.5
 41
0.0
 46
0.0
 71
     5
 72
     1
  1
2
 73
     1
 44
1.0
  0
POINT
  5
EC3
330
EAC
100
AcDbEntity
  8
Defpoints
 62
     0
440
 16777216
100
AcDbPoint
 10
3109.134744195639
 20
7278.547034850967
 30
0.0
  0
POINT
  5
EC4
330
EAC
100
AcDbEntity
  8
Defpoints
 62
     0
440
 16777216
100
AcDbPoint
 10
3107.13474419564
 20
7278.547034850967
 30
0.0
  0
POINT
  5
EC5
330
EAC
100
AcDbEntity
  8
Defpoints
 62
     0
440
 16777216
100
AcDbPoint
 10
3107.13474419564
 20
7279.920045144397
 30
0.0
  0
ENDBLK
  5
EAE
330
EAC
100
AcDbEntity
  8
0
100
AcDbBlockEnd
  0
BLOCK
  5
EC9
330
EC8
100
AcDbEntity
  8
0
100
AcDbBlockBegin
  2
*D23
 70
     1
 10
0.0
 20
0.0
 30
0.0
  3
*D23
  1

  0
LINE
  5
ED5
330
EC8
100
AcDbEntity
  8
dim
 62
     0
440
 16777216
370
    -2
100
AcDbLine
 10
2993.134744195639
 20
7279.172034850969
 30
0.0
 11
2993.134744195639
 21
7284.581216425213
 31
0.0
  0
LINE
  5
ED6
330
EC8
100
AcDbEntity
  8
dim
 62
     0
440
 16777216
370
    -2
100
AcDbLine
 10
3070.134744195639
 20
7279.172034850969
 30
0.0
 11
3070.134744195639
 21
7284.581216425213
 31
0.0
  0
LINE
  5
ED7
330
EC8
100
AcDbEntity
  8
dim
 62
     0
440
 16777216
370
    -2
100
AcDbLine
 10
2995.634744195639
 20
7283.331216425212
 30
0.0
 11
3067.634744195639
 21
7283.331216425212
 31
0.0
  0
SOLID
  5
ED8
330
EC8
100
AcDbEntity
  8
dim
 62
     0
440
 16777216
100
AcDbTrace
 10
2995.634744195639
 20
7283.74788309188
 30
0.0
 11
2995.634744195639
 21
7282.914549758546
 31
0.0
 12
2993.134744195639
 22
7283.331216425212
 32
0.0
 13
2993.134744195639
 23
7283.331216425212
 33
0.0
  0
SOLID
  5
ED9
330
EC8
100
AcDbEntity
  8
dim
 62
     0
440
 16777216
100
AcDbTrace
 10
3067.634744195639
 20
7283.74788309188
 30
0.0
 11
3067.634744195639
 21
7282.914549758546
 31
0.0
 12
3070.134744195639
 22
7283.331216425212
 32
0.0
 13
3070.134744195639
 23
7283.331216425212
 33
0.0
  0
MTEXT
  5
EDA
330
EC8
100
AcDbEntity
  8
dim
 62
     0
440
 16777216
100
AcDbMText
 10
3031.634744195639
 20
7285.206216425212
 30
0.0
 40
2.5
 41
0.0
 46
0.0
 71
     5
 72
     1
  1
77
 73
     1
 44
1.0
  0
POINT
  5
EDB
330
EC8
100
AcDbEntity
  8
Defpoints
 62
     0
440
 16777216
100
AcDbPoint
 10
2993.134744195639
 20
7278.547034850967
 30
0.0
  0
POINT
  5
EDC
330
EC8
100
AcDbEntity
  8
Defpoints
 62
     0
440
 16777216
100
AcDbPoint
 10
3070.134744195639
 20
7278.547034850967
 30
0.0
  0
POINT
  5
EDD
330
EC8
100
AcDbEntity
  8
Defpoints
 62
     0
440
 16777216
100
AcDbPoint
 10
3070.134744195639
 20
7283.331216425212
 30
0.0
  0
ENDBLK
  5
ECA
330
EC8
100
AcDbEntity
  8
0
100
AcDbBlockEnd
  0
BLOCK
  5
EE1
330
EE0
100
AcDbEntity
  8
0
100
AcDbBlockBegin
  2
*D24
 70
     1
 10
0.0
 20
0.0
 30
0.0
  3
*D24
  1

  0
LINE
  5
EED
330
EE0
100
AcDbEntity
  8
dim
 62
     0
440
 16777216
370
    -2
100
AcDbLine
 10
2991.75974419564
 20
7260.547034850971
 30
0.0
 11
2998.176242607725
 21
7260.547034850971
 31
0.0
  0
LINE
  5
EEE
330
EE0
100
AcDbEntity
  8
dim
 62
     0
440
 16777216
370
    -2
100
AcDbLine
 10
2991.75974419564
 20
7215.547034850972
 30
0.0
 11
2998.176242607725
 21
7215.547034850972
 31
0.0
  0
LINE
  5
EEF
330
EE0
100
AcDbEntity
  8
dim
 62
     0
440
 16777216
370
    -2
100
AcDbLine
 10
2996.926242607726
 20
7258.047034850972
 30
0.0
 11
2996.926242607726
 21
7218.047034850972
 31
0.0
  0
SOLID
  5
EF0
330
EE0
100
AcDbEntity
  8
dim
 62
     0
440
 16777216
100
AcDbTrace
 10
2996.509575941059
 20
7258.047034850972
 30
0.0
 11
2997.342909274392
 21
7258.047034850972
 31
0.0
 12
2996.926242607726
 22
7260.547034850971
 32
0.0
 13
2996.926242607726
 23
7260.547034850971
 33
0.0
  0
SOLID
  5
EF1
330
EE0
100
AcDbEntity
  8
dim
 62
     0
440
 16777216
100
AcDbTrace
 10
2996.509575941059
 20
7218.047034850972
 30
0.0
 11
2997.342909274392
 21
7218.047034850972
 31
0.0
 12
2996.926242607726
 22
7215.547034850972
 32
0.0
 13
2996.926242607726
 23
7215.547034850972
 33
0.0
  0
MTEXT
  5
EF2
330
EE0
100
AcDbEntity
  8
dim
 62
     0
440
 16777216
100
AcDbMText
 10
2995.029926100224
 20
7238.047034850969
 30
0.0
 40
2.5
 41
0.0
 46
0.0
 71
     5
 72
     1
  1
45
 11
0.0000000000000001
 21
1.0
 31
0.0
 73
     1
 44
1.0
  0
POINT
  5
EF3
330
EE0
100
AcDbEntity
  8
Defpoints
 62
     0
440
 16777216
100
AcDbPoint
 10
2991.134744195639
 20
7260.547034850971
 30
0.0
  0
POINT
  5
EF4
330
EE0
100
AcDbEntity
  8
Defpoints
 62
     0
440
 16777216
100
AcDbPoint
 10
2991.134744195639
 20
7215.547034850972
 30
0.0
  0
POINT
  5
EF5
330
EE0
100
AcDbEntity
  8
Defpoints
 62
     0
440
 16777216
100
AcDbPoint
 10
2996.926242607726
 20
7215.547034850972
 30
0.0
  0
ENDBLK
  5
EE2
330
EE0
100
AcDbEntity
  8
0
100
AcDbBlockEnd
  0
BLOCK
  5
EF9
330
EF8
100
AcDbEntity
  8
0
100
AcDbBlockBegin
  2
*D25
 70
     1
 10
0.0
 20
0.0
 30
0.0
  3
*D25
  1

  0
LINE
  5
F05
330
EF8
100
AcDbEntity
  8
dim
 62
     0
440
 16777216
370
    -2
100
AcDbLine
 10
2991.134744195639
 20
7177.843727195136
 30
0.0
 11
2991.134744195639
 21
7187.789820009054
 31
0.0
  0
LINE
  5
F06
330
EF8
100
AcDbEntity
  8
dim
 62
     0
440
 16777216
370
    -2
100
AcDbLine
 10
3022.394153896163
 20
7177.843727195138
 30
0.0
 11
3022.394153896163
 21
7187.789820009054
 31
0.0
  0
LINE
  5
F07
330
EF8
100
AcDbEntity
  8
dim
 62
     0
440
 16777216
370
    -2
100
AcDbLine
 10
2993.634744195638
 20
7186.539820009054
 30
0.0
 11
3019.894153896163
 21
7186.539820009054
 31
0.0
  0
SOLID
  5
F08
330
EF8
100
AcDbEntity
  8
dim
 62
     0
440
 16777216
100
AcDbTrace
 10
2993.634744195638
 20
7186.956486675722
 30
0.0
 11
2993.634744195638
 21
7186.123153342387
 31
0.0
 12
2991.134744195639
 22
7186.539820009054
 32
0.0
 13
2991.134744195639
 23
7186.539820009054
 33
0.0
  0
SOLID
  5
F09
330
EF8
100
AcDbEntity
  8
dim
 62
     0
440
 16777216
100
AcDbTrace
 10
3019.894153896163
 20
7186.956486675722
 30
0.0
 11
3019.894153896163
 21
7186.123153342387
 31
0.0
 12
3022.394153896163
 22
7186.539820009054
 32
0.0
 13
3022.394153896163
 23
7186.539820009054
 33
0.0
  0
MTEXT
  5
F0A
330
EF8
100
AcDbEntity
  8
dim
 62
     0
440
 16777216
100
AcDbMText
 10
3006.764449045901
 20
7188.667207457895
 30
0.0
 40
2.5
 41
0.0
 46
0.0
 71
     5
 72
     1
  1
31,26
 73
     1
 44
1.0
  0
POINT
  5
F0B
330
EF8
100
AcDbEntity
  8
Defpoints
 62
     0
440
 16777216
100
AcDbPoint
 10
2991.134744195639
 20
7177.218727195136
 30
0.0
  0
POINT
  5
F0C
330
EF8
100
AcDbEntity
  8
Defpoints
 62
     0
440
 16777216
100
AcDbPoint
 10
3022.394153896163
 20
7177.218727195136
 30
0.0
  0
POINT
  5
F0D
330
EF8
100
AcDbEntity
  8
Defpoints
 62
     0
440
 16777216
100
AcDbPoint
 10
3022.394153896163
 20
7186.539820009054
 30
0.0
  0
ENDBLK
  5
EFA
330
EF8
100
AcDbEntity
  8
0
100
AcDbBlockEnd
  0
BLOCK
  5
F11
330
F10
100
AcDbEntity
  8
0
100
AcDbBlockBegin
  2
*D26
 70
     1
 10
0.0
 20
0.0
 30
0.0
  3
*D26
  1

  0
LINE
  5
F1D
330
F10
100
AcDbEntity
  8
dim
 62
     0
440
 16777216
370
    -2
100
AcDbLine
 10
3022.394153896163
 20
7185.028199621739
 30
0.0
 11
3022.394153896163
 21
7188.43429824816
 31
0.0
  0
LINE
  5
F1E
330
F10
100
AcDbEntity
  8
dim
 62
     0
440
 16777216
370
    -2
100
AcDbLine
 10
3037.185397054664
 20
7185.028199621739
 30
0.0
 11
3037.185397054664
 21
7188.43429824816
 31
0.0
  0
LINE
  5
F1F
330
F10
100
AcDbEntity
  8
dim
 62
     0
440
 16777216
370
    -2
100
AcDbLine
 10
3024.894153896163
 20
7187.184298248159
 30
0.0
 11
3034.685397054664
 21
7187.184298248159
 31
0.0
  0
SOLID
  5
F20
330
F10
100
AcDbEntity
  8
dim
 62
     0
440
 16777216
100
AcDbTrace
 10
3024.894153896163
 20
7187.600964914826
 30
0.0
 11
3024.894153896163
 21
7186.767631581493
 31
0.0
 12
3022.394153896163
 22
7187.184298248159
 32
0.0
 13
3022.394153896163
 23
7187.184298248159
 33
0.0
  0
SOLID
  5
F21
330
F10
100
AcDbEntity
  8
dim
 62
     0
440
 16777216
100
AcDbTrace
 10
3034.685397054664
 20
7187.600964914826
 30
0.0
 11
3034.685397054664
 21
7186.767631581493
 31
0.0
 12
3037.185397054664
 22
7187.184298248159
 32
0.0
 13
3037.185397054664
 23
7187.184298248159
 33
0.0
  0
MTEXT
  5
F22
330
F10
100
AcDbEntity
  8
dim
 62
     0
440
 16777216
100
AcDbMText
 10
3029.789775475413
 20
7189.311685696999
 30
0.0
 40
2.5
 41
0.0
 46
0.0
 71
     5
 72
     1
  1
14,79
 73
     1
 44
1.0
  0
POINT
  5
F23
330
F10
100
AcDbEntity
  8
Defpoints
 62
     0
440
 16777216
100
AcDbPoint
 10
3022.394153896163
 20
7184.403199621738
 30
0.0
  0
POINT
  5
F24
330
F10
100
AcDbEntity
  8
Defpoints
 62
     0
440
 16777216
100
AcDbPoint
 10
3037.185397054664
 20
7184.403199621738
 30
0.0
  0
POINT
  5
F25
330
F10
100
AcDbEntity
  8
Defpoints
 62
     0
440
 16777216
100
AcDbPoint
 10
3037.185397054664
 20
7187.184298248159
 30
0.0
  0
ENDBLK
  5
F12
330
F10
100
AcDbEntity
  8
0
100
AcDbBlockEnd
  0
BLOCK
  5
F29
330
F28
100
AcDbEntity
  8
0
100
AcDbBlockBegin
  2
*D27
 70
     1
 10
0.0
 20
0.0
 30
0.0
  3
*D27
  1

  0
LINE
  5
F2B
330
F28
100
AcDbEntity
  8
dim
 62
     0
440
 16777216
370
    -2
100
AcDbLine
 10
3037.742503320706
 20
7179.50937952869
 30
0.0
 11
3037.742503320706
 21
7185.030393431948
 31
0.0
  0
LINE
  5
F2C
330
F28
100
AcDbEntity
  8
dim
 62
     0
440
 16777216
370
    -2
100
AcDbLine
 10
3057.12762630352
 20
7179.805151466855
 30
0.0
 11
3057.12762630352
 21
7185.030393431948
 31
0.0
  0
LINE
  5
F2D
330
F28
100
AcDbEntity
  8
dim
 62
     0
440
 16777216
370
    -2
100
AcDbLine
 10
3040.242503320706
 20
7183.780393431948
 30
0.0
 11
3054.627626303521
 21
7183.780393431948
 31
0.0
  0
SOLID
  5
F2E
330
F28
100
AcDbEntity
  8
dim
 62
     0
440
 16777216
100
AcDbTrace
 10
3040.242503320706
 20
7184.197060098616
 30
0.0
 11
3040.242503320706
 21
7183.363726765282
 31
0.0
 12
3037.742503320706
 22
7183.780393431948
 32
0.0
 13
3037.742503320706
 23
7183.780393431948
 33
0.0
  0
SOLID
  5
F2F
330
F28
100
AcDbEntity
  8
dim
 62
     0
440
 16777216
100
AcDbTrace
 10
3054.627626303521
 20
7184.197060098616
 30
0.0
 11
3054.627626303521
 21
7183.363726765282
 31
0.0
 12
3057.12762630352
 22
7183.780393431948
 32
0.0
 13
3057.12762630352
 23
7183.780393431948
 33
0.0
  0
MTEXT
  5
F30
330
F28
100
AcDbEntity
  8
dim
 62
     0
440
 16777216
100
AcDbMText
 10
3047.435064812114
 20
7185.907780880789
 30
0.0
 40
2.5
 41
0.0
 46
0.0
 71
     5
 72
     1
  1
19,39
 73
     1
 44
1.0
  0
POINT
  5
F31
330
F28
100
AcDbEntity
  8
Defpoints
 62
     0
440
 16777216
100
AcDbPoint
 10
3037.742503320706
 20
7178.884379528691
 30
0.0
  0
POINT
  5
F32
330
F28
100
AcDbEntity
  8
Defpoints
 62
     0
440
 16777216
100
AcDbPoint
 10
3057.12762630352
 20
7179.180151466855
 30
0.0
  0
POINT
  5
F33
330
F28
100
AcDbEntity
  8
Defpoints
 62
     0
440
 16777216
100
AcDbPoint
 10
3057.12762630352
 20
7183.780393431948
 30
0.0
  0
ENDBLK
  5
F2A
330
F28
100
AcDbEntity
  8
0
100
AcDbBlockEnd
  0
BLOCK
  5
F36
330
F35
100
AcDbEntity
  8
0
100
AcDbBlockBegin
  2
*D28
 70
     1
 10
0.0
 20
0.0
 30
0.0
  3
*D28
  1

  0
LINE
  5
F42
330
F35
100
AcDbEntity
  8
dim
 62
     0
440
 16777216
370
    -2
100
AcDbLine
 10
2990.509744195639
 20
7177.218727195139
 30
0.0
 11
2985.604442455727
 21
7177.218727195139
 31
0.0
  0
LINE
  5
F43
330
F35
100
AcDbEntity
  8
dim
 62
     0
440
 16777216
370
    -2
100
AcDbLine
 10
2990.509744195639
 20
7158.547034850972
 30
0.0
 11
2985.604442455727
 21
7158.547034850972
 31
0.0
  0
LINE
  5
F44
330
F35
100
AcDbEntity
  8
dim
 62
     0
440
 16777216
370
    -2
100
AcDbLine
 10
2986.854442455727
 20
7174.71872719514
 30
0.0
 11
2986.854442455728
 21
7161.047034850972
 31
0.0
  0
SOLID
  5
F45
330
F35
100
AcDbEntity
  8
dim
 62
     0
440
 16777216
100
AcDbTrace
 10
2986.437775789061
 20
7174.71872719514
 30
0.0
 11
2987.271109122394
 21
7174.71872719514
 31
0.0
 12
2986.854442455727
 22
7177.218727195139
 32
0.0
 13
2986.854442455727
 23
7177.218727195139
 33
0.0
  0
SOLID
  5
F46
330
F35
100
AcDbEntity
  8
dim
 62
     0
440
 16777216
100
AcDbTrace
 10
2986.437775789061
 20
7161.047034850972
 30
0.0
 11
2987.271109122394
 21
7161.047034850972
 31
0.0
 12
2986.854442455728
 22
7158.547034850972
 32
0.0
 13
2986.854442455728
 23
7158.547034850972
 33
0.0
  0
MTEXT
  5
F47
330
F35
100
AcDbEntity
  8
dim
 62
     0
440
 16777216
100
AcDbMText
 10
2984.727055006889
 20
7167.882881023054
 30
0.0
 40
2.5
 41
0.0
 46
0.0
 71
     5
 72
     1
  1
18,67
 11
0.0000000000000001
 21
1.0
 31
0.0
 73
     1
 44
1.0
  0
POINT
  5
F48
330
F35
100
AcDbEntity
  8
Defpoints
 62
     0
440
 16777216
100
AcDbPoint
 10
2991.134744195639
 20
7177.218727195139
 30
0.0
  0
POINT
  5
F49
330
F35
100
AcDbEntity
  8
Defpoints
 62
     0
440
 16777216
100
AcDbPoint
 10
2991.134744195639
 20
7158.547034850972
 30
0.0
  0
POINT
  5
F4A
330
F35
100
AcDbEntity
  8
Defpoints
 62
     0
440
 16777216
100
AcDbPoint
 10
2986.854442455728
 20
7158.547034850972
 30
0.0
  0
ENDBLK
  5
F37
330
F35
100
AcDbEntity
  8
0
100
AcDbBlockEnd
  0
BLOCK
  5
F4E
330
F4D
100
AcDbEntity
  8
0
100
AcDbBlockBegin
  2
*D29
 70
     1
 10
0.0
 20
0.0
 30
0.0
  3
*D29
  1

  0
LINE
  5
F5B
330
F4D
100
AcDbEntity
  8
dim
 62
     0
440
 16777216
370
    -2
100
AcDbLine
 10
3021.769153896185
 20
7184.403204806208
 30
0.0
 11
3017.997026025036
 21
7184.403236096556
 31
0.0
  0
LINE
  5
F5C
330
F4D
100
AcDbEntity
  8
dim
 62
     0
440
 16777216
370
    -2
100
AcDbLine
 10
3021.769094299942
 20
7177.218732379603
 30
0.0
 11
3017.996966428793
 21
7177.218763669952
 31
0.0
  0
LINE
  5
F5D
330
F4D
100
AcDbEntity
  8
dim
 62
     0
440
 16777216
370
    -2
100
AcDbLine
 10
3019.24700528713
 20
7181.90322572771
 30
0.0
 11
3019.246987166613
 21
7179.718753300935
 31
0.0
  0
LINE
  5
F5E
330
F4D
100
AcDbEntity
  8
dim
 62
     0
440
 16777216
370
    -2
100
AcDbLine
 10
3019.24696642875
 20
7177.218753301019
 30
0.0
 11
3019.246881581749
 21
7166.990240340935
 31
0.0
  0
SOLID
  5
F5F
330
F4D
100
AcDbEntity
  8
dim
 62
     0
440
 16777216
100
AcDbTrace
 10
3018.830338620477
 20
7181.90322918402
 30
0.0
 11
3019.663671953781
 21
7181.9032222714
 31
0.0
 12
3019.247026024993
 22
7184.403225727624
 32
0.0
 13
3019.247026024993
 23
7184.403225727624
 33
0.0
  0
SOLID
  5
F60
330
F4D
100
AcDbEntity
  8
dim
 62
     0
440
 16777216
100
AcDbTrace
 10
3018.830320499961
 20
7179.718756757245
 30
0.0
 11
3019.663653833265
 21
7179.718749844624
 31
0.0
 12
3019.24696642875
 22
7177.218753301019
 32
0.0
 13
3019.24696642875
 23
7177.218753301019
 33
0.0
  0
MTEXT
  5
F61
330
F4D
100
AcDbEntity
  8
dim
 62
     0
440
 16777216
100
AcDbMText
 10
3017.11952618755
 20
7170.854514468008
 30
0.0
 40
2.5
 41
0.0
 46
0.0
 71
     5
 72
     1
  1
7,18
 11
0.0000082951453253
 21
0.9999999999655953
 31
0.0
 73
     1
 44
1.0
  0
POINT
  5
F62
330
F4D
100
AcDbEntity
  8
Defpoints
 62
     0
440
 16777216
100
AcDbPoint
 10
3022.394153896164
 20
7184.403199621741
 30
0.0
  0
POINT
  5
F63
330
F4D
100
AcDbEntity
  8
Defpoints
 62
     0
440
 16777216
100
AcDbPoint
 10
3022.394094299921
 20
7177.218727195136
 30
0.0
  0
POINT
  5
F64
330
F4D
100
AcDbEntity
  8
Defpoints
 62
     0
440
 16777216
100
AcDbPoint
 10
3019.24696642875
 20
7177.218753301019
 30
0.0
  0
ENDBLK
  5
F4F
330
F4D
100
AcDbEntity
  8
0
100
AcDbBlockEnd
  0
BLOCK
  5
F68
330
F67
100
AcDbEntity
  8
0
100
AcDbBlockBegin
  2
*D30
 70
     1
 10
0.0
 20
0.0
 30
0.0
  3
*D30
  1

  0
LINE
  5
F74
330
F67
100
AcDbEntity
  8
dim
 62
     0
440
 16777216
370
    -2
100
AcDbLine
 10
3057.814370144685
 20
7178.929498900231
 30
0.0
 11
3062.386061012936
 21
7178.929498900231
 31
0.0
  0
LINE
  5
F75
330
F67
100
AcDbEntity
  8
dim
 62
     0
440
 16777216
370
    -2
100
AcDbLine
 10
3057.81437015885
 20
7158.547020821742
 30
0.0
 11
3062.386061012937
 21
7158.547020821742
 31
0.0
  0
LINE
  5
F76
330
F67
100
AcDbEntity
  8
dim
 62
     0
440
 16777216
370
    -2
100
AcDbLine
 10
3061.136061012936
 20
7176.429498900232
 30
0.0
 11
3061.136061012937
 21
7161.047020821744
 31
0.0
  0
SOLID
  5
F77
330
F67
100
AcDbEntity
  8
dim
 62
     0
440
 16777216
100
AcDbTrace
 10
3060.71939434627
 20
7176.429498900232
 30
0.0
 11
3061.552727679603
 21
7176.429498900232
 31
0.0
 12
3061.136061012936
 22
7178.929498900231
 32
0.0
 13
3061.136061012936
 23
7178.929498900231
 33
0.0
  0
SOLID
  5
F78
330
F67
100
AcDbEntity
  8
dim
 62
     0
440
 16777216
100
AcDbTrace
 10
3060.71939434627
 20
7161.047020821744
 30
0.0
 11
3061.552727679603
 21
7161.047020821744
 31
0.0
 12
3061.136061012937
 22
7158.547020821742
 32
0.0
 13
3061.136061012937
 23
7158.547020821742
 33
0.0
  0
MTEXT
  5
F79
330
F67
100
AcDbEntity
  8
dim
 62
     0
440
 16777216
100
AcDbMText
 10
3059.008673564098
 20
7168.738259860984
 30
0.0
 40
2.5
 41
0.0
 46
0.0
 71
     5
 72
     1
  1
20,38
 11
0.0000000000000001
 21
1.0
 31
0.0
 73
     1
 44
1.0
  0
POINT
  5
F7A
330
F67
100
AcDbEntity
  8
Defpoints
 62
     0
440
 16777216
100
AcDbPoint
 10
3057.189370144686
 20
7178.929498900231
 30
0.0
  0
POINT
  5
F7B
330
F67
100
AcDbEntity
  8
Defpoints
 62
     0
440
 16777216
100
AcDbPoint
 10
3057.18937015885
 20
7158.547020821742
 30
0.0
  0
POINT
  5
F7C
330
F67
100
AcDbEntity
  8
Defpoints
 62
     0
440
 16777216
100
AcDbPoint
 10
3061.136061012937
 20
7158.547020821742
 30
0.0
  0
ENDBLK
  5
F69
330
F67
100
AcDbEntity
  8
0
100
AcDbBlockEnd
  0
BLOCK
  5
F80
330
F7F
100
AcDbEntity
  8
0
100
AcDbBlockBegin
  2
*D31
 70
     1
 10
0.0
 20
0.0
 30
0.0
  3
*D31
  1

  0
LINE
  5
F8C
330
F7F
100
AcDbEntity
  8
dim
 62
     0
440
 16777216
370
    -2
100
AcDbLine
 10
2945.51018886621
 20
7201.547034850972
 30
0.0
 11
2940.144408656611
 21
7201.547034850972
 31
0.0
  0
LINE
  5
F8D
330
F7F
100
AcDbEntity
  8
dim
 62
     0
440
 16777216
370
    -2
100
AcDbLine
 10
2945.50974419564
 20
7276.547034850972
 30
0.0
 11
2940.144408656611
 21
7276.547034850972
 31
0.0
  0
LINE
  5
F8E
330
F7F
100
AcDbEntity
  8
dim
 62
     0
440
 16777216
370
    -2
100
AcDbLine
 10
2941.394408656611
 20
7204.047034850971
 30
0.0
 11
2941.394408656611
 21
7274.047034850972
 31
0.0
  0
SOLID
  5
F8F
330
F7F
100
AcDbEntity
  8
dim
 62
     0
440
 16777216
100
AcDbTrace
 10
2940.977741989944
 20
7204.047034850971
 30
0.0
 11
2941.811075323278
 21
7204.047034850971
 31
0.0
 12
2941.394408656611
 22
7201.547034850972
 32
0.0
 13
2941.394408656611
 23
7201.547034850972
 33
0.0
  0
SOLID
  5
F90
330
F7F
100
AcDbEntity
  8
dim
 62
     0
440
 16777216
100
AcDbTrace
 10
2940.977741989944
 20
7274.047034850972
 30
0.0
 11
2941.811075323278
 21
7274.047034850972
 31
0.0
 12
2941.394408656611
 22
7276.547034850972
 32
0.0
 13
2941.394408656611
 23
7276.547034850972
 33
0.0
  0
MTEXT
  5
F91
330
F7F
100
AcDbEntity
  8
dim
 62
     0
440
 16777216
100
AcDbMText
 10
2939.49809214911
 20
7239.047034850969
 30
0.0
 40
2.5
 41
0.0
 46
0.0
 71
     5
 72
     1
  1
75
 11
0.0000000000000001
 21
1.0
 31
0.0
 73
     1
 44
1.0
  0
POINT
  5
F92
330
F7F
100
AcDbEntity
  8
Defpoints
 62
     0
440
 16777216
100
AcDbPoint
 10
2946.13518886621
 20
7201.547034850972
 30
0.0
  0
POINT
  5
F93
330
F7F
100
AcDbEntity
  8
Defpoints
 62
     0
440
 16777216
100
AcDbPoint
 10
2946.13474419564
 20
7276.547034850972
 30
0.0
  0
POINT
  5
F94
330
F7F
100
AcDbEntity
  8
Defpoints
 62
     0
440
 16777216
100
AcDbPoint
 10
2941.394408656611
 20
7276.547034850972
 30
0.0
  0
ENDBLK
  5
F81
330
F7F
100
AcDbEntity
  8
0
100
AcDbBlockEnd
  0
BLOCK
  5
F98
330
F97
100
AcDbEntity
  8
0
100
AcDbBlockBegin
  2
*D32
 70
     1
 10
0.0
 20
0.0
 30
0.0
  3
*D32
  1

  0
LINE
  5
FA4
330
F97
100
AcDbEntity
  8
dim
 62
     0
440
 16777216
370
    -2
100
AcDbLine
 10
2957.759700048487
 20
7282.554463309145
 30
0.0
 11
2962.170738816823
 21
7282.606894559863
 31
0.0
  0
LINE
  5
FA5
330
F97
100
AcDbEntity
  8
dim
 62
     0
440
 16777216
370
    -2
100
AcDbLine
 10
2957.569518085568
 20
7298.554463309146
 30
0.0
 11
2961.980556853904
 21
7298.606894559863
 31
0.0
  0
LINE
  5
FA6
330
F97
100
AcDbEntity
  8
dim
 62
     0
440
 16777216
370
    -2
100
AcDbLine
 10
2960.89111327842
 20
7285.0918610549
 30
0.0
 11
2960.760358980916
 21
7296.092214232117
 31
0.0
  0
SOLID
  5
FA7
330
F97
100
AcDbEntity
  8
dim
 62
     0
440
 16777216
100
AcDbTrace
 10
2961.307750513651
 20
7285.096813360351
 30
0.0
 11
2960.474476043188
 21
7285.08690874945
 31
0.0
 12
2960.920827111127
 22
7282.592037643509
 32
0.0
 13
2960.920827111127
 23
7282.592037643509
 33
0.0
  0
SOLID
  5
FA8
330
F97
100
AcDbEntity
  8
dim
 62
     0
440
 16777216
100
AcDbTrace
 10
2961.176996216148
 20
7296.097166537568
 30
0.0
 11
2960.343721745684
 21
7296.087261926665
 31
0.0
 12
2960.730645148208
 22
7298.592037643508
 32
0.0
 13
2960.730645148208
 23
7298.592037643508
 33
0.0
  0
MTEXT
  5
FA9
330
F97
100
AcDbEntity
  8
dim
 62
     0
440
 16777216
100
AcDbMText
 10
2962.727034290448
 20
7290.614637182028
 30
0.0
 40
2.5
 41
0.0
 46
0.0
 71
     5
 72
     1
  1
16
 11
0.0118855330832544
 21
-0.9999293645569805
 31
0.0
 73
     1
 44
1.0
  0
POINT
  5
FAA
330
F97
100
AcDbEntity
  8
Defpoints
 62
     0
440
 16777216
100
AcDbPoint
 10
2957.134744195639
 20
7282.54703485097
 30
0.0
  0
POINT
  5
FAB
330
F97
100
AcDbEntity
  8
Defpoints
 62
     0
440
 16777216
100
AcDbPoint
 10
2956.944562232719
 20
7298.547034850969
 30
0.0
  0
POINT
  5
FAC
330
F97
100
AcDbEntity
  8
Defpoints
 62
     0
440
 16777216
100
AcDbPoint
 10
2960.730645148208
 20
7298.592037643508
 30
0.0
  0
ENDBLK
  5
F99
330
F97
100
AcDbEntity
  8
0
100
AcDbBlockEnd
  0
BLOCK
  5
FB0
330
FAF
100
AcDbEntity
  8
0
100
AcDbBlockBegin
  2
*D33
 70
     1
 10
0.0
 20
0.0
 30
0.0
  3
*D33
  1

  0
LINE
  5
FBC
330
FAF
100
AcDbEntity
  8
dim
 62
     0
440
 16777216
370
    -2
100
AcDbLine
 10
2948.134744195639
 20
7281.922034850969
 30
0.0
 11
2948.134744195639
 21
7279.411739137029
 31
0.0
  0
LINE
  5
FBD
330
FAF
100
AcDbEntity
  8
dim
 62
     0
440
 16777216
370
    -2
100
AcDbLine
 10
2957.134744195639
 20
7281.922034850969
 30
0.0
 11
2957.134744195639
 21
7279.411739137029
 31
0.0
  0
LINE
  5
FBE
330
FAF
100
AcDbEntity
  8
dim
 62
     0
440
 16777216
370
    -2
100
AcDbLine
 10
2950.634744195639
 20
7280.66173913703
 30
0.0
 11
2954.634744195639
 21
7280.66173913703
 31
0.0
  0
SOLID
  5
FBF
330
FAF
100
AcDbEntity
  8
dim
 62
     0
440
 16777216
100
AcDbTrace
 10
2950.634744195639
 20
7281.078405803696
 30
0.0
 11
2950.634744195639
 21
7280.245072470362
 31
0.0
 12
2948.134744195639
 22
7280.66173913703
 32
0.0
 13
2948.134744195639
 23
7280.66173913703
 33
0.0
  0
SOLID
  5
FC0
330
FAF
100
AcDbEntity
  8
dim
 62
     0
440
 16777216
100
AcDbTrace
 10
2954.634744195639
 20
7281.078405803696
 30
0.0
 11
2954.634744195639
 21
7280.245072470362
 31
0.0
 12
2957.134744195639
 22
7280.66173913703
 32
0.0
 13
2957.134744195639
 23
7280.66173913703
 33
0.0
  0
MTEXT
  5
FC1
330
FAF
100
AcDbEntity
  8
dim
 62
     0
440
 16777216
100
AcDbMText
 10
2952.634744195639
 20
7282.563171606334
 30
0.0
 40
2.5
 41
0.0
 46
0.0
 71
     5
 72
     1
  1
9
 73
     1
 44
1.0
  0
POINT
  5
FC2
330
FAF
100
AcDbEntity
  8
Defpoints
 62
     0
440
 16777216
100
AcDbPoint
 10
2948.134744195639
 20
7282.547034850968
 30
0.0
  0
POINT
  5
FC3
330
FAF
100
AcDbEntity
  8
Defpoints
 62
     0
440
 16777216
100
AcDbPoint
 10
2957.134744195639
 20
7282.547034850968
 30
0.0
  0
POINT
  5
FC4
330
FAF
100
AcDbEntity
  8
Defpoints
 62
     0
440
 16777216
100
AcDbPoint
 10
2957.134744195639
 20
7280.66173913703
 30
0.0
  0
ENDBLK
  5
FB1
330
FAF
100
AcDbEntity
  8
0
100
AcDbBlockEnd
  0
BLOCK
  5
FC8
330
FC7
100
AcDbEntity
  8
0
100
AcDbBlockBegin
  2
*D34
 70
     1
 10
0.0
 20
0.0
 30
0.0
  3
*D34
  1

  0
LINE
  5
FD4
330
FC7
100
AcDbEntity
  8
dim
 62
     0
440
 16777216
370
    -2
100
AcDbLine
 10
2969.75974419564
 20
7298.547034850972
 30
0.0
 11
2973.526758156618
 21
7298.547034850972
 31
0.0
  0
LINE
  5
FD5
330
FC7
100
AcDbEntity
  8
dim
 62
     0
440
 16777216
370
    -2
100
AcDbLine
 10
2969.75974419564
 20
7319.547034850971
 30
0.0
 11
2973.526758156618
 21
7319.547034850971
 31
0.0
  0
LINE
  5
FD6
330
FC7
100
AcDbEntity
  8
dim
 62
     0
440
 16777216
370
    -2
100
AcDbLine
 10
2972.276758156618
 20
7301.047034850971
 30
0.0
 11
2972.276758156618
 21
7317.047034850972
 31
0.0
  0
SOLID
  5
FD7
330
FC7
100
AcDbEntity
  8
dim
 62
     0
440
 16777216
100
AcDbTrace
 10
2971.860091489951
 20
7301.047034850971
 30
0.0
 11
2972.693424823285
 21
7301.047034850971
 31
0.0
 12
2972.276758156618
 22
7298.547034850972
 32
0.0
 13
2972.276758156618
 23
7298.547034850972
 33
0.0
  0
SOLID
  5
FD8
330
FC7
100
AcDbEntity
  8
dim
 62
     0
440
 16777216
100
AcDbTrace
 10
2971.860091489951
 20
7317.047034850972
 30
0.0
 11
2972.693424823285
 21
7317.047034850972
 31
0.0
 12
2972.276758156618
 22
7319.547034850971
 32
0.0
 13
2972.276758156618
 23
7319.547034850971
 33
0.0
  0
MTEXT
  5
FD9
330
FC7
100
AcDbEntity
  8
dim
 62
     0
440
 16777216
100
AcDbMText
 10
2970.396642194819
 20
7309.047034850969
 30
0.0
 40
2.5
 41
0.0
 46
0.0
 71
     5
 72
     1
  1
21
 11
0.0000000000000001
 21
1.0
 31
0.0
 73
     1
 44
1.0
  0
POINT
  5
FDA
330
FC7
100
AcDbEntity
  8
Defpoints
 62
     0
440
 16777216
100
AcDbPoint
 10
2969.13474419564
 20
7298.547034850972
 30
0.0
  0
POINT
  5
FDB
330
FC7
100
AcDbEntity
  8
Defpoints
 62
     0
440
 16777216
100
AcDbPoint
 10
2969.13474419564
 20
7319.547034850971
 30
0.0
  0
POINT
  5
FDC
330
FC7
100
AcDbEntity
  8
Defpoints
 62
     0
440
 16777216
100
AcDbPoint
 10
2972.276758156618
 20
7319.547034850971
 30
0.0
  0
ENDBLK
  5
FC9
330
FC7
100
AcDbEntity
  8
0
100
AcDbBlockEnd
  0
BLOCK
  5
FE0
330
FDF
100
AcDbEntity
  8
0
100
AcDbBlockBegin
  2
*D35
 70
     1
 10
0.0
 20
0.0
 30
0.0
  3
*D35
  1

  0
LINE
  5
FEC
330
FDF
100
AcDbEntity
  8
dim
 62
     0
440
 16777216
370
    -2
100
AcDbLine
 10
2948.127738878684
 20
7299.171995590161
 30
0.0
 11
2948.085174220522
 21
7302.969288475122
 31
0.0
  0
LINE
  5
FED
330
FDF
100
AcDbEntity
  8
dim
 62
     0
440
 16777216
370
    -2
100
AcDbLine
 10
2969.127738878684
 20
7299.407389026612
 30
0.0
 11
2969.085174220522
 21
7303.204681911572
 31
0.0
  0
LINE
  5
FEE
330
FDF
100
AcDbEntity
  8
dim
 62
     0
440
 16777216
370
    -2
100
AcDbLine
 10
2950.599027811209
 20
7301.74738826455
 30
0.0
 11
2966.599341897654
 21
7301.926739165366
 31
0.0
  0
SOLID
  5
FEF
330
FDF
100
AcDbEntity
  8
dim
 62
     0
440
 16777216
100
AcDbTrace
 10
2950.594357599906
 20
7302.164028757347
 30
0.0
 11
2950.603698022512
 21
7301.330747771754
 31
0.0
 12
2948.099184854431
 22
7301.719366996732
 32
0.0
 13
2948.099184854431
 23
7301.719366996732
 33
0.0
  0
SOLID
  5
FF0
330
FDF
100
AcDbEntity
  8
dim
 62
     0
440
 16777216
100
AcDbTrace
 10
2966.594671686351
 20
7302.343379658163
 30
0.0
 11
2966.604012108957
 21
7301.51009867257
 31
0.0
 12
2969.099184854431
 22
7301.954760433183
 32
0.0
 13
2969.099184854431
 23
7301.954760433183
 33
0.0
  0
MTEXT
  5
FF1
330
FDF
100
AcDbEntity
  8
dim
 62
     0
440
 16777216
100
AcDbMText
 10
2958.578111561273
 20
7303.717061572971
 30
0.0
 40
2.5
 41
0.0
 46
0.0
 71
     5
 72
     1
  1
21
 11
0.9999371827109825
 21
0.0112085071273069
 31
0.0
 73
     1
 44
1.0
  0
POINT
  5
FF2
330
FDF
100
AcDbEntity
  8
Defpoints
 62
     0
440
 16777216
100
AcDbPoint
 10
2948.134744195639
 20
7298.547034850968
 30
0.0
  0
POINT
  5
FF3
330
FDF
100
AcDbEntity
  8
Defpoints
 62
     0
440
 16777216
100
AcDbPoint
 10
2969.134744195639
 20
7298.782428287418
 30
0.0
  0
POINT
  5
FF4
330
FDF
100
AcDbEntity
  8
Defpoints
 62
     0
440
 16777216
100
AcDbPoint
 10
2969.099184854431
 20
7301.954760433183
 30
0.0
  0
ENDBLK
  5
FE1
330
FDF
100
AcDbEntity
  8
0
100
AcDbBlockEnd
  0
BLOCK
  5
FF8
330
FF7
100
AcDbEntity
  8
0
100
AcDbBlockBegin
  2
*D36
 70
     1
 10
0.0
 20
0.0
 30
0.0
  3
*D36
  1

  0
LINE
  5
1004
330
FF7
100
AcDbEntity
  8
dim
 62
     0
440
 16777216
370
    -2
100
AcDbLine
 10
2967.50974419564
 20
7314.496909222038
 30
0.0
 11
2964.639975065562
 21
7314.496909222038
 31
0.0
  0
LINE
  5
1005
330
FF7
100
AcDbEntity
  8
dim
 62
     0
440
 16777216
370
    -2
100
AcDbLine
 10
2967.50974419564
 20
7304.547034850973
 30
0.0
 11
2964.639975065562
 21
7304.547034850973
 31
0.0
  0
LINE
  5
1006
330
FF7
100
AcDbEntity
  8
dim
 62
     0
440
 16777216
370
    -2
100
AcDbLine
 10
2965.889975065563
 20
7311.996909222038
 30
0.0
 11
2965.889975065563
 21
7307.047034850971
 31
0.0
  0
SOLID
  5
1007
330
FF7
100
AcDbEntity
  8
dim
 62
     0
440
 16777216
100
AcDbTrace
 10
2965.473308398896
 20
7311.996909222038
 30
0.0
 11
2966.306641732229
 21
7311.996909222038
 31
0.0
 12
2965.889975065563
 22
7314.496909222038
 32
0.0
 13
2965.889975065563
 23
7314.496909222038
 33
0.0
  0
SOLID
  5
1008
330
FF7
100
AcDbEntity
  8
dim
 62
     0
440
 16777216
100
AcDbTrace
 10
2965.473308398896
 20
7307.047034850971
 30
0.0
 11
2966.306641732229
 21
7307.047034850971
 31
0.0
 12
2965.889975065563
 22
7304.547034850973
 32
0.0
 13
2965.889975065563
 23
7304.547034850973
 33
0.0
  0
MTEXT
  5
1009
330
FF7
100
AcDbEntity
  8
dim
 62
     0
440
 16777216
100
AcDbMText
 10
2963.762587616724
 20
7309.521972036503
 30
0.0
 40
2.5
 41
0.0
 46
0.0
 71
     5
 72
     1
  1
9,95
 11
0.0000000000000001
 21
1.0
 31
0.0
 73
     1
 44
1.0
  0
POINT
  5
100A
330
FF7
100
AcDbEntity
  8
Defpoints
 62
     0
440
 16777216
100
AcDbPoint
 10
2968.13474419564
 20
7314.496909222038
 30
0.0
  0
POINT
  5
100B
330
FF7
100
AcDbEntity
  8
Defpoints
 62
     0
440
 16777216
100
AcDbPoint
 10
2968.13474419564
 20
7304.547034850973
 30
0.0
  0
POINT
  5
100C
330
FF7
100
AcDbEntity
  8
Defpoints
 62
     0
440
 16777216
100
AcDbPoint
 10
2965.889975065563
 20
7304.547034850973
 30
0.0
  0
ENDBLK
  5
FF9
330
FF7
100
AcDbEntity
  8
0
100
AcDbBlockEnd
  0
BLOCK
  5
1010
330
100F
100
AcDbEntity
  8
0
100
AcDbBlockBegin
  2
*D37
 70
     1
 10
0.0
 20
0.0
 30
0.0
  3
*D37
  1

  0
LINE
  5
101C
330
100F
100
AcDbEntity
  8
dim
 62
     0
440
 16777216
370
    -2
100
AcDbLine
 10
3105.634744195639
 20
7179.672034850968
 30
0.0
 11
3105.634744195639
 21
7185.831621096852
 31
0.0
  0
LINE
  5
101D
330
100F
100
AcDbEntity
  8
dim
 62
     0
440
 16777216
370
    -2
100
AcDbLine
 10
3088.634744195639
 20
7179.672034850968
 30
0.0
 11
3088.634744195639
 21
7185.831621096852
 31
0.0
  0
LINE
  5
101E
330
100F
100
AcDbEntity
  8
dim
 62
     0
440
 16777216
370
    -2
100
AcDbLine
 10
3103.134744195639
 20
7184.581621096852
 30
0.0
 11
3091.134744195639
 21
7184.581621096852
 31
0.0
  0
SOLID
  5
101F
330
100F
100
AcDbEntity
  8
dim
 62
     0
440
 16777216
100
AcDbTrace
 10
3103.134744195639
 20
7184.998287763519
 30
0.0
 11
3103.134744195639
 21
7184.164954430186
 31
0.0
 12
3105.634744195639
 22
7184.581621096852
 32
0.0
 13
3105.634744195639
 23
7184.581621096852
 33
0.0
  0
SOLID
  5
1020
330
100F
100
AcDbEntity
  8
dim
 62
     0
440
 16777216
100
AcDbTrace
 10
3091.134744195639
 20
7184.998287763519
 30
0.0
 11
3091.134744195639
 21
7184.164954430186
 31
0.0
 12
3088.634744195639
 22
7184.581621096852
 32
0.0
 13
3088.634744195639
 23
7184.581621096852
 33
0.0
  0
MTEXT
  5
1021
330
100F
100
AcDbEntity
  8
dim
 62
     0
440
 16777216
100
AcDbMText
 10
3097.134744195639
 20
7186.461737058653
 30
0.0
 40
2.5
 41
0.0
 46
0.0
 71
     5
 72
     1
  1
17
 73
     1
 44
1.0
  0
POINT
  5
1022
330
100F
100
AcDbEntity
  8
Defpoints
 62
     0
440
 16777216
100
AcDbPoint
 10
3105.634744195639
 20
7179.047034850968
 30
0.0
  0
POINT
  5
1023
330
100F
100
AcDbEntity
  8
Defpoints
 62
     0
440
 16777216
100
AcDbPoint
 10
3088.634744195639
 20
7179.047034850968
 30
0.0
  0
POINT
  5
1024
330
100F
100
AcDbEntity
  8
Defpoints
 62
     0
440
 16777216
100
AcDbPoint
 10
3088.634744195639
 20
7184.581621096852
 30
0.0
  0
ENDBLK
  5
1011
330
100F
100
AcDbEntity
  8
0
100
AcDbBlockEnd
  0
BLOCK
  5
1028
330
1027
100
AcDbEntity
  8
0
100
AcDbBlockBegin
  2
*D38
 70
     1
 10
0.0
 20
0.0
 30
0.0
  3
*D38
  1

  0
LINE
  5
1034
330
1027
100
AcDbEntity
  8
dim
 62
     0
440
 16777216
370
    -2
100
AcDbLine
 10
3087.839769265491
 20
7212.825193913987
 30
0.0
 11
3085.408629483723
 21
7212.825193913987
 31
0.0
  0
LINE
  5
1035
330
1027
100
AcDbEntity
  8
dim
 62
     0
440
 16777216
370
    -2
100
AcDbLine
 10
3087.839769265491
 20
7200.825193913987
 30
0.0
 11
3085.408629483723
 21
7200.825193913987
 31
0.0
  0
LINE
  5
1036
330
1027
100
AcDbEntity
  8
dim
 62
     0
440
 16777216
370
    -2
100
AcDbLine
 10
3086.658629483723
 20
7210.325193913987
 30
0.0
 11
3086.658629483723
 21
7203.325193913986
 31
0.0
  0
SOLID
  5
1037
330
1027
100
AcDbEntity
  8
dim
 62
     0
440
 16777216
100
AcDbTrace
 10
3086.241962817056
 20
7210.325193913987
 30
0.0
 11
3087.075296150389
 21
7210.325193913987
 31
0.0
 12
3086.658629483723
 22
7212.825193913987
 32
0.0
 13
3086.658629483723
 23
7212.825193913987
 33
0.0
  0
SOLID
  5
1038
330
1027
100
AcDbEntity
  8
dim
 62
     0
440
 16777216
100
AcDbTrace
 10
3086.241962817056
 20
7203.325193913986
 30
0.0
 11
3087.075296150389
 21
7203.325193913986
 31
0.0
 12
3086.658629483723
 22
7200.825193913987
 32
0.0
 13
3086.658629483723
 23
7200.825193913987
 33
0.0
  0
MTEXT
  5
1039
330
1027
100
AcDbEntity
  8
dim
 62
     0
440
 16777216
100
AcDbMText
 10
3084.778513521923
 20
7206.825193913984
 30
0.0
 40
2.5
 41
0.0
 46
0.0
 71
     5
 72
     1
  1
12
 11
0.0000000000000001
 21
1.0
 31
0.0
 73
     1
 44
1.0
  0
POINT
  5
103A
330
1027
100
AcDbEntity
  8
Defpoints
 62
     0
440
 16777216
100
AcDbPoint
 10
3088.464769265491
 20
7212.825193913987
 30
0.0
  0
POINT
  5
103B
330
1027
100
AcDbEntity
  8
Defpoints
 62
     0
440
 16777216
100
AcDbPoint
 10
3088.464769265491
 20
7200.825193913987
 30
0.0
  0
POINT
  5
103C
330
1027
100
AcDbEntity
  8
Defpoints
 62
     0
440
 16777216
100
AcDbPoint
 10
3086.658629483723
 20
7200.825193913987
 30
0.0
  0
ENDBLK
  5
1029
330
1027
100
AcDbEntity
  8
0
100
AcDbBlockEnd
  0
BLOCK
  5
1040
330
103F
100
AcDbEntity
  8
0
100
AcDbBlockBegin
  2
*D39
 70
     1
 10
0.0
 20
0.0
 30
0.0
  3
*D39
  1

  0
LINE
  5
104C
330
103F
100
AcDbEntity
  8
dim
 62
     0
440
 16777216
370
    -2
100
AcDbLine
 10
3069.397174261547
 20
7221.489435395472
 30
0.0
 11
3069.397174261547
 21
7217.865794722836
 31
0.0
  0
LINE
  5
104D
330
103F
100
AcDbEntity
  8
dim
 62
     0
440
 16777216
370
    -2
100
AcDbLine
 10
3081.397174261547
 20
7221.489435395472
 30
0.0
 11
3081.397174261547
 21
7217.865794722836
 31
0.0
  0
LINE
  5
104E
330
103F
100
AcDbEntity
  8
dim
 62
     0
440
 16777216
370
    -2
100
AcDbLine
 10
3071.897174261547
 20
7219.115794722836
 30
0.0
 11
3078.897174261547
 21
7219.115794722836
 31
0.0
  0
SOLID
  5
104F
330
103F
100
AcDbEntity
  8
dim
 62
     0
440
 16777216
100
AcDbTrace
 10
3071.897174261547
 20
7219.532461389502
 30
0.0
 11
3071.897174261547
 21
7218.699128056169
 31
0.0
 12
3069.397174261547
 22
7219.115794722836
 32
0.0
 13
3069.397174261547
 23
7219.115794722836
 33
0.0
  0
SOLID
  5
1050
330
103F
100
AcDbEntity
  8
dim
 62
     0
440
 16777216
100
AcDbTrace
 10
3078.897174261547
 20
7219.532461389502
 30
0.0
 11
3078.897174261547
 21
7218.699128056169
 31
0.0
 12
3081.397174261547
 22
7219.115794722836
 32
0.0
 13
3081.397174261547
 23
7219.115794722836
 33
0.0
  0
MTEXT
  5
1051
330
103F
100
AcDbEntity
  8
dim
 62
     0
440
 16777216
100
AcDbMText
 10
3075.397174261547
 20
7220.995910684637
 30
0.0
 40
2.5
 41
0.0
 46
0.0
 71
     5
 72
     1
  1
12
 73
     1
 44
1.0
  0
POINT
  5
1052
330
103F
100
AcDbEntity
  8
Defpoints
 62
     0
440
 16777216
100
AcDbPoint
 10
3069.397174261547
 20
7222.114435395472
 30
0.0
  0
POINT
  5
1053
330
103F
100
AcDbEntity
  8
Defpoints
 62
     0
440
 16777216
100
AcDbPoint
 10
3081.397174261547
 20
7222.114435395472
 30
0.0
  0
POINT
  5
1054
330
103F
100
AcDbEntity
  8
Defpoints
 62
     0
440
 16777216
100
AcDbPoint
 10
3081.397174261547
 20
7219.115794722836
 30
0.0
  0
ENDBLK
  5
1041
330
103F
100
AcDbEntity
  8
0
100
AcDbBlockEnd
  0
BLOCK
  5
1058
330
1057
100
AcDbEntity
  8
0
100
AcDbBlockBegin
  2
*D40
 70
     1
 10
0.0
 20
0.0
 30
0.0
  3
*D40
  1

  0
LINE
  5
1064
330
1057
100
AcDbEntity
  8
dim
 62
     0
440
 16777216
370
    -2
100
AcDbLine
 10
3082.370166484323
 20
7226.303191812445
 30
0.0
 11
3082.370166484323
 21
7241.372752107548
 31
0.0
  0
LINE
  5
1065
330
1057
100
AcDbEntity
  8
dim
 62
     0
440
 16777216
370
    -2
100
AcDbLine
 10
3094.134744195638
 20
7226.303191812445
 30
0.0
 11
3094.134744195638
 21
7241.372752107548
 31
0.0
  0
LINE
  5
1066
330
1057
100
AcDbEntity
  8
dim
 62
     0
440
 16777216
370
    -2
100
AcDbLine
 10
3084.870166484323
 20
7240.122752107549
 30
0.0
 11
3091.634744195638
 21
7240.122752107549
 31
0.0
  0
SOLID
  5
1067
330
1057
100
AcDbEntity
  8
dim
 62
     0
440
 16777216
100
AcDbTrace
 10
3084.870166484323
 20
7240.539418774216
 30
0.0
 11
3084.870166484323
 21
7239.706085440882
 31
0.0
 12
3082.370166484323
 22
7240.122752107549
 32
0.0
 13
3082.370166484323
 23
7240.122752107549
 33
0.0
  0
SOLID
  5
1068
330
1057
100
AcDbEntity
  8
dim
 62
     0
440
 16777216
100
AcDbTrace
 10
3091.634744195638
 20
7240.539418774216
 30
0.0
 11
3091.634744195638
 21
7239.706085440882
 31
0.0
 12
3094.134744195638
 22
7240.122752107549
 32
0.0
 13
3094.134744195638
 23
7240.122752107549
 33
0.0
  0
MTEXT
  5
1069
330
1057
100
AcDbEntity
  8
dim
 62
     0
440
 16777216
100
AcDbMText
 10
3088.252455339981
 20
7242.250139556389
 30
0.0
 40
2.5
 41
0.0
 46
0.0
 71
     5
 72
     1
  1
11,76
 73
     1
 44
1.0
  0
POINT
  5
106A
330
1057
100
AcDbEntity
  8
Defpoints
 62
     0
440
 16777216
100
AcDbPoint
 10
3082.370166484323
 20
7225.678191812446
 30
0.0
  0
POINT
  5
106B
330
1057
100
AcDbEntity
  8
Defpoints
 62
     0
440
 16777216
100
AcDbPoint
 10
3094.134744195638
 20
7225.678191812446
 30
0.0
  0
POINT
  5
106C
330
1057
100
AcDbEntity
  8
Defpoints
 62
     0
440
 16777216
100
AcDbPoint
 10
3094.134744195638
 20
7240.122752107549
 30
0.0
  0
ENDBLK
  5
1059
330
1057
100
AcDbEntity
  8
0
100
AcDbBlockEnd
  0
BLOCK
  5
1070
330
106F
100
AcDbEntity
  8
0
100
AcDbBlockBegin
  2
*D41
 70
     1
 10
0.0
 20
0.0
 30
0.0
  3
*D41
  1

  0
LINE
  5
107C
330
106F
100
AcDbEntity
  8
dim
 62
     0
440
 16777216
370
    -2
100
AcDbLine
 10
3005.134744195639
 20
7202.172034850967
 30
0.0
 11
3005.134744195639
 21
7208.211073818208
 31
0.0
  0
LINE
  5
107D
330
106F
100
AcDbEntity
  8
dim
 62
     0
440
 16777216
370
    -2
100
AcDbLine
 10
3052.134744195639
 20
7202.172034850967
 30
0.0
 11
3052.134744195639
 21
7208.211073818208
 31
0.0
  0
LINE
  5
107E
330
106F
100
AcDbEntity
  8
dim
 62
     0
440
 16777216
370
    -2
100
AcDbLine
 10
3007.634744195639
 20
7206.961073818208
 30
0.0
 11
3049.634744195639
 21
7206.961073818208
 31
0.0
  0
SOLID
  5
107F
330
106F
100
AcDbEntity
  8
dim
 62
     0
440
 16777216
100
AcDbTrace
 10
3007.634744195639
 20
7207.377740484876
 30
0.0
 11
3007.634744195639
 21
7206.544407151541
 31
0.0
 12
3005.134744195639
 22
7206.961073818208
 32
0.0
 13
3005.134744195639
 23
7206.961073818208
 33
0.0
  0
SOLID
  5
1080
330
106F
100
AcDbEntity
  8
dim
 62
     0
440
 16777216
100
AcDbTrace
 10
3049.634744195639
 20
7207.377740484876
 30
0.0
 11
3049.634744195639
 21
7206.544407151541
 31
0.0
 12
3052.134744195639
 22
7206.961073818208
 32
0.0
 13
3052.134744195639
 23
7206.961073818208
 33
0.0
  0
MTEXT
  5
1081
330
106F
100
AcDbEntity
  8
dim
 62
     0
440
 16777216
100
AcDbMText
 10
3028.634744195639
 20
7208.836073818209
 30
0.0
 40
2.5
 41
0.0
 46
0.0
 71
     5
 72
     1
  1
47
 73
     1
 44
1.0
  0
POINT
  5
1082
330
106F
100
AcDbEntity
  8
Defpoints
 62
     0
440
 16777216
100
AcDbPoint
 10
3005.134744195639
 20
7201.547034850968
 30
0.0
  0
POINT
  5
1083
330
106F
100
AcDbEntity
  8
Defpoints
 62
     0
440
 16777216
100
AcDbPoint
 10
3052.134744195639
 20
7201.547034850968
 30
0.0
  0
POINT
  5
1084
330
106F
100
AcDbEntity
  8
Defpoints
 62
     0
440
 16777216
100
AcDbPoint
 10
3052.134744195639
 20
7206.961073818208
 30
0.0
  0
ENDBLK
  5
1071
330
106F
100
AcDbEntity
  8
0
100
AcDbBlockEnd
  0
BLOCK
  5
1108
330
1107
100
AcDbEntity
  8
0
100
AcDbBlockBegin
  2
*D42
 70
     1
 10
0.0
 20
0.0
 30
0.0
  3
*D42
  1

  0
LINE
  5
1114
330
1107
100
AcDbEntity
  8
dim
 62
     0
440
 16777216
370
    -2
100
AcDbLine
 10
2951.134744195556
 20
7155.922034850968
 30
0.0
 11
2951.134744195556
 21
7151.93358186895
 31
0.0
  0
LINE
  5
1115
330
1107
100
AcDbEntity
  8
dim
 62
     0
440
 16777216
370
    -2
100
AcDbLine
 10
2988.134744195639
 20
7155.92203485097
 30
0.0
 11
2988.134744195639
 21
7151.93358186895
 31
0.0
  0
LINE
  5
1116
330
1107
100
AcDbEntity
  8
dim
 62
     0
440
 16777216
370
    -2
100
AcDbLine
 10
2953.634744195556
 20
7153.18358186895
 30
0.0
 11
2985.634744195639
 21
7153.18358186895
 31
0.0
  0
SOLID
  5
1117
330
1107
100
AcDbEntity
  8
dim
 62
     0
440
 16777216
100
AcDbTrace
 10
2953.634744195556
 20
7153.600248535616
 30
0.0
 11
2953.634744195556
 21
7152.766915202282
 31
0.0
 12
2951.134744195556
 22
7153.18358186895
 32
0.0
 13
2951.134744195556
 23
7153.18358186895
 33
0.0
  0
SOLID
  5
1118
330
1107
100
AcDbEntity
  8
dim
 62
     0
440
 16777216
100
AcDbTrace
 10
2985.634744195639
 20
7153.600248535616
 30
0.0
 11
2985.634744195639
 21
7152.766915202282
 31
0.0
 12
2988.134744195639
 22
7153.18358186895
 32
0.0
 13
2988.134744195639
 23
7153.18358186895
 33
0.0
  0
MTEXT
  5
1119
330
1107
100
AcDbEntity
  8
dim
 62
     0
440
 16777216
100
AcDbMText
 10
2969.634744195598
 20
7155.085866998554
 30
0.0
 40
2.5
 41
0.0
 46
0.0
 71
     5
 72
     1
  1
37
 73
     1
 44
1.0
  0
POINT
  5
111A
330
1107
100
AcDbEntity
  8
Defpoints
 62
     0
440
 16777216
100
AcDbPoint
 10
2951.134744195556
 20
7156.547034850968
 30
0.0
  0
POINT
  5
111B
330
1107
100
AcDbEntity
  8
Defpoints
 62
     0
440
 16777216
100
AcDbPoint
 10
2988.134744195639
 20
7156.547034850969
 30
0.0
  0
POINT
  5
111C
330
1107
100
AcDbEntity
  8
Defpoints
 62
     0
440
 16777216
100
AcDbPoint
 10
2988.134744195639
 20
7153.18358186895
 30
0.0
  0
ENDBLK
  5
1109
330
1107
100
AcDbEntity
  8
0
100
AcDbBlockEnd
  0
BLOCK
  5
1120
330
111F
100
AcDbEntity
  8
0
100
AcDbBlockBegin
  2
*D43
 70
     1
 10
0.0
 20
0.0
 30
0.0
  3
*D43
  1

  0
LINE
  5
1122
330
111F
100
AcDbEntity
  8
dim
 62
     0
440
 16777216
370
    -2
100
AcDbLine
 10
2946.135355617673
 20
7155.922034850968
 30
0.0
 11
2946.135355617673
 21
7152.197716291397
 31
0.0
  0
LINE
  5
1123
330
111F
100
AcDbEntity
  8
dim
 62
     0
440
 16777216
370
    -2
100
AcDbLine
 10
2951.134744195556
 20
7155.922034850968
 30
0.0
 11
2951.134744195556
 21
7152.197716291397
 31
0.0
  0
LINE
  5
1124
330
111F
100
AcDbEntity
  8
dim
 62
     0
440
 16777216
370
    -2
100
AcDbLine
 10
2943.635355617672
 20
7153.447716291397
 30
0.0
 11
2941.135355617673
 21
7153.447716291397
 31
0.0
  0
LINE
  5
1125
330
111F
100
AcDbEntity
  8
dim
 62
     0
440
 16777216
370
    -2
100
AcDbLine
 10
2953.634744195556
 20
7153.447716291397
 30
0.0
 11
2956.134744195557
 21
7153.447716291397
 31
0.0
  0
LINE
  5
1126
330
111F
100
AcDbEntity
  8
dim
 62
     0
440
 16777216
370
    -2
100
AcDbLine
 10
2946.135355617673
 20
7153.447716291397
 30
0.0
 11
2951.134744195556
 21
7153.447716291397
 31
0.0
  0
SOLID
  5
1127
330
111F
100
AcDbEntity
  8
dim
 62
     0
440
 16777216
100
AcDbTrace
 10
2943.635355617672
 20
7153.864382958065
 30
0.0
 11
2943.635355617672
 21
7153.031049624731
 31
0.0
 12
2946.135355617673
 22
7153.447716291397
 32
0.0
 13
2946.135355617673
 23
7153.447716291397
 33
0.0
  0
SOLID
  5
1128
330
111F
100
AcDbEntity
  8
dim
 62
     0
440
 16777216
100
AcDbTrace
 10
2953.634744195556
 20
7153.864382958065
 30
0.0
 11
2953.634744195556
 21
7153.031049624731
 31
0.0
 12
2951.134744195556
 22
7153.447716291397
 32
0.0
 13
2951.134744195556
 23
7153.447716291397
 33
0.0
  0
MTEXT
  5
1129
330
111F
100
AcDbEntity
  8
dim
 62
     0
440
 16777216
100
AcDbMText
 10
2948.635049906615
 20
7155.3440327989
 30
0.0
 40
2.5
 41
0.0
 46
0.0
 71
     5
 72
     1
  1
5
 73
     1
 44
1.0
  0
POINT
  5
112A
330
111F
100
AcDbEntity
  8
Defpoints
 62
     0
440
 16777216
100
AcDbPoint
 10
2946.135355617673
 20
7156.547034850968
 30
0.0
  0
POINT
  5
112B
330
111F
100
AcDbEntity
  8
Defpoints
 62
     0
440
 16777216
100
AcDbPoint
 10
2951.134744195556
 20
7156.547034850968
 30
0.0
  0
POINT
  5
112C
330
111F
100
AcDbEntity
  8
Defpoints
 62
     0
440
 16777216
100
AcDbPoint
 10
2951.134744195556
 20
7153.447716291397
 30
0.0
  0
ENDBLK
  5
1121
330
111F
100
AcDbEntity
  8
0
100
AcDbBlockEnd
  0
ENDSEC
  0
SECTION
  2
ENTITIES
  0
LWPOLYLINE
  5
2D6
102
{ACAD_REACTORS
330
B1C
330
B34
102
}
330
1F
100
AcDbEntity
  8
wall
100
AcDbPolyline
 90
        6
 70
     0
 43
0.0
 10
2951.134744195639
 20
7156.547034850968
 10
2946.134744195639
 20
7156.547034850968
 10
2946.134744195639
 20
7321.547034850969
 10
3111.134744195639
 20
7321.547034850969
 10
3111.134744195639
 20
7156.547034850968
 10
2988.134744195639
 20
7156.547034850968
  0
LWPOLYLINE
  5
2D7
330
1F
100
AcDbEntity
  8
wall
100
AcDbPolyline
 90
        4
 70
     1
 43
0.0
 10
2991.134744195639
 20
7276.547034850968
 10
3066.134744195639
 20
7276.547034850968
 10
3066.134744195639
 20
7201.547034850968
 10
2991.134744195639
 20
7201.547034850968
  0
LINE
  5
2DC
330
1F
100
AcDbEntity
  8
0
100
AcDbLine
 10
2946.134744195639
 20
7156.547034850968
 30
0.0
 11
2946.112624033933
 21
7158.546912521839
 31
0.0
  0
LINE
  5
2DD
330
1F
100
AcDbEntity
  8
0
100
AcDbLine
 10
2946.112624033933
 20
7158.546912521839
 30
0.0
 11
2946.134744195639
 21
7158.546912521839
 31
0.0
  0
LWPOLYLINE
  5
2DE
330
1F
100
AcDbEntity
  8
wall
100
AcDbPolyline
 90
        3
 70
     0
 43
0.0
 10
2951.134744195639
 20
7158.547034850968
 10
2948.134744195639
 20
7158.547034850968
 10
2948.134744195639
 20
7199.547034850969
  0
LWPOLYLINE
  5
2DF
330
1F
100
AcDbEntity
  8
wall
100
AcDbPolyline
 90
        2
 70
     0
 43
0.0
 10
3066.134744195639
 20
7199.547034850969
 10
2991.134744195639
 20
7199.547034850969
  0
LINE
  5
2E0
330
1F
100
AcDbEntity
  8
0
100
AcDbLine
 10
2948.134744195639
 20
7158.547034850968
 30
0.0
 11
2951.134744195639
 21
7158.547034850968
 31
0.0
  0
LINE
  5
2E1
330
1F
100
AcDbEntity
  8
0
100
AcDbLine
 10
2951.134744195639
 20
7158.547034850968
 30
0.0
 11
2951.134744195639
 21
7156.547034850968
 31
0.0
  0
LINE
  5
2E2
330
1F
100
AcDbEntity
  8
0
100
AcDbLine
 10
2991.134744195639
 20
7158.546912521839
 30
0.0
 11
2991.134803792073
 21
7158.546912521839
 31
0.0
  0
LINE
  5
2E3
330
1F
100
AcDbEntity
  8
0
100
AcDbLine
 10
2988.134744195639
 20
7158.546912521839
 30
0.0
 11
2988.134744195639
 21
7156.547034850968
 31
0.0
  0
LINE
  5
2E4
330
1F
100
AcDbEntity
  8
0
100
AcDbLine
 10
2991.134744195639
 20
7158.547034850968
 30
0.0
 11
2991.134744195639
 21
7158.546912521839
 31
0.0
  0
LINE
  5
2E5
330
1F
100
AcDbEntity
  8
wall
100
AcDbLine
 10
3068.134744195639
 20
7199.547034850969
 30
0.0
 11
3071.134744195639
 21
7199.547034850969
 31
0.0
  0
LINE
  5
2E7
330
1F
100
AcDbEntity
  8
wall
100
AcDbLine
 10
3071.134744195639
 20
7199.547034850969
 30
0.0
 11
3071.134744195639
 21
7201.547034850968
 31
0.0
  0
LINE
  5
2E8
330
1F
100
AcDbEntity
  8
wall
100
AcDbLine
 10
3071.134744195639
 20
7201.547034850968
 30
0.0
 11
3068.134744195639
 21
7201.547034850968
 31
0.0
  0
LWPOLYLINE
  5
2E9
330
1F
100
AcDbEntity
  8
0
100
AcDbPolyline
 90
        2
 70
     0
 43
0.0
 10
3106.134744195639
 20
7199.547034850969
 10
3109.134744195639
 20
7199.547034850969
  0
LINE
  5
2EA
330
1F
100
AcDbEntity
  8
0
100
AcDbLine
 10
3109.134744195639
 20
7199.547034850969
 30
0.0
 11
3106.134744195639
 21
7199.547034850969
 31
0.0
  0
LINE
  5
2EB
330
1F
100
AcDbEntity
  8
wall
100
AcDbLine
 10
3106.134744195639
 20
7199.547034850969
 30
0.0
 11
3106.134744195639
 21
7201.547034850968
 31
0.0
  0
LINE
  5
2EC
330
1F
100
AcDbEntity
  8
wall
100
AcDbLine
 10
3106.134744195639
 20
7201.547034850968
 30
0.0
 11
3109.134744195639
 21
7201.547034850968
 31
0.0
  0
LWPOLYLINE
  5
2ED
330
1F
100
AcDbEntity
  8
wall
100
AcDbPolyline
 90
        3
 70
     0
 43
0.0
 10
3109.134744195639
 20
7199.547034850969
 10
3109.134744195639
 20
7158.547034850968
 10
3068.134744195639
 20
7158.547034850968
  0
LINE
  5
2EE
330
1F
100
AcDbEntity
  8
wall
100
AcDbLine
 10
2989.134744195639
 20
7278.547034850967
 30
0.0
 11
2980.134744195639
 21
7278.547034850967
 31
0.0
  0
LINE
  5
2EF
330
1F
100
AcDbEntity
  8
wall
100
AcDbLine
 10
2989.134744195639
 20
7276.547034850968
 30
0.0
 11
2980.134744195639
 21
7276.547034850968
 31
0.0
  0
LWPOLYLINE
  5
2F0
330
1F
100
AcDbEntity
  8
0
100
AcDbPolyline
 90
        2
 70
     0
 43
0.0
 10
2989.134744195639
 20
7278.547034850967
 10
2991.134744195639
 20
7278.547034850967
  0
LINE
  5
2F1
330
1F
100
AcDbEntity
  8
wall
100
AcDbLine
 10
2989.134744195639
 20
7201.547034850968
 30
0.0
 11
2989.134744195639
 21
7215.547034850968
 31
0.0
  0
LINE
  5
2F2
330
1F
100
AcDbEntity
  8
0
100
AcDbLine
 10
2989.134744195639
 20
7215.547034850968
 30
0.0
 11
2991.134744195639
 21
7215.547034850968
 31
0.0
  0
LINE
  5
2F3
330
1F
100
AcDbEntity
  8
wall
100
AcDbLine
 10
2989.134744195639
 20
7276.547034850968
 30
0.0
 11
2989.134744195639
 21
7260.547034850969
 31
0.0
  0
LINE
  5
2F4
330
1F
100
AcDbEntity
  8
0
100
AcDbLine
 10
2989.134744195639
 20
7260.547034850969
 30
0.0
 11
2991.134744195639
 21
7260.547034850969
 31
0.0
  0
LWPOLYLINE
  5
2F5
102
{ACAD_REACTORS
330
EF6
102
}
330
1F
100
AcDbEntity
  8
windoes
100
AcDbPolyline
 90
        6
 70
     0
 43
0.0
 10
2989.134744195639
 20
7260.547034850969
 10
2991.134744195639
 20
7260.547034850969
 10
2991.134744195639
 20
7215.547034850968
 10
2989.134744195639
 20
7215.547034850968
 10
2989.134744195639
 20
7260.547034850969
 10
2990.134744195639
 20
7260.547034850969
  0
LWPOLYLINE
  5
2FC
330
1F
100
AcDbEntity
  8
windoes
100
AcDbPolyline
 90
        4
 70
     0
 43
0.0
 10
2989.134744195639
 20
7215.547034850968
 10
2989.134744195639
 20
7216.771618757386
 10
2991.134744195639
 20
7216.771618757386
 10
2991.134744195639
 20
7215.547034850968
  0
LWPOLYLINE
  5
2FD
330
1F
100
AcDbEntity
  8
windoes
100
AcDbPolyline
 90
        5
 70
     0
 43
0.0
 10
2989.134744195639
 20
7260.547034850969
 10
2989.134744195639
 20
7259.547034850967
 10
2991.134744195639
 20
7259.547034850967
 10
2991.134744195639
 20
7260.547034850969
 10
2989.134744195639
 20
7260.547034850969
  0
LWPOLYLINE
  5
2FE
330
1F
100
AcDbEntity
  8
windoes
100
AcDbPolyline
 90
        2
 70
     0
 43
0.0
 10
2990.134744195639
 20
7259.547034850967
 10
2990.134744195639
 20
7216.771618757386
  0
LWPOLYLINE
  5
2FF
330
1F
100
AcDbEntity
  8
door
  6
ByBlock
100
AcDbPolyline
 90
        6
 70
     0
 43
0.0
 10
3066.134744195639
 20
7260.547034850969
 10
3068.134744195639
 20
7260.547034850969
 10
3068.134744195639
 20
7215.547034850968
 10
3066.134744195639
 20
7215.547034850968
 10
3066.134744195639
 20
7260.547034850969
 10
3067.134744195639
 20
7260.547034850969
  0
LWPOLYLINE
  5
300
330
1F
100
AcDbEntity
  8
door
  6
ByBlock
100
AcDbPolyline
 90
        2
 70
     0
 43
0.0
 10
3067.134744195639
 20
7259.547034850967
 10
3067.134744195639
 20
7216.771618757386
  0
LWPOLYLINE
  5
301
330
1F
100
AcDbEntity
  8
door
100
AcDbPolyline
 90
        4
 70
     0
 43
0.0
 10
3066.134744195639
 20
7215.547034850968
 10
3066.134744195639
 20
7216.771618757386
 10
3068.134744195639
 20
7216.771618757386
 10
3068.134744195639
 20
7215.547034850968
  0
LWPOLYLINE
  5
302
330
1F
100
AcDbEntity
  8
door
100
AcDbPolyline
 90
        5
 70
     0
 43
0.0
 10
3066.134744195639
 20
7260.547034850969
 10
3066.134744195639
 20
7259.547034850967
 10
3068.134744195639
 20
7259.547034850967
 10
3068.134744195639
 20
7260.547034850969
 10
3066.134744195639
 20
7260.547034850969
  0
LINE
  5
304
330
1F
100
AcDbEntity
  8
wall
100
AcDbLine
 10
2991.134744195639
 20
7199.547034850969
 30
0.0
 11
3005.134744195639
 21
7199.547034850969
 31
0.0
  0
LINE
  5
305
330
1F
100
AcDbEntity
  8
0
100
AcDbLine
 10
3005.134744195639
 20
7199.547034850969
 30
0.0
 11
3005.134744195639
 21
7201.547034850968
 31
0.0
  0
LINE
  5
306
330
1F
100
AcDbEntity
  8
wall
100
AcDbLine
 10
3066.134744195639
 20
7201.547034850968
 30
0.0
 11
3052.134744195639
 21
7201.547034850968
 31
0.0
  0
LINE
  5
307
330
1F
100
AcDbEntity
  8
0
100
AcDbLine
 10
3052.134744195639
 20
7201.547034850968
 30
0.0
 11
3052.134744195639
 21
7199.547034850969
 31
0.0
  0
LWPOLYLINE
  5
311
330
1F
100
AcDbEntity
  8
windoes
100
AcDbPolyline
 90
        2
 70
     0
 43
0.0
 10
3006.134744195639
 20
7200.547034850967
 10
3048.910160289221
 20
7200.547034850967
  0
LWPOLYLINE
  5
312
102
{ACAD_REACTORS
330
1085
102
}
330
1F
100
AcDbEntity
  8
windoes
100
AcDbPolyline
 90
        4
 70
     0
 43
0.0
 10
3052.134744195639
 20
7199.547034850969
 10
3050.910160289221
 20
7199.547034850969
 10
3050.910160289221
 20
7201.547034850968
 10
3052.134744195639
 20
7201.547034850968
  0
LWPOLYLINE
  5
313
102
{ACAD_REACTORS
330
1085
102
}
330
1F
100
AcDbEntity
  8
windoes
100
AcDbPolyline
 90
        5
 70
     0
 43
0.0
 10
3005.134744195639
 20
7199.547034850969
 10
3006.134744195639
 20
7199.547034850969
 10
3006.134744195639
 20
7201.547034850968
 10
3005.134744195639
 20
7201.547034850968
 10
3005.134744195639
 20
7199.547034850969
  0
LWPOLYLINE
  5
314
330
1F
100
AcDbEntity
  8
windoes
100
AcDbPolyline
 90
        2
 70
     0
 43
0.0
 10
3048.910160289221
 20
7200.547034850967
 10
3050.910160289221
 20
7200.547034850967
  0
LWPOLYLINE
  5
315
330
1F
100
AcDbEntity
  8
windoes
100
AcDbPolyline
 90
        2
 70
     0
 43
0.0
 10
3006.134744195639
 20
7201.547034850968
 10
3007.134744195639
 20
7201.547034850968
  0
LWPOLYLINE
  5
316
330
1F
100
AcDbEntity
  8
windoes
100
AcDbPolyline
 90
        2
 70
     0
 43
0.0
 10
3006.134744195639
 20
7199.547034850969
 10
3007.134744195639
 20
7199.547034850969
  0
LINE
  5
318
330
1F
100
AcDbEntity
  8
windoes
100
AcDbLine
 10
3007.134744195639
 20
7201.547034850968
 30
0.0
 11
3052.134744195639
 21
7201.547034850968
 31
0.0
  0
LINE
  5
319
330
1F
100
AcDbEntity
  8
windoes
100
AcDbLine
 10
3052.134744195639
 20
7201.547034850968
 30
0.0
 11
3052.134744195639
 21
7199.547034850969
 31
0.0
  0
LINE
  5
31A
330
1F
100
AcDbEntity
  8
windoes
100
AcDbLine
 10
3052.134744195639
 20
7199.547034850969
 30
0.0
 11
3007.134744195639
 21
7199.547034850969
 31
0.0
  0
LWPOLYLINE
  5
31C
102
{ACAD_REACTORS
330
328
102
}
330
1F
100
AcDbEntity
  8
wall
100
AcDbPolyline
 90
        5
 70
     0
 43
0.0
 10
2991.134744195639
 20
7276.547034850968
 10
3066.134744195639
 20
7276.547034850968
 10
3066.134744195639
 20
7201.547034850968
 10
2991.134744195639
 20
7201.547034850968
 10
2991.134744195639
 20
7276.547034850968
  0
HATCH
  5
328
330
1F
100
AcDbEntity
  8
windoes
100
AcDbHatch
 10
0.0
 20
0.0
 30
0.0
210
0.0
220
0.0
230
1.0
  2
ANSI35
 70
     0
 71
     1
 91
        1
 92
        7
 72
     0
 73
     1
 93
        4
 10
3066.134744195639
 20
7276.547034850968
 10
2991.134744195639
 20
7276.547034850968
 10
2991.134744195639
 20
7201.547034850968
 10
3066.134744195639
 20
7201.547034850968
 97
        1
330
31C
 75
     1
 76
     1
 52
0.0
 41
7.0
 77
     0
 78
     2
 53
45.0
 43
0.0
 44
0.0
 45
-31.43089642374204
 46
31.43089642374204
 79
     0
 53
45.0
 43
31.43091
 44
0.0
 45
-31.43089642374204
 46
31.43089642374204
 79
     4
 49
55.5625
 49
-11.1125
 49
0.0
 49
-11.1125
 47
0.1815736545826492
 98
        1
 10
3023.568475115001
 20
7242.020771072775
1001
GradientColor1ACI
1070
     5
1001
GradientColor2ACI
1070
     2
1001
ACAD
1010
0.0
1020
0.0
1030
0.0
  0
LWPOLYLINE
  5
329
330
1F
100
AcDbEntity
  8
wall
100
AcDbPolyline
 90
        3
 70
     0
 43
0.0
 10
2948.134744195639
 20
7278.547034850967
 10
2948.134744195639
 20
7319.547034850969
 10
2991.134744195639
 20
7319.547034850969
  0
LINE
  5
32B
330
1F
100
AcDbEntity
  8
0
100
AcDbLine
 10
2991.134744195639
 20
7278.547034850967
 30
0.0
 11
2991.134744195639
 21
7286.547034850967
 31
0.0
  0
LINE
  5
32D
330
1F
100
AcDbEntity
  8
wall
100
AcDbLine
 10
2993.134744195639
 20
7319.547034850969
 30
0.0
 11
2993.134744195639
 21
7311.547034850967
 31
0.0
  0
LWPOLYLINE
  5
32E
330
1F
100
AcDbEntity
  8
wall
100
AcDbPolyline
 90
        2
 70
     0
 43
0.0
 10
2993.134744195639
 20
7278.547034850967
 10
3068.134744195639
 20
7278.547034850967
  0
LWPOLYLINE
  5
32F
330
1F
100
AcDbEntity
  8
wall
100
AcDbPolyline
 90
        3
 70
     0
 43
0.0
 10
2993.134744195639
 20
7319.547034850969
 10
3109.134744195639
 20
7319.547034850969
 10
3109.134744195639
 20
7278.547034850967
  0
LINE
  5
332
330
1F
100
AcDbEntity
  8
wall
100
AcDbLine
 10
2991.134744195639
 20
7319.547034850969
 30
0.0
 11
2991.134744195639
 21
7311.547034850967
 31
0.0
  0
LINE
  5
334
330
1F
100
AcDbEntity
  8
wall
100
AcDbLine
 10
2993.134744195639
 20
7311.547034850967
 30
0.0
 11
2993.134744195639
 21
7319.547034850969
 31
0.0
  0
LINE
  5
335
330
1F
100
AcDbEntity
  8
wall
100
AcDbLine
 10
2991.134744195639
 20
7278.547034850967
 30
0.0
 11
2991.134744195639
 21
7286.547034850967
 31
0.0
  0
LINE
  5
337
330
1F
100
AcDbEntity
  8
wall
100
AcDbLine
 10
2993.134744195639
 20
7286.547034850967
 30
0.0
 11
2993.134744195639
 21
7278.547034850967
 31
0.0
  0
LINE
  5
339
330
1F
100
AcDbEntity
  8
0
100
AcDbLine
 10
2991.134744195639
 20
7311.547034850967
 30
0.0
 11
2993.134744195639
 21
7311.547034850967
 31
0.0
  0
LINE
  5
33B
330
1F
100
AcDbEntity
  8
0
100
AcDbLine
 10
2991.134744195639
 20
7286.547034850967
 30
0.0
 11
2993.134744195639
 21
7286.547034850967
 31
0.0
  0
LINE
  5
33D
330
1F
100
AcDbEntity
  8
0
100
AcDbLine
 10
2993.134744195639
 20
7286.547034850967
 30
0.0
 11
2993.134744195639
 21
7278.547034850967
 31
0.0
  0
LINE
  5
33E
330
1F
100
AcDbEntity
  8
wall
100
AcDbLine
 10
2991.134744195639
 20
7311.547034850967
 30
0.0
 11
2991.134744195639
 21
7319.547034850969
 31
0.0
  0
LINE
  5
346
330
1F
100
AcDbEntity
  8
wall
100
AcDbLine
 10
3068.134744195639
 20
7278.547034850967
 30
0.0
 11
3070.134744195639
 21
7278.547034850967
 31
0.0
  0
LINE
  5
347
330
1F
100
AcDbEntity
  8
0
100
AcDbLine
 10
3070.134744195639
 20
7278.547034850967
 30
0.0
 11
3070.134744195639
 21
7276.547034850968
 31
0.0
  0
LINE
  5
348
330
1F
100
AcDbEntity
  8
wall
100
AcDbLine
 10
3070.134744195639
 20
7276.547034850968
 30
0.0
 11
3068.134744195639
 21
7276.547034850968
 31
0.0
  0
LWPOLYLINE
  5
349
330
1F
100
AcDbEntity
  8
wall
100
AcDbPolyline
 90
        2
 70
     0
 43
0.0
 10
3068.134744195639
 20
7276.547034850968
 10
3068.134744195639
 20
7201.547034850968
  0
LINE
  5
34A
330
1F
100
AcDbEntity
  8
0
100
AcDbLine
 10
3107.134744195639
 20
7276.547034850968
 30
0.0
 11
3109.134744195639
 21
7276.547034850968
 31
0.0
  0
LINE
  5
34C
330
1F
100
AcDbEntity
  8
0
100
AcDbLine
 10
3109.134744195639
 20
7278.547034850967
 30
0.0
 11
3107.134744195639
 21
7278.547034850967
 31
0.0
  0
LINE
  5
34D
330
1F
100
AcDbEntity
  8
0
100
AcDbLine
 10
3107.134744195639
 20
7278.547034850967
 30
0.0
 11
3107.134744195639
 21
7276.547034850967
 31
0.0
  0
LWPOLYLINE
  5
34E
330
1F
100
AcDbEntity
  8
wall
100
AcDbPolyline
 90
        2
 70
     0
 43
0.0
 10
3109.134744195639
 20
7276.547034850968
 10
3109.134744195639
 20
7201.547034850968
  0
LINE
  5
350
330
1F
100
AcDbEntity
  8
wall
100
AcDbLine
 10
3068.134744195639
 20
7199.547034850969
 30
0.0
 11
3068.134744195639
 21
7197.547034850967
 31
0.0
  0
LINE
  5
352
330
1F
100
AcDbEntity
  8
wall
100
AcDbLine
 10
3066.134744195639
 20
7158.547034850968
 30
0.0
 11
3066.134744195639
 21
7160.547034850968
 31
0.0
  0
LINE
  5
353
330
1F
100
AcDbEntity
  8
wall
100
AcDbLine
 10
3066.134744195639
 20
7160.547034850968
 30
0.0
 11
3068.134744195639
 21
7160.547034850968
 31
0.0
  0
LINE
  5
355
330
1F
100
AcDbEntity
  8
wall
100
AcDbLine
 10
3066.134744195639
 20
7199.547034850969
 30
0.0
 11
3066.134744195639
 21
7199.547034850969
 31
0.0
  0
LINE
  5
356
330
1F
100
AcDbEntity
  8
wall
100
AcDbLine
 10
3066.134744195639
 20
7199.547034850969
 30
0.0
 11
3066.134744195639
 21
7197.547034850969
 31
0.0
  0
LINE
  5
358
330
1F
100
AcDbEntity
  8
wall
100
AcDbLine
 10
3068.134744195639
 20
7160.547034850967
 30
0.0
 11
3068.134744195639
 21
7158.547034850968
 31
0.0
  0
LWPOLYLINE
  5
359
330
1F
100
AcDbEntity
  8
wall
100
AcDbPolyline
 90
        2
 70
     0
 43
0.0
 10
3066.134744195639
 20
7158.547034850968
 10
2991.134744195639
 20
7158.547034850968
  0
LINE
  5
35A
102
{ACAD_REACTORS
330
44C
102
}
330
1F
100
AcDbEntity
  8
spairal staircase
100
AcDbLine
 10
3076.613928915467
 20
7191.06785013114
 30
0.0
 11
3087.927637414453
 21
7179.754141632155
 31
0.0
  0
LINE
  5
35B
102
{ACAD_REACTORS
330
44C
102
}
330
1F
100
AcDbEntity
  8
spairal staircase
100
AcDbLine
 10
3100.65555947581
 20
7191.06785013114
 30
0.0
 11
3089.341850976826
 21
7179.754141632155
 31
0.0
  0
CIRCLE
  5
35C
102
{ACAD_REACTORS
330
44C
330
1025
102
}
330
1F
100
AcDbEntity
  8
spairal staircase
100
AcDbCircle
 10
3088.634744195639
 20
7179.047034850968
 30
0.0
 40
17.0
  0
CIRCLE
  5
35D
330
1F
100
AcDbEntity
  8
0
100
AcDbCircle
 10
3088.634744195639
 20
7179.047034850968
 30
0.0
 40
1.0
  0
LINE
  5
35E
102
{ACAD_REACTORS
330
44C
102
}
330
1F
100
AcDbEntity
  8
spairal staircase
100
AcDbLine
 10
3087.927637414452
 20
7178.339928069782
 30
0.0
 11
3076.613928915467
 21
7167.026219570796
 31
0.0
  0
LINE
  5
35F
102
{ACAD_REACTORS
330
44C
102
}
330
1F
100
AcDbEntity
  8
spairal staircase
100
AcDbLine
 10
3089.341850976826
 20
7178.339928069782
 30
0.0
 11
3100.65555947581
 21
7167.026219570796
 31
0.0
  0
LINE
  5
360
330
1F
100
AcDbEntity
  8
wall
100
AcDbLine
 10
2993.134744195639
 20
7319.547034850969
 30
0.0
 11
3010.134744195639
 21
7319.547034850969
 31
0.0
  0
LINE
  5
361
330
1F
100
AcDbEntity
  8
0
100
AcDbLine
 10
3010.134744195639
 20
7319.547034850969
 30
0.0
 11
3010.134744195639
 21
7321.547034850969
 31
0.0
  0
LINE
  5
362
330
1F
100
AcDbEntity
  8
wall
100
AcDbLine
 10
3109.134744195639
 20
7319.547034850969
 30
0.0
 11
3081.134744195639
 21
7319.547034850969
 31
0.0
  0
LINE
  5
363
330
1F
100
AcDbEntity
  8
0
100
AcDbLine
 10
3081.134744195639
 20
7319.547034850969
 30
0.0
 11
3081.134744195639
 21
7321.547034850969
 31
0.0
  0
LWPOLYLINE
  5
365
330
1F
100
AcDbEntity
  8
windoes
100
AcDbPolyline
 90
        2
 70
     0
 43
0.0
 10
3011.437870797301
 20
7320.547034850967
 10
3054.213286890883
 20
7320.547034850967
  0
LWPOLYLINE
  5
367
102
{ACAD_REACTORS
330
DB4
102
}
330
1F
100
AcDbEntity
  8
windoes
100
AcDbPolyline
 90
        5
 70
     0
 43
0.0
 10
3010.134744195639
 20
7319.547034850969
 10
3011.134744195639
 20
7319.547034850969
 10
3011.134744195639
 20
7321.547034850969
 10
3010.134744195639
 20
7321.547034850969
 10
3010.134744195639
 20
7319.547034850969
  0
LINE
  5
368
330
1F
100
AcDbEntity
  8
windoes
100
AcDbLine
 10
3011.437870797301
 20
7320.547034850967
 30
0.0
 11
3011.134744195639
 21
7320.547034850967
 31
0.0
  0
LINE
  5
369
330
1F
100
AcDbEntity
  8
windoes
100
AcDbLine
 10
3010.134744195639
 20
7319.547034850969
 30
0.0
 11
3010.134744195639
 21
7321.547034850969
 31
0.0
  0
LINE
  5
36A
330
1F
100
AcDbEntity
  8
windoes
100
AcDbLine
 10
3010.134744195639
 20
7321.547034850969
 30
0.0
 11
3055.134744195639
 21
7321.547034850969
 31
0.0
  0
LINE
  5
36C
330
1F
100
AcDbEntity
  8
windoes
100
AcDbLine
 10
3055.134744195639
 20
7319.547034850969
 30
0.0
 11
3010.134744195639
 21
7319.547034850969
 31
0.0
  0
LINE
  5
36D
330
1F
100
AcDbEntity
  8
windoes
100
AcDbLine
 10
3010.134744195639
 20
7319.547034850969
 30
0.0
 11
3010.134744195639
 21
7320.547034850967
 31
0.0
  0
LWPOLYLINE
  5
36F
330
1F
100
AcDbEntity
  8
windoes
100
AcDbPolyline
 90
        2
 70
     0
 43
0.0
 10
3054.213286890883
 20
7320.547034850967
 10
3080.134744195639
 20
7320.547034850967
  0
LWPOLYLINE
  5
370
330
1F
100
AcDbEntity
  8
windoes
100
AcDbPolyline
 90
        3
 70
     0
 43
0.0
 10
3055.134744195639
 20
7319.547034850969
 10
3081.134744195639
 20
7319.547034850969
 10
3081.134744195639
 20
7320.547034850967
  0
LWPOLYLINE
  5
371
102
{ACAD_REACTORS
330
DB4
102
}
330
1F
100
AcDbEntity
  8
windoes
100
AcDbPolyline
 90
        4
 70
     1
 43
0.0
 10
3081.134744195639
 20
7319.547034850969
 10
3080.134744195639
 20
7319.547034850969
 10
3080.134744195639
 20
7321.547034850969
 10
3081.134744195639
 20
7321.547034850969
  0
LWPOLYLINE
  5
372
330
1F
100
AcDbEntity
  8
windoes
100
AcDbPolyline
 90
        3
 70
     0
 43
0.0
 10
3081.134744195639
 20
7320.547034850967
 10
3081.134744195639
 20
7321.547034850969
 10
3055.134744195639
 20
7321.547034850969
  0
LINE
  5
386
330
1F
100
AcDbEntity
  8
door
100
AcDbLine
 10
2988.134744195639
 20
7158.547034850968
 30
0.0
 11
2988.134744195639
 21
7156.547034850968
 31
0.0
  0
LINE
  5
393
102
{ACAD_REACTORS
330
39A
102
}
330
1F
100
AcDbEntity
  8
door
100
AcDbLine
 10
3107.134744195639
 20
7276.547034850968
 30
0.0
 11
3072.134744195639
 21
7276.547034850968
 31
0.0
  0
LINE
  5
394
102
{ACAD_REACTORS
330
39A
102
}
330
1F
100
AcDbEntity
  8
door
100
AcDbLine
 10
3072.134744195639
 20
7276.547034850968
 30
0.0
 11
3072.134744195639
 21
7241.547034850968
 31
0.0
  0
LINE
  5
395
102
{ACAD_REACTORS
330
39A
330
EDE
102
}
330
1F
100
AcDbEntity
  8
door
100
AcDbLine
 10
3070.134744195639
 20
7241.547034850968
 30
0.0
 11
3070.134744195639
 21
7278.547034850967
 31
0.0
  0
LINE
  5
396
102
{ACAD_REACTORS
330
39A
102
}
330
1F
100
AcDbEntity
  8
door
100
AcDbLine
 10
3070.134744195639
 20
7278.547034850967
 30
0.0
 11
3072.134744195639
 21
7278.547034850967
 31
0.0
  0
LINE
  5
397
102
{ACAD_REACTORS
330
39A
102
}
330
1F
100
AcDbEntity
  8
door
100
AcDbLine
 10
3072.134744195639
 20
7278.547034850967
 30
0.0
 11
3107.13474419564
 21
7278.547034850967
 31
0.0
  0
ARC
  5
398
102
{ACAD_REACTORS
330
39A
102
}
330
1F
100
AcDbEntity
  8
door
100
AcDbCircle
 10
3070.134744195639
 20
7278.547034850967
 30
0.0
 40
37.0
100
AcDbArc
 50
270.0
 51
0.0
  0
LINE
  5
399
102
{ACAD_REACTORS
330
39A
102
}
330
1F
100
AcDbEntity
  8
door
100
AcDbLine
 10
3072.134744195639
 20
7278.547034850967
 30
0.0
 11
3072.134744195639
 21
7276.547034850968
 31
0.0
  0
LINE
  5
3A3
102
{ACAD_REACTORS
330
3AA
102
}
330
1F
100
AcDbEntity
  8
door
100
AcDbLine
 10
2992.486412790772
 20
7311.552903860921
 30
0.0
 11
2992.486412790772
 21
7287.8987034461
 31
0.0
  0
LINE
  5
3A4
102
{ACAD_REACTORS
330
3AA
102
}
330
1F
100
AcDbEntity
  8
door
100
AcDbLine
 10
2992.486412790772
 20
7287.8987034461
 30
0.0
 11
3016.140613205593
 21
7287.8987034461
 31
0.0
  0
LINE
  5
3A5
102
{ACAD_REACTORS
330
3AA
102
}
330
1F
100
AcDbEntity
  8
door
100
AcDbLine
 10
3016.140613205593
 20
7286.547034850967
 30
0.0
 11
2991.134744195639
 21
7286.547034850967
 31
0.0
  0
LINE
  5
3A6
102
{ACAD_REACTORS
330
3AA
102
}
330
1F
100
AcDbEntity
  8
door
100
AcDbLine
 10
2991.134744195639
 20
7286.547034850967
 30
0.0
 11
2991.134744195639
 21
7287.8987034461
 31
0.0
  0
LINE
  5
3A7
102
{ACAD_REACTORS
330
3AA
102
}
330
1F
100
AcDbEntity
  8
door
100
AcDbLine
 10
2991.134744195639
 20
7287.8987034461
 30
0.0
 11
2991.134744195639
 21
7311.552903860921
 31
0.0
  0
ARC
  5
3A8
102
{ACAD_REACTORS
330
3AA
102
}
330
1F
100
AcDbEntity
  8
door
100
AcDbCircle
 10
2991.134744195639
 20
7286.547034850967
 30
0.0
 40
25.00586900995342
100
AcDbArc
 50
0.0
 51
90.0
  0
LINE
  5
3A9
102
{ACAD_REACTORS
330
3AA
102
}
330
1F
100
AcDbEntity
  8
door
100
AcDbLine
 10
2991.134744195639
 20
7287.8987034461
 30
0.0
 11
2992.486412790772
 21
7287.8987034461
 31
0.0
  0
LWPOLYLINE
  5
3AF
330
1F
100
AcDbEntity
  8
wall
100
AcDbPolyline
 90
        5
 70
     0
 43
0.0
 10
2991.134744195639
 20
7311.552903860921
 10
2991.134744195639
 20
7319.547034850969
 10
2948.134744195639
 20
7319.547034850969
 10
2948.134744195639
 20
7278.547034850967
 10
2960.134744195639
 20
7278.547034850967
  0
LWPOLYLINE
  5
3B0
330
1F
100
AcDbEntity
  8
wall
100
AcDbPolyline
 90
        6
 70
     0
 43
0.0
 10
2989.134744195639
 20
7215.547034850968
 10
2991.134744195639
 20
7215.547034850968
 10
2991.134744195639
 20
7201.547034850968
 10
3005.134744195639
 20
7201.547034850968
 10
3005.134744195639
 20
7199.547034850969
 10
2991.134744195639
 20
7199.547034850969
  0
LWPOLYLINE
  5
3B1
330
1F
100
AcDbEntity
  8
wall
100
AcDbPolyline
 90
        9
 70
     0
 43
0.0
 10
3052.134744195639
 20
7201.547034850968
 10
3066.134744195639
 20
7201.547034850968
 10
3066.134744195639
 20
7215.547034850968
 10
3068.134744195639
 20
7215.547034850968
 10
3068.134744195639
 20
7201.547034850968
 10
3071.134744195639
 20
7201.547034850968
 10
3071.134744195639
 20
7199.547034850969
 10
3068.134744195639
 20
7199.547034850969
 10
3068.134744195639
 20
7197.547034850969
  0
LWPOLYLINE
  5
3B2
330
1F
100
AcDbEntity
  8
wall
100
AcDbPolyline
 90
       21
 70
     0
 43
0.0
 10
2988.134744195639
 20
7158.546912521839
 10
2988.134744195639
 20
7156.547034850969
 10
3111.134744195639
 20
7156.547034850969
 10
3111.134744195639
 20
7321.547034850969
 10
3081.134744195639
 20
7321.547034850969
 10
3081.134744195639
 20
7319.547034850969
 10
3109.134744195639
 20
7319.547034850969
 10
3109.134744195639
 20
7278.547034850967
 10
3107.13474419564
 20
7278.547034850967
 10
3107.13474419564
 20
7276.547034850968
 10
3109.134744195639
 20
7276.547034850968
 10
3109.134744195639
 20
7201.547034850968
 10
3106.134744195639
 20
7201.547034850968
 10
3106.134744195639
 20
7199.547034850969
 10
3109.134744195639
 20
7199.547034850969
 10
3109.134744195639
 20
7158.547034850968
 10
3068.134744195639
 20
7158.547034850968
 10
3068.134744195639
 20
7160.547034850967
 10
3066.134744195639
 20
7160.547034850967
 10
3066.134744195639
 20
7158.547034850968
 10
2991.134744195639
 20
7158.546917226805
  0
LWPOLYLINE
  5
3BA
102
{ACAD_REACTORS
330
3C2
102
}
330
1F
100
AcDbEntity
  8
wall
100
AcDbPolyline
 90
        5
 70
     0
 43
0.0
 10
2960.134744195639
 20
7278.547034850967
 10
2948.134744195639
 20
7278.547034850967
 10
2948.134744195639
 20
7319.547034850969
 10
2991.134744195639
 20
7319.547034850969
 10
2991.134744195639
 20
7311.547034850967
  0
LWPOLYLINE
  5
3BB
102
{ACAD_REACTORS
330
3BF
102
}
330
1F
100
AcDbEntity
  8
wall
100
AcDbPolyline
 90
        3
 70
     0
 43
0.0
 10
2993.134744195639
 20
7319.547034850969
 10
2993.134744195639
 20
7311.547034850967
 10
2992.486412790772
 20
7311.516345553345
  0
HATCH
  5
3BF
330
1F
100
AcDbEntity
  8
floorhatch
 62
     9
100
AcDbHatch
 10
0.0
 20
0.0
 30
0.0
210
0.0
220
0.0
230
1.0
  2
AR-BRSTD
 70
     0
 71
     1
 91
        1
 92
        1
 93
        8
 72
     1
 10
2993.134744195639
 20
7319.547034850969
 11
2993.134744195639
 21
7311.547034850967
 72
     1
 10
2993.134744195639
 20
7311.547034850967
 11
2992.486412790772
 21
7311.516345553345
 72
     1
 10
2992.486412790772
 20
7311.516345553345
 11
2992.486412790772
 21
7286.547034850967
 72
     1
 10
2992.486412790772
 20
7286.547034850967
 11
2993.134744195639
 21
7286.547034850967
 72
     1
 10
2993.134744195639
 20
7286.547034850967
 11
2993.134744195639
 21
7278.547034850967
 72
     1
 10
2993.134744195639
 20
7278.547034850967
 11
3109.134744195639
 21
7278.547034850967
 72
     1
 10
3109.134744195639
 20
7278.547034850967
 11
3109.134744195639
 21
7319.547034850969
 72
     1
 10
3109.134744195639
 20
7319.547034850969
 11
2993.134744195639
 21
7319.547034850962
 97
        1
330
3BB
 75
     1
 76
     1
 52
0.0
 41
0.084
 77
     0
 78
     2
 53
0.0
 43
0.0
 44
0.0
 45
0.0
 46
5.6903112
 79
     0
 53
90.0
 43
0.0
 44
0.0
 45
-8.534399999999999
 46
5.6903112
 79
     2
 49
5.6903112
 49
-5.6903112
 98
        1
 10
0.0
 20
0.0
1001
GradientColor1ACI
1070
     5
1001
GradientColor2ACI
1070
     2
1001
ACAD
1010
0.0
1020
0.0
1030
0.0
  0
HATCH
  5
3C2
330
1F
100
AcDbEntity
  8
floorhatch
 62
     9
100
AcDbHatch
 10
0.0
 20
0.0
 30
0.0
210
0.0
220
0.0
230
1.0
  2
ANSI37
 70
     0
 71
     1
 91
        2
 92
        1
 93
        4
 72
     1
 10
2948.134744195639
 20
7319.547034850969
 11
2991.134744195639
 21
7319.547034850969
 72
     1
 10
2991.134744195639
 20
7319.547034850969
 11
2991.134744195639
 21
7278.547034850967
 72
     1
 10
2991.134744195639
 20
7278.547034850967
 11
2948.134744195639
 21
7278.547034850967
 72
     1
 10
2948.134744195639
 20
7278.547034850967
 11
2948.134744195639
 21
7319.547034850969
 97
        1
330
3BA
 92
        4
 93
      104
 72
     1
 10
2949.838250372282
 20
7293.389112122939
 11
2949.844189529002
 21
7293.113162260772
 72
     1
 10
2949.844189529002
 20
7293.113162260772
 11
2949.861983324284
 21
7292.838245685839
 72
     1
 10
2949.861983324284
 20
7292.838245685839
 11
2949.891565133752
 21
7292.565391753865
 72
     1
 10
2949.891565133752
 20
7292.565391753865
 11
2949.932824195779
 21
7292.295622097583
 72
     1
 10
2949.932824195779
 20
7292.295622097583
 11
2949.985606026219
 21
7292.029946801456
 72
     1
 10
2949.985606026219
 20
7292.029946801456
 11
2950.049712996817
 21
7291.769360619529
 72
     1
 10
2950.049712996817
 20
7291.769360619529
 11
2950.124905075204
 21
7291.514839251064
 72
     1
 10
2950.124905075204
 20
7291.514839251064
 11
2950.210900723606
 21
7291.267335687135
 72
     1
 10
2950.210900723606
 20
7291.267335687135
 11
2950.307377953016
 21
7291.027776642363
 72
     1
 10
2950.307377953016
 20
7291.027776642363
 11
2950.413975528782
 21
7290.797059085196
 72
     1
 10
2950.413975528782
 20
7290.797059085196
 11
2950.530294323156
 21
7290.576046879293
 72
     1
 10
2950.530294323156
 20
7290.576046879293
 11
2950.65589880978
 21
7290.365567549121
 72
     1
 10
2950.65589880978
 20
7290.365567549121
 11
2950.790318694348
 21
7290.16640918142
 72
     1
 10
2950.790318694348
 20
7290.16640918142
 11
2950.933050675489
 21
7289.979317474458
 72
     1
 10
2950.933050675489
 20
7289.979317474458
 11
2951.083560329318
 21
7289.804992945946
 72
     1
 10
2951.083560329318
 20
7289.804992945946
 11
2951.241284110399
 21
7289.64408831009
 72
     1
 10
2951.241284110399
 20
7289.64408831009
 11
2951.405631461838
 21
7289.497206033718
 72
     1
 10
2951.405631461838
 20
7289.497206033718
 11
2951.575987026432
 21
7289.364896080446
 72
     1
 10
2951.575987026432
 20
7289.364896080446
 11
2951.751712950728
 21
7289.247653851531
 72
     1
 10
2951.751712950728
 20
7289.247653851531
 11
2951.932151273348
 21
7289.145918330921
 72
     1
 10
2951.932151273348
 20
7289.145918330921
 11
2952.116626388523
 21
7289.060070441589
 72
     1
 10
2952.116626388523
 20
7289.060070441589
 11
2952.304447575677
 21
7288.990431619343
 72
     1
 10
2952.304447575677
 20
7288.990431619343
 11
2952.494911585822
 21
7288.93726260913
 72
     1
 10
2952.494911585822
 20
7288.93726260913
 11
2952.687305274466
 21
7288.900762488935
 72
     1
 10
2952.687305274466
 20
7288.900762488935
 11
2952.880908272023
 21
7288.881067924234
 72
     1
 10
2952.880908272023
 20
7288.881067924234
 11
2953.074995680837
 21
7288.878252656359
 72
     1
 10
2953.074995680837
 20
7288.878252656359
 11
2953.268840789654
 21
7288.892327226371
 72
     1
 10
2953.268840789654
 20
7288.892327226371
 11
2953.461717794312
 21
7288.92323893559
 72
     1
 10
2953.461717794312
 20
7288.92323893559
 11
2953.652904515566
 21
7288.97087204294
 72
     1
 10
2953.652904515566
 20
7288.97087204294
 11
2953.841685102911
 21
7289.035048198228
 72
     1
 10
2953.841685102911
 20
7289.035048198228
 11
2954.02735271511
 21
7289.115527110059
 72
     1
 10
2954.02735271511
 20
7289.115527110059
 11
2954.209212166584
 21
7289.212007445434
 72
     1
 10
2954.209212166584
 20
7289.212007445434
 11
2954.38658253055
 21
7289.324127958088
 72
     1
 10
2954.38658253055
 20
7289.324127958088
 11
2954.558799688399
 21
7289.451468841066
 72
     1
 10
2954.558799688399
 20
7289.451468841066
 11
2954.72521881641
 21
7289.593553298515
 72
     1
 10
2954.72521881641
 20
7289.593553298515
 11
2954.885216800159
 21
7289.74984933103
 72
     1
 10
2954.885216800159
 20
7289.74984933103
 11
2955.038194567565
 21
7289.919771727575
 72
     1
 10
2955.038194567565
 20
7289.919771727575
 11
2955.183579331965
 21
7290.102684256611
 72
     1
 10
2955.183579331965
 20
7290.102684256611
 11
2955.320826736772
 21
7290.297902048263
 72
     1
 10
2955.320826736772
 20
7290.297902048263
 11
2955.44942289372
 21
7290.504694158811
 72
     1
 10
2955.44942289372
 20
7290.504694158811
 11
2955.568886306928
 21
7290.72228630733
 72
     1
 10
2955.568886306928
 20
7290.72228630733
 11
2955.678769675797
 21
7290.949863774947
 72
     1
 10
2955.678769675797
 20
7290.949863774947
 11
2955.77866156975
 21
7291.186574455197
 72
     1
 10
2955.77866156975
 20
7291.186574455197
 11
2955.86818796881
 21
7291.431532044699
 72
     1
 10
2955.86818796881
 20
7291.431532044699
 11
2955.947013663951
 21
7291.683819361529
 72
     1
 10
2955.947013663951
 20
7291.683819361529
 11
2956.014843512247
 21
7291.942491779487
 72
     1
 10
2956.014843512247
 20
7291.942491779487
 11
2956.071423541943
 21
7292.206580764953
 72
     1
 10
2956.071423541943
 20
7292.206580764953
 11
2956.116541903389
 21
7292.475097503348
 72
     1
 10
2956.116541903389
 20
7292.475097503348
 11
2956.150029662257
 21
7292.747036601459
 72
     1
 10
2956.150029662257
 20
7292.747036601459
 11
2956.171761432094
 21
7293.021379851987
 72
     1
 10
2956.171761432094
 20
7293.021379851987
 11
2956.181655843763
 21
7293.297100045787
 72
     1
 10
2956.181655843763
 20
7293.297100045787
 11
2956.179675850135
 21
7293.573164818181
 72
     1
 10
2956.179675850135
 20
7293.573164818181
 11
2956.1658288648
 21
7293.848540514251
 72
     1
 10
2956.1658288648
 20
7293.848540514251
 11
2956.1401667343
 21
7294.122196059184
 72
     1
 10
2956.1401667343
 20
7294.122196059184
 11
2956.102785544005
 21
7294.393106818849
 72
     1
 10
2956.102785544005
 20
7294.393106818849
 11
2956.053825258358
 21
7294.660258436202
 72
     1
 10
2956.053825258358
 20
7294.660258436202
 11
2955.993469196796
 21
7294.922650629448
 72
     1
 10
2955.993469196796
 20
7294.922650629448
 11
2955.921943347365
 21
7295.179300937175
 72
     1
 10
2955.921943347365
 20
7295.179300937175
 11
2955.839515520555
 21
7295.429248397117
 72
     1
 10
2955.839515520555
 20
7295.429248397117
 11
2955.746494346584
 21
7295.671557143979
 72
     1
 10
2955.746494346584
 20
7295.671557143979
 11
2955.643228119767
 21
7295.905319913839
 72
     1
 10
2955.643228119767
 20
7295.905319913839
 11
2955.530103494443
 21
7296.129661440969
 72
     1
 10
2955.530103494443
 20
7296.129661440969
 11
2955.407544037225
 21
7296.3437417351
 72
     1
 10
2955.407544037225
 20
7296.3437417351
 11
2955.276008641059
 21
7296.546759226622
 72
     1
 10
2955.276008641059
 20
7296.546759226622
 11
2955.135989807115
 21
7296.737953767685
 72
     1
 10
2955.135989807115
 20
7296.737953767685
 11
2954.988011800529
 21
7296.91660947863
 72
     1
 10
2954.988011800529
 20
7296.91660947863
 11
2954.832628687671
 21
7297.082057428148
 72
     1
 10
2954.832628687671
 20
7297.082057428148
 11
2954.670422261373
 21
7297.233678138194
 72
     1
 10
2954.670422261373
 20
7297.233678138194
 11
2954.501999862688
 21
7297.370903903216
 72
     1
 10
2954.501999862688
 20
7297.370903903216
 11
2954.327992106815
 21
7297.493220916013
 72
     1
 10
2954.327992106815
 20
7297.493220916013
 11
2954.149050521869
 21
7297.600171191324
 72
     1
 10
2954.149050521869
 20
7297.600171191324
 11
2953.965845109483
 21
7297.691354280869
 72
     1
 10
2953.965845109483
 20
7297.691354280869
 11
2953.779061836128
 21
7297.766428772565
 72
     1
 10
2953.779061836128
 20
7297.766428772565
 11
2953.589400064605
 21
7297.825113568904
 72
     1
 10
2953.589400064605
 20
7297.825113568904
 11
2953.397569935649
 21
7297.86718893947
 72
     1
 10
2953.397569935649
 20
7297.86718893947
 11
2953.204289708699
 21
7297.892497343667
 72
     1
 10
2953.204289708699
 20
7297.892497343667
 11
2953.010283072864
 21
7297.900944020549
 72
     1
 10
2953.010283072864
 20
7297.900944020549
 11
2952.825845339758
 21
7297.893310707357
 72
     1
 10
2952.825845339758
 20
7297.893310707357
 11
2952.64203168851
 21
7297.870436596617
 72
     1
 10
2952.64203168851
 20
7297.870436596617
 11
2952.459464089251
 21
7297.832399087443
 72
     1
 10
2952.459464089251
 20
7297.832399087443
 11
2952.278760295877
 21
7297.779326887331
 72
     1
 10
2952.278760295877
 20
7297.779326887331
 11
2952.100531755663
 21
7297.711399576657
 72
     1
 10
2952.100531755663
 20
7297.711399576657
 11
2951.925381540465
 21
7297.62884700102
 72
     1
 10
2951.925381540465
 20
7297.62884700102
 11
2951.753902305949
 21
7297.531948493531
 72
     1
 10
2951.753902305949
 20
7297.531948493531
 11
2951.586674286281
 21
7297.421031929585
 72
     1
 10
2951.586674286281
 20
7297.421031929585
 11
2951.424263330827
 21
7297.296472617522
 72
     1
 10
2951.424263330827
 20
7297.296472617522
 11
2951.267218989452
 21
7297.158692028614
 72
     1
 10
2951.267218989452
 20
7297.158692028614
 11
2951.116072652986
 21
7297.008156370944
 72
     1
 10
2951.116072652986
 20
7297.008156370944
 11
2950.97133575519
 21
7296.845375011923
 72
     1
 10
2950.97133575519
 20
7296.845375011923
 11
2950.833498042232
 21
7296.670898754745
 72
     1
 10
2950.833498042232
 20
7296.670898754745
 11
2950.703025915509
 21
7296.485317974634
 72
     1
 10
2950.703025915509
 20
7296.485317974634
 11
2950.580360853463
 21
7296.289260621151
 72
     1
 10
2950.580360853463
 20
7296.289260621151
 11
2950.465917917803
 21
7296.083390093452
 72
     1
 10
2950.465917917803
 20
7296.083390093452
 11
2950.360084349021
 21
7295.86840299553
 72
     1
 10
2950.360084349021
 20
7295.86840299553
 11
2950.263218256094
 21
7295.64502677908
 72
     1
 10
2950.263218256094
 20
7295.64502677908
 11
2950.17564740477
 21
7295.414017282086
 72
     1
 10
2950.17564740477
 20
7295.414017282086
 11
2950.09766810848
 21
7295.176156171226
 72
     1
 10
2950.09766810848
 20
7295.176156171226
 11
2950.029544225741
 21
7294.932248297062
 72
     1
 10
2950.029544225741
 20
7294.932248297062
 11
2949.971506267274
 21
7294.683118970453
 72
     1
 10
2949.971506267274
 20
7294.683118970453
 11
2949.923750616095
 21
7294.429611170191
 72
     1
 10
2949.923750616095
 20
7294.429611170191
 11
2949.886438862971
 21
7294.172582690463
 72
     1
 10
2949.886438862971
 20
7294.172582690463
 11
2949.859697259661
 21
7293.912903238375
 72
     1
 10
2949.859697259661
 20
7293.912903238375
 11
2949.843616291711
 21
7293.651451491182
 72
     1
 10
2949.843616291711
 20
7293.651451491182
 11
2949.838250372282
 21
7293.389112122939
 97
        1
330
91D
 75
     1
 76
     1
 52
45.0
 41
4.0
 77
     0
 78
     2
 53
90.0
 43
2948.134744195639
 44
7318.699977768183
 45
-12.7
 46
0.0
 79
     0
 53
180.0
 43
2948.134744195639
 44
7318.699977768183
 45
-0.0000000000000009
 46
-12.7
 79
     0
 47
0.0
 98
        1
 10
2953.010252717424
 20
7293.389172011358
1001
GradientColor1ACI
1070
     5
1001
GradientColor2ACI
1070
     2
1001
ACAD
1010
2948.134744195639
1020
7318.699977768183
1030
0.0
  0
HATCH
  5
3C5
330
1F
100
AcDbEntity
  8
floorhatch
 62
     9
100
AcDbHatch
 10
0.0
 20
0.0
 30
0.0
210
0.0
220
0.0
230
1.0
  2
ANSI37
 70
     0
 71
     0
 91
        8
 92
        1
 93
        2
 72
     1
 10
3071.134744195639
 20
7201.547034850968
 11
3071.134744195639
 21
7199.547034850969
 72
     1
 10
3071.134744195639
 20
7199.547034850969
 11
3071.134744195639
 21
7201.547034850968
 97
        0
 92
       33
 93
        2
 72
     1
 10
3068.134744195639
 20
7199.547034850969
 11
3071.134744195639
 21
7199.547034850969
 72
     1
 10
3068.134744195639
 20
7199.547034850969
 11
3071.134744195639
 21
7199.547034850969
 97
        0
 92
       33
 93
        2
 72
     1
 10
3068.134744195639
 20
7197.547034850967
 11
3068.134744195639
 21
7199.547034850969
 72
     1
 10
3068.134744195639
 20
7197.547034850967
 11
3068.134744195639
 21
7199.547034850969
 97
        0
 92
       33
 93
        2
 72
     1
 10
3066.134744195639
 20
7197.547034850969
 11
3068.134744195639
 21
7197.547034850967
 72
     1
 10
3066.134744195639
 20
7197.547034850969
 11
3068.134744195639
 21
7197.547034850967
 97
        0
 92
       33
 93
        2
 72
     1
 10
3066.134744195639
 20
7199.547034850969
 11
3066.134744195639
 21
7197.547034850969
 72
     1
 10
3066.134744195639
 20
7199.547034850969
 11
3066.134744195639
 21
7197.547034850969
 97
        0
 92
       33
 93
        2
 72
     1
 10
2989.134744195639
 20
7199.547034850969
 11
3066.134744195639
 21
7199.547034850969
 72
     1
 10
2989.134744195639
 20
7199.547034850969
 11
3066.134744195639
 21
7199.547034850969
 97
        0
 92
       33
 93
        2
 72
     1
 10
2989.134744195639
 20
7276.547034850968
 11
2989.134744195639
 21
7199.547034850969
 72
     1
 10
2989.134744195639
 20
7276.547034850968
 11
2989.134744195639
 21
7199.547034850969
 97
        0
 92
       33
 93
        2
 72
     1
 10
2948.134744195639
 20
7276.547034850968
 11
2989.134744195639
 21
7276.547034850968
 72
     1
 10
2948.134744195639
 20
7276.547034850968
 11
2989.134744195639
 21
7276.547034850968
 97
        0
 75
     1
 76
     1
 52
45.0
 41
4.0
 77
     0
 78
     2
 53
90.0
 43
0.0
 44
0.0
 45
-12.7
 46
0.0
 79
     0
 53
180.0
 43
0.0
 44
0.0
 45
-0.0000000000000009
 46
-12.7
 79
     0
 98
        1
 10
0.0
 20
0.0
1001
GradientColor1ACI
1070
     5
1001
GradientColor2ACI
1070
     2
1001
ACAD
1010
0.0
1020
0.0
1030
0.0
  0
LWPOLYLINE
  5
3C6
102
{ACAD_REACTORS
330
3C8
102
}
330
1F
100
AcDbEntity
  8
wall
100
AcDbPolyline
 90
        2
 70
     0
 43
0.0
 10
2948.134744195639
 20
7276.547034850968
 10
2960.134744195639
 20
7276.547034850968
  0
HATCH
  5
3C8
330
1F
100
AcDbEntity
  8
floorhatch
 62
     9
100
AcDbHatch
 10
0.0
 20
0.0
 30
0.0
210
0.0
220
0.0
230
1.0
  2
AR-BRSTD
 70
     0
 71
     1
 91
        1
 92
        1
 93
       22
 72
     1
 10
2948.134744195639
 20
7276.547034850968
 11
2989.134744195639
 21
7276.547034850968
 72
     1
 10
2989.134744195639
 20
7276.547034850968
 11
2989.134744195639
 21
7199.547034850969
 72
     1
 10
2989.134744195639
 20
7199.547034850969
 11
3066.134744195639
 21
7199.547034850969
 72
     1
 10
3066.134744195639
 20
7199.547034850969
 11
3066.134744195639
 21
7197.547034850969
 72
     1
 10
3066.134744195639
 20
7197.547034850969
 11
3068.134744195639
 21
7197.547034850969
 72
     1
 10
3068.134744195639
 20
7197.547034850969
 11
3068.134744195639
 21
7199.547034850969
 72
     1
 10
3068.134744195639
 20
7199.547034850969
 11
3071.134744195639
 21
7199.547034850969
 72
     1
 10
3071.134744195639
 20
7199.547034850969
 11
3071.134744195639
 21
7201.547034850968
 72
     1
 10
3071.134744195639
 20
7201.547034850968
 11
3068.134744195639
 21
7201.547034850968
 72
     1
 10
3068.134744195639
 20
7201.547034850968
 11
3068.134744195639
 21
7276.547034850968
 72
     1
 10
3068.134744195639
 20
7276.547034850968
 11
3109.134744195639
 21
7276.547034850968
 72
     1
 10
3109.134744195639
 20
7276.547034850968
 11
3109.134744195639
 21
7201.547034850968
 72
     1
 10
3109.134744195639
 20
7201.547034850968
 11
3106.134744195639
 21
7201.547034850968
 72
     1
 10
3106.134744195639
 20
7201.547034850968
 11
3106.134744195639
 21
7199.547034850969
 72
     1
 10
3106.134744195639
 20
7199.547034850969
 11
3109.134744195639
 21
7199.547034850969
 72
     1
 10
3109.134744195639
 20
7199.547034850969
 11
3109.134744195639
 21
7158.547034850968
 72
     1
 10
3109.134744195639
 20
7158.547034850968
 11
3068.134744195639
 21
7158.547034850968
 72
     1
 10
3068.134744195639
 20
7158.547034850968
 11
3068.134744195639
 21
7160.547034850967
 72
     1
 10
3068.134744195639
 20
7160.547034850967
 11
3066.134744195639
 21
7160.547034850968
 72
     1
 10
3066.134744195639
 20
7160.547034850968
 11
3066.134744195639
 21
7158.547034850968
 72
     1
 10
3066.134744195639
 20
7158.547034850968
 11
2948.134744195639
 21
7158.547034850968
 72
     1
 10
2948.134744195639
 20
7158.547034850968
 11
2948.134744195639
 21
7276.547034850968
 97
        1
330
3C6
 75
     1
 76
     1
 52
0.0
 41
0.084
 77
     0
 78
     2
 53
0.0
 43
0.0
 44
0.0
 45
0.0
 46
5.6903112
 79
     0
 53
90.0
 43
0.0
 44
0.0
 45
-8.534399999999999
 46
5.6903112
 79
     2
 49
5.6903112
 49
-5.6903112
 98
        1
 10
0.0
 20
0.0
1001
GradientColor1ACI
1070
     5
1001
GradientColor2ACI
1070
     2
1001
ACAD
1010
0.0
1020
0.0
1030
0.0
  0
LWPOLYLINE
  5
3CA
330
1F
100
AcDbEntity
  8
wall
100
AcDbPolyline
 90
        4
 70
     1
 43
0.0
 10
3143.467092060852
 20
7321.547034850969
 10
3308.467092060852
 20
7321.547034850969
 10
3308.467092060852
 20
7156.547034850969
 10
3143.467092060852
 20
7156.547034850969
  0
LWPOLYLINE
  5
3CB
330
1F
100
AcDbEntity
  8
wall
100
AcDbPolyline
 90
        3
 70
     0
 43
0.0
 10
3306.467092060852
 20
7199.547034850969
 10
3306.467092060852
 20
7158.547034850968
 10
3265.467092060852
 20
7158.547034850968
  0
LWPOLYLINE
  5
3D1
330
1F
100
AcDbEntity
  8
wall
100
AcDbPolyline
 90
        5
 70
     0
 43
0.0
 10
3263.467092060852
 20
7199.547034850969
 10
3186.467092060853
 20
7199.547034850969
 10
3186.467092060853
 20
7278.547034850969
 10
3265.467092060852
 20
7278.547034850969
 10
3265.467092060852
 20
7201.547034850969
  0
LWPOLYLINE
  5
3D2
102
{ACAD_REACTORS
330
3FD
102
}
330
1F
100
AcDbEntity
  8
wall
100
AcDbPolyline
 90
        4
 70
     1
 43
0.0
 10
3263.467092060852
 20
7201.547034850969
 10
3188.467092060852
 20
7201.547034850969
 10
3188.467092060852
 20
7276.547034850969
 10
3263.467092060852
 20
7276.547034850969
  0
LINE
  5
3D8
102
{ACAD_REACTORS
330
ABE
102
}
330
1F
100
AcDbEntity
  8
spairal staircase
100
AcDbLine
 10
3273.946276780681
 20
7191.06785013114
 30
0.0
 11
3285.259985279667
 21
7179.754141632156
 31
0.0
  0
LINE
  5
3D9
102
{ACAD_REACTORS
330
ABE
102
}
330
1F
100
AcDbEntity
  8
spairal staircase
100
AcDbLine
 10
3286.674198842039
 20
7178.339928069782
 30
0.0
 11
3297.987907341024
 21
7167.026219570797
 31
0.0
  0
LINE
  5
3DA
102
{ACAD_REACTORS
330
ABE
102
}
330
1F
100
AcDbEntity
  8
spairal staircase
100
AcDbLine
 10
3297.987907341024
 20
7191.06785013114
 30
0.0
 11
3286.674198842039
 21
7179.754141632155
 31
0.0
  0
LINE
  5
3DB
102
{ACAD_REACTORS
330
ABE
102
}
330
1F
100
AcDbEntity
  8
spairal staircase
100
AcDbLine
 10
3285.259985279667
 20
7178.339928069782
 30
0.0
 11
3273.946276780681
 21
7167.026219570797
 31
0.0
  0
CIRCLE
  5
3DC
102
{ACAD_REACTORS
330
ABE
102
}
330
1F
100
AcDbEntity
  8
spairal staircase
100
AcDbCircle
 10
3285.967092060853
 20
7179.047034850968
 30
0.0
 40
17.0
  0
CIRCLE
  5
3DD
102
{ACAD_REACTORS
330
ABE
102
}
330
1F
100
AcDbEntity
  8
spairal staircase
100
AcDbCircle
 10
3285.967092060853
 20
7179.047034850968
 30
0.0
 40
1.0
  0
LINE
  5
3DE
330
1F
100
AcDbEntity
  8
wall
100
AcDbLine
 10
3265.467092060852
 20
7201.547034850969
 30
0.0
 11
3267.467092060853
 21
7201.547034850969
 31
0.0
  0
LINE
  5
3DF
330
1F
100
AcDbEntity
  8
wall
100
AcDbLine
 10
3267.467092060853
 20
7201.547034850969
 30
0.0
 11
3267.467092060853
 21
7199.547034850969
 31
0.0
  0
LINE
  5
3E0
330
1F
100
AcDbEntity
  8
wall
100
AcDbLine
 10
3267.467092060853
 20
7199.547034850969
 30
0.0
 11
3265.467092060852
 21
7199.547034850969
 31
0.0
  0
LINE
  5
3E1
330
1F
100
AcDbEntity
  8
wall
100
AcDbLine
 10
3265.467092060852
 20
7199.547034850969
 30
0.0
 11
3265.467092060852
 21
7197.547034850969
 31
0.0
  0
LINE
  5
3E2
330
1F
100
AcDbEntity
  8
wall
100
AcDbLine
 10
3265.467092060852
 20
7197.547034850969
 30
0.0
 11
3263.467092060852
 21
7197.547034850969
 31
0.0
  0
LINE
  5
3E3
330
1F
100
AcDbEntity
  8
wall
100
AcDbLine
 10
3263.467092060852
 20
7197.547034850969
 30
0.0
 11
3263.467092060852
 21
7199.547034850969
 31
0.0
  0
LINE
  5
3E4
330
1F
100
AcDbEntity
  8
wall
100
AcDbLine
 10
3304.467092060853
 20
7201.547034850969
 30
0.0
 11
3306.467092060852
 21
7201.547034850969
 31
0.0
  0
LINE
  5
3E6
330
1F
100
AcDbEntity
  8
wall
100
AcDbLine
 10
3306.467092060852
 20
7199.547034850969
 30
0.0
 11
3304.467092060852
 21
7199.547034850969
 31
0.0
  0
LINE
  5
3E7
330
1F
100
AcDbEntity
  8
wall
100
AcDbLine
 10
3304.467092060852
 20
7199.547034850969
 30
0.0
 11
3304.467092060853
 21
7201.547034850969
 31
0.0
  0
LINE
  5
3E8
330
1F
100
AcDbEntity
  8
wall
100
AcDbLine
 10
3263.467092060852
 20
7160.547034850968
 30
0.0
 11
3263.467092060852
 21
7158.547034850968
 31
0.0
  0
LINE
  5
3EA
330
1F
100
AcDbEntity
  8
wall
100
AcDbLine
 10
3265.467092060852
 20
7158.547034850968
 30
0.0
 11
3265.467092060852
 21
7160.547034850968
 31
0.0
  0
LINE
  5
3EB
330
1F
100
AcDbEntity
  8
wall
100
AcDbLine
 10
3265.467092060852
 20
7160.547034850968
 30
0.0
 11
3263.467092060853
 21
7160.547034850968
 31
0.0
  0
LINE
  5
3EC
330
1F
100
AcDbEntity
  8
wall
100
AcDbLine
 10
3263.467092060852
 20
7158.547034850968
 30
0.0
 11
3263.467092060852
 21
7156.547034850969
 31
0.0
  0
LINE
  5
3ED
330
1F
100
AcDbEntity
  8
wall
100
AcDbLine
 10
3306.467092060852
 20
7201.547034850969
 30
0.0
 11
3308.467092060852
 21
7201.547034850969
 31
0.0
  0
HATCH
  5
3EE
330
1F
100
AcDbEntity
  8
windoes
100
AcDbHatch
 10
0.0
 20
0.0
 30
0.0
210
0.0
220
0.0
230
1.0
  2
ANSI35
 70
     0
 71
     1
 91
        1
 92
        7
 72
     0
 73
     1
 93
        4
 10
3263.394735165439
 20
7276.547034850968
 10
3188.394735165439
 20
7276.547034850968
 10
3188.394735165439
 20
7201.547034850968
 10
3263.394735165439
 20
7201.547034850968
 97
        1
330
31C
 75
     1
 76
     1
 52
0.0
 41
7.0
 77
     0
 78
     2
 53
45.0
 43
197.2599909698001
 44
0.0
 45
-31.43089642374204
 46
31.43089642374204
 79
     0
 53
45.0
 43
228.6909009698002
 44
0.0
 45
-31.43089642374204
 46
31.43089642374204
 79
     4
 49
55.5625
 49
-11.1125
 49
0.0
 49
-11.1125
 47
0.1815736545826492
 98
        1
 10
3220.8284660848
 20
7242.020771072775
1001
GradientColor1ACI
1070
     5
1001
GradientColor2ACI
1070
     2
1001
ACAD
1010
0.0
1020
0.0
1030
0.0
  0
LWPOLYLINE
  5
3F0
330
1F
100
AcDbEntity
  8
solar panel
100
AcDbPolyline
 90
        5
 70
     0
 43
0.0
 10
3265.467092060852
 20
7201.547034850969
 10
3265.467092060852
 20
7321.547034850969
 10
3308.467092060852
 20
7321.547034850969
 10
3308.467092060852
 20
7201.547034850969
 10
3265.467092060852
 20
7201.547034850969
  0
LWPOLYLINE
  5
3FB
102
{ACAD_REACTORS
330
3FD
102
}
330
1F
100
AcDbEntity
  8
wall
100
AcDbPolyline
 90
       11
 70
     0
 43
0.0
 10
3186.467092060853
 20
7278.547034850969
 10
3186.467092060853
 20
7199.547034850969
 10
3263.467092060852
 20
7199.547034850969
 10
3263.467092060852
 20
7197.547034850969
 10
3265.467092060852
 20
7197.547034850969
 10
3265.467092060852
 20
7199.547034850969
 10
3267.467092060853
 20
7199.547034850969
 10
3267.467092060853
 20
7201.547034850969
 10
3265.467092060852
 20
7201.547034850969
 10
3265.467092060852
 20
7278.547034850969
 10
3186.467092060853
 20
7278.547034850969
  0
HATCH
  5
3FD
330
1F
100
AcDbEntity
  8
wallhatch
 62
     8
100
AcDbHatch
 10
0.0
 20
0.0
 30
0.0
210
0.0
220
0.0
230
1.0
  2
SOLID
 70
     1
 71
     1
 91
        2
 92
        1
 93
       10
 72
     1
 10
3186.467092060853
 20
7278.547034850969
 11
3186.467092060853
 21
7199.547034850969
 72
     1
 10
3186.467092060853
 20
7199.547034850969
 11
3263.467092060852
 21
7199.547034850969
 72
     1
 10
3263.467092060852
 20
7199.547034850969
 11
3263.467092060852
 21
7197.547034850969
 72
     1
 10
3263.467092060852
 20
7197.547034850969
 11
3265.467092060852
 21
7197.547034850969
 72
     1
 10
3265.467092060852
 20
7197.547034850969
 11
3265.467092060852
 21
7199.547034850969
 72
     1
 10
3265.467092060852
 20
7199.547034850969
 11
3267.467092060853
 21
7199.547034850969
 72
     1
 10
3267.467092060853
 20
7199.547034850969
 11
3267.467092060853
 21
7201.547034850969
 72
     1
 10
3267.467092060853
 20
7201.547034850969
 11
3265.467092060852
 21
7201.547034850969
 72
     1
 10
3265.467092060852
 20
7201.547034850969
 11
3265.467092060852
 21
7278.547034850969
 72
     1
 10
3265.467092060852
 20
7278.547034850969
 11
3186.467092060853
 21
7278.547034850969
 97
        1
330
3FB
 92
       16
 93
        4
 72
     1
 10
3263.467092060852
 20
7201.547034850969
 11
3188.467092060852
 21
7201.547034850969
 72
     1
 10
3188.467092060852
 20
7201.547034850969
 11
3188.467092060852
 21
7276.547034850969
 72
     1
 10
3188.467092060852
 20
7276.547034850969
 11
3263.467092060852
 21
7276.547034850969
 72
     1
 10
3263.467092060852
 20
7276.547034850969
 11
3263.467092060852
 21
7201.547034850969
 97
        1
330
3D2
 75
     1
 76
     1
 98
        1
 10
0.0
 20
0.0
450
        0
451
        0
460
0.0
461
0.0
452
        0
462
0.0
453
        2
463
0.0
 63
     5
421
      255
463
1.0
 63
     2
421
 16776960
470
LINEAR
1001
GradientColor1ACI
1070
     5
1001
GradientColor2ACI
1070
     2
1001
ACAD
1010
0.0
1020
0.0
1030
0.0
  0
LWPOLYLINE
  5
3FE
102
{ACAD_REACTORS
330
401
102
}
330
1F
100
AcDbEntity
  8
wall
100
AcDbPolyline
 90
       11
 70
     0
 43
0.0
 10
3263.467092060853
 20
7160.547034850968
 10
3265.467092060852
 20
7160.547034850968
 10
3265.467092060852
 20
7158.547034850968
 10
3306.467092060852
 20
7158.547034850968
 10
3306.467092060852
 20
7199.547034850969
 10
3304.467092060852
 20
7199.547034850969
 10
3304.467092060853
 20
7201.547034850969
 10
3308.467092060852
 20
7201.547034850969
 10
3308.467092060852
 20
7156.547034850969
 10
3263.467092060852
 20
7156.547034850969
 10
3263.467092060852
 20
7160.547034850968
  0
HATCH
  5
401
330
1F
100
AcDbEntity
  8
wallhatch
 62
     8
100
AcDbHatch
 10
0.0
 20
0.0
 30
0.0
210
0.0
220
0.0
230
1.0
  2
SOLID
 70
     1
 71
     1
 91
        1
 92
        1
 93
       10
 72
     1
 10
3263.467092060853
 20
7160.547034850968
 11
3265.467092060852
 21
7160.547034850968
 72
     1
 10
3265.467092060852
 20
7160.547034850968
 11
3265.467092060852
 21
7158.547034850968
 72
     1
 10
3265.467092060852
 20
7158.547034850968
 11
3306.467092060852
 21
7158.547034850968
 72
     1
 10
3306.467092060852
 20
7158.547034850968
 11
3306.467092060852
 21
7199.547034850969
 72
     1
 10
3306.467092060852
 20
7199.547034850969
 11
3304.467092060852
 21
7199.547034850969
 72
     1
 10
3304.467092060852
 20
7199.547034850969
 11
3304.467092060853
 21
7201.547034850969
 72
     1
 10
3304.467092060853
 20
7201.547034850969
 11
3308.467092060852
 21
7201.547034850969
 72
     1
 10
3308.467092060852
 20
7201.547034850969
 11
3308.467092060852
 21
7156.547034850969
 72
     1
 10
3308.467092060852
 20
7156.547034850969
 11
3263.467092060852
 21
7156.547034850969
 72
     1
 10
3263.467092060852
 20
7156.547034850969
 11
3263.467092060852
 21
7160.547034850968
 97
        1
330
3FE
 75
     1
 76
     1
 98
        1
 10
0.0
 20
0.0
450
        0
451
        0
460
0.0
461
0.0
452
        0
462
0.0
453
        2
463
0.0
 63
     5
421
      255
463
1.0
 63
     2
421
 16776960
470
LINEAR
1001
GradientColor1ACI
1070
     5
1001
GradientColor2ACI
1070
     2
1001
ACAD
1010
0.0
1020
0.0
1030
0.0
  0
LWPOLYLINE
  5
43F
102
{ACAD_REACTORS
330
44B
330
9C6
330
E00
102
}
330
1F
100
AcDbEntity
  8
furniture
100
AcDbPolyline
 90
        5
 70
     0
 43
0.0
 10
3109.134744195639
 20
7319.547034850969
 10
3109.134744195639
 20
7293.547034850968
 10
3067.134744195639
 20
7293.547034850968
 10
3067.134744195639
 20
7319.547034850969
 10
3109.134744195639
 20
7319.547034850969
  0
LINE
  5
443
330
1F
100
AcDbEntity
  8
furniture
100
AcDbLine
 10
3109.134744195639
 20
7319.547034850969
 30
0.0
 11
3068.134744195639
 21
7319.547034850969
 31
0.0
  0
LINE
  5
444
102
{ACAD_REACTORS
330
44B
330
9C6
102
}
330
1F
100
AcDbEntity
  8
furniture
100
AcDbLine
 10
3068.134744195639
 20
7318.547034850968
 30
0.0
 11
3068.134744195639
 21
7294.547034850968
 31
0.0
  0
LINE
  5
446
102
{ACAD_REACTORS
330
44B
330
9C6
102
}
330
1F
100
AcDbEntity
  8
furniture
100
AcDbLine
 10
3068.134744195639
 20
7294.547034850968
 30
0.0
 11
3108.134744195639
 21
7294.547034850968
 31
0.0
  0
LINE
  5
447
102
{ACAD_REACTORS
330
44B
330
9C6
102
}
330
1F
100
AcDbEntity
  8
furniture
100
AcDbLine
 10
3108.134744195639
 20
7294.547034850968
 30
0.0
 11
3108.134744195639
 21
7318.547034850968
 31
0.0
  0
LINE
  5
448
102
{ACAD_REACTORS
330
44B
330
9C6
102
}
330
1F
100
AcDbEntity
  8
furniture
100
AcDbLine
 10
3108.134744195639
 20
7318.547034850968
 30
0.0
 11
3068.134744195639
 21
7318.547034850968
 31
0.0
  0
LWPOLYLINE
  5
44A
102
{ACAD_REACTORS
330
44B
330
9C6
102
}
330
1F
100
AcDbEntity
  8
furniture
100
AcDbPolyline
 90
        4
 70
     1
 43
0.0
 10
3099.659395007333
 20
7315.547034850968
 10
3099.659395007333
 20
7297.547034850969
 10
3107.11334932157
 20
7297.547034850969
 10
3107.11334932157
 20
7315.547034850968
  0
LWPOLYLINE
  5
44E
330
1F
100
AcDbEntity
  8
furniture
100
AcDbPolyline
 90
        2
 70
     0
 43
0.0
 10
2986.134744195639
 20
7319.547034850969
 10
2980.134744195639
 20
7319.547034850969
  0
LINE
  5
450
102
{ACAD_REACTORS
330
A8F
102
}
330
1F
100
AcDbEntity
  8
furniture
100
AcDbLine
 10
2979.134744195638
 20
7318.547034850968
 30
0.0
 11
2979.134744195638
 21
7317.547034850967
 31
0.0
  0
LINE
  5
451
330
1F
100
AcDbEntity
  8
furniture
100
AcDbLine
 10
2980.134744195639
 20
7316.547034850969
 30
0.0
 11
2986.134744195639
 21
7316.547034850969
 31
0.0
  0
LINE
  5
452
102
{ACAD_REACTORS
330
A8F
102
}
330
1F
100
AcDbEntity
  8
furniture
100
AcDbLine
 10
2987.134744195639
 20
7317.547034850967
 30
0.0
 11
2987.134744195639
 21
7318.547034850968
 31
0.0
  0
LINE
  5
453
102
{ACAD_REACTORS
330
A8F
102
}
330
1F
100
AcDbEntity
  8
furniture
100
AcDbLine
 10
2986.134744195639
 20
7319.547034850969
 30
0.0
 11
2980.134744195639
 21
7319.547034850969
 31
0.0
  0
LINE
  5
455
330
1F
100
AcDbEntity
  8
furniture
100
AcDbLine
 10
2980.134744195639
 20
7316.547034850969
 30
0.0
 11
2981.134744195639
 21
7316.547034850969
 31
0.0
  0
LINE
  5
456
330
1F
100
AcDbEntity
  8
furniture
100
AcDbLine
 10
2980.134744195639
 20
7316.547034850969
 30
0.0
 11
2980.134744195639
 21
7316.547034850969
 31
0.0
  0
LINE
  5
459
330
1F
100
AcDbEntity
  8
furniture
100
AcDbLine
 10
2983.111131067129
 20
7306.547034850968
 30
0.0
 11
2983.163990438191
 21
7306.547034850968
 31
0.0
  0
LINE
  5
45B
102
{ACAD_REACTORS
330
A8F
102
}
330
1F
100
AcDbEntity
  8
furniture
100
AcDbLine
 10
2986.134744195639
 20
7316.547034850969
 30
0.0
 11
2980.134744195639
 21
7316.547034850969
 31
0.0
  0
LINE
  5
45E
330
1F
100
AcDbEntity
  8
furniture
100
AcDbLine
 10
2980.134744195639
 20
7311.047034850968
 30
0.0
 11
2980.1347818767
 21
7311.047034850968
 31
0.0
  0
ELLIPSE
  5
460
102
{ACAD_REACTORS
330
A8F
102
}
330
1F
100
AcDbEntity
  8
furniture
100
AcDbEllipse
 10
2983.134744195639
 20
7311.047034850968
 30
0.0
 11
0.0
 21
5.5
 31
0.0
210
0.0
220
0.0
230
1.0
 40
0.7272727272727274
 41
0.0
 42
6.283185307179586
  0
SPLINE
  5
461
102
{ACAD_REACTORS
330
A8F
102
}
330
1F
100
AcDbEntity
  8
furniture
100
AcDbSpline
210
0.0
220
0.0
230
1.0
 70
     9
 71
     3
 72
    40
 73
    36
 74
     0
 42
0.000000001
 43
0.0000000001
 40
0.0
 40
0.0
 40
0.0
 40
0.0
 40
0.3836477357789511
 40
0.3836477357789511
 40
0.7672954715579023
 40
0.7672954715579023
 40
1.150943207336853
 40
1.150943207336853
 40
1.534590943115804
 40
1.534590943115804
 40
1.918238678894755
 40
1.918238678894755
 40
2.301886414673706
 40
2.301886414673706
 40
2.685534150452657
 40
2.685534150452657
 40
3.069181886231608
 40
3.069181886231608
 40
3.452829622010559
 40
3.452829622010559
 40
3.83647735778951
 40
3.83647735778951
 40
4.220125093568461
 40
4.220125093568461
 40
4.603772829347413
 40
4.603772829347413
 40
4.987420565126364
 40
4.987420565126364
 40
5.371068300905315
 40
5.371068300905315
 40
5.754716036684267
 40
5.754716036684267
 40
6.138363772463218
 40
6.138363772463218
 40
6.283185307179586
 40
6.283185307179586
 40
6.283185307179586
 40
6.283185307179586
 10
2983.134744195639
 20
7315.547034850968
 30
0.0
 10
2982.799052426832
 20
7315.547034850968
 30
0.0
 10
2982.460460397425
 20
7315.460261975748
 30
0.0
 10
2981.785149688658
 20
7315.085453195681
 30
0.0
 10
2981.450526452292
 20
7314.793823671005
 30
0.0
 10
2980.862291036426
 20
7314.013766143723
 30
0.0
 10
2980.610635800548
 20
7313.526487566064
 30
0.0
 10
2980.255924692338
 20
7312.433898580578
 30
0.0
 10
2980.153084206661
 20
7311.829649959965
 30
0.0
 10
2980.120953354253
 20
7310.609924831685
 30
0.0
 10
2980.191664197597
 20
7309.995193853596
 30
0.0
 10
2980.489899405716
 20
7308.862809629549
 30
0.0
 10
2980.717306262285
 20
7308.346118886986
 30
0.0
 10
2981.271747258293
 20
7307.496111982901
 30
0.0
 10
2981.597337875128
 20
7307.164121980473
 30
0.0
 10
2982.267229602475
 20
7306.712276470697
 30
0.0
 10
2982.60856962788
 20
7306.590026021777
 30
0.0
 10
2983.28063224314
 20
7306.522995042548
 30
0.0
 10
2983.616628846674
 20
7306.57606316704
 30
0.0
 10
2984.293710144661
 20
7306.875554111751
 30
0.0
 10
2984.634169864018
 20
7307.12645944883
 30
0.0
 10
2985.250650320852
 20
7307.833053647856
 30
0.0
 10
2985.524171255765
 20
7308.287983448362
 30
0.0
 10
2985.932152033428
 20
7309.333991185579
 30
0.0
 10
2986.06624482114
 20
7309.923898539685
 30
0.0
 10
2986.162359950241
 20
7311.135856254256
 30
0.0
 10
2986.124376186748
 20
7311.757142499425
 30
0.0
 10
2985.885276638395
 20
7312.922209889006
 30
0.0
 10
2985.68421903302
 20
7313.465111104007
 30
0.0
 10
2985.168828281442
 20
7314.380706211391
 30
0.0
 10
2984.855505165417
 20
7314.752043494117
 30
0.0
 10
2984.195617870108
 20
7315.281808347096
 30
0.0
 10
2983.852297458952
 20
7315.441417572571
 30
0.0
 10
2983.388210098909
 20
7315.534482645746
 30
0.0
 10
2983.261463038516
 20
7315.547034850968
 30
0.0
 10
2983.134744195639
 20
7315.547034850968
 30
0.0
  0
CIRCLE
  5
462
102
{ACAD_REACTORS
330
A8F
102
}
330
1F
100
AcDbEntity
  8
furniture
100
AcDbCircle
 10
2983.134744195639
 20
7313.333963759029
 30
0.0
 40
1.3
  0
ARC
  5
463
102
{ACAD_REACTORS
330
A8F
102
}
330
1F
100
AcDbEntity
  8
furniture
100
AcDbCircle
 10
2986.134744195639
 20
7318.547034850968
 30
0.0
 40
1.0
100
AcDbArc
 50
0.0
 51
90.0
  0
ARC
  5
464
102
{ACAD_REACTORS
330
A8F
102
}
330
1F
100
AcDbEntity
  8
furniture
100
AcDbCircle
 10
2980.134744195639
 20
7318.547034850968
 30
0.0
 40
1.0
100
AcDbArc
 50
90.0
 51
180.0
  0
ARC
  5
465
102
{ACAD_REACTORS
330
A8F
102
}
330
1F
100
AcDbEntity
  8
furniture
100
AcDbCircle
 10
2980.134744195639
 20
7317.547034850967
 30
0.0
 40
1.0
100
AcDbArc
 50
180.0
 51
270.0
  0
ARC
  5
466
102
{ACAD_REACTORS
330
A8F
102
}
330
1F
100
AcDbEntity
  8
furniture
100
AcDbCircle
 10
2986.134744195639
 20
7317.547034850967
 30
0.0
 40
1.0
100
AcDbArc
 50
270.0
 51
0.0
  0
LWPOLYLINE
  5
467
102
{ACAD_REACTORS
330
A8F
102
}
330
1F
100
AcDbEntity
  8
furniture
100
AcDbPolyline
 90
        2
 70
     0
 43
0.0
 10
2987.134744195639
 20
7317.547034850967
 10
2987.134744195639
 20
7318.547034850968
  0
LINE
  5
469
330
1F
100
AcDbEntity
  8
furniture
100
AcDbLine
 10
2986.134531689934
 20
7311.047034850968
 30
0.0
 11
2986.134744195638
 21
7311.047034850969
 31
0.0
  0
LINE
  5
46A
330
1F
100
AcDbEntity
  8
furniture
100
AcDbLine
 10
2983.134744195639
 20
7306.547034850968
 30
0.0
 11
2983.134744195639
 21
7306.546854504311
 31
0.0
  0
LWPOLYLINE
  5
46C
330
1F
100
AcDbEntity
  8
furniture
100
AcDbPolyline
 90
        2
 70
     0
 43
0.0
 10
2979.134744195638
 20
7318.547034850968
 10
2979.134744195638
 20
7317.547034850967
  0
LWPOLYLINE
  5
46D
102
{ACAD_REACTORS
330
A8F
102
}
330
1F
100
AcDbEntity
  8
furniture
100
AcDbPolyline
 90
        2
 70
     0
 43
0.0
 10
2980.134744195639
 20
7314.684942903681
 10
2980.134744195639
 20
7316.547034850969
  0
LWPOLYLINE
  5
46E
102
{ACAD_REACTORS
330
A8F
102
}
330
1F
100
AcDbEntity
  8
furniture
100
AcDbPolyline
 90
        2
 70
     0
 43
0.0
 10
2986.134744195639
 20
7314.684942903681
 10
2986.134744195639
 20
7316.547034850969
  0
LWPOLYLINE
  5
470
330
1F
100
AcDbEntity
  8
wall
100
AcDbPolyline
 90
        4
 70
     0
 43
0.0
 10
2948.134744195639
 20
7319.547034850969
 10
2948.134744195639
 20
7299.547034850968
 10
2968.134744195639
 20
7299.547034850968
 10
2968.134744195639
 20
7304.547034850968
  0
LINE
  5
473
330
1F
100
AcDbEntity
  8
wall
100
AcDbLine
 10
2948.134744195639
 20
7298.547034850968
 30
0.0
 11
2969.134744195639
 21
7298.547034850968
 31
0.0
  0
LINE
  5
474
102
{ACAD_REACTORS
330
8B2
102
}
330
1F
100
AcDbEntity
  8
wall
100
AcDbLine
 10
2969.134744195639
 20
7298.547034850968
 30
0.0
 11
2969.134744195639
 21
7319.547034850969
 31
0.0
  0
LWPOLYLINE
  5
476
330
1F
100
AcDbEntity
  8
furniture
100
AcDbPolyline
 90
        2
 70
     0
 43
0.0
 10
2948.134744195639
 20
7299.547034850968
 10
2948.134744195639
 20
7298.547034850968
  0
LWPOLYLINE
  5
477
330
1F
100
AcDbEntity
  8
furniture
100
AcDbPolyline
 90
        2
 70
     0
 43
0.0
 10
2968.134744195639
 20
7319.547034850969
 10
2969.134744195639
 20
7319.547034850969
  0
LWPOLYLINE
  5
69A
330
1F
100
AcDbEntity
  8
0
  6
Continuous
 62
     8
100
AcDbPolyline
 90
        8
 70
     0
 43
0.0
 10
2957.163276926292
 20
7318.087711455383
 10
2957.16483109366
 20
7318.088475969402
 10
2957.176456860747
 20
7318.093194769551
 10
2957.188449674923
 20
7318.097115060422
 10
2957.200618635328
 20
7318.100174211432
 10
2957.212900108338
 20
7318.102351345709
 10
2957.225357727569
 20
7318.103667340134
 10
2957.237991493031
 20
7318.104122194689
  0
LWPOLYLINE
  5
69C
102
{ACAD_REACTORS
330
89C
102
}
330
1F
100
AcDbEntity
  8
furniture
  6
ACAD_ISO02W100
 62
     6
100
AcDbPolyline
 90
        6
 70
     0
 43
0.0
 10
2957.88797591784
 20
7308.138406093892
 10
2957.894202297874
 20
7308.138465444696
 10
2957.901630539712
 20
7308.138762943315
 10
2957.90904671505
 20
7308.139287414256
 10
2957.916444078559
 20
7308.140035696272
 10
2957.92381585421
 20
7308.141006361383
  0
LWPOLYLINE
  5
69D
102
{ACAD_REACTORS
330
89C
102
}
330
1F
100
AcDbEntity
  8
furniture
  6
ACAD_ISO02W100
 62
     6
100
AcDbPolyline
 90
       10
 70
     0
 43
0.0
 10
2957.887975572726
 20
7308.140442886564
 10
2957.892034998329
 20
7308.140243444602
 10
2957.896074456367
 20
7308.140111358254
 10
2957.900092763157
 20
7308.140045475849
 10
2957.904084618345
 20
7308.140044447835
 10
2957.908053073418
 20
7308.140107144369
 10
2957.912009535382
 20
7308.140233329331
 10
2957.915957120405
 20
7308.140422787244
 10
2957.919890649964
 20
7308.140674650861
 10
2957.923809122492
 20
7308.140988288826
  0
LINE
  5
6A0
102
{ACAD_REACTORS
330
89C
102
}
330
1F
100
AcDbEntity
  8
furniture
  6
ACAD_ISO02W100
 62
     6
100
AcDbLine
 10
2957.697145934062
 20
7318.28323392045
 30
0.0
 11
2957.698056362834
 21
7318.28384695353
 31
0.0
  0
LINE
  5
6A1
102
{ACAD_REACTORS
330
89C
102
}
330
1F
100
AcDbEntity
  8
furniture
  6
ACAD_ISO02W100
 62
     6
100
AcDbLine
 10
2957.698056362834
 20
7318.28384695353
 30
0.0
 11
2957.700096847925
 21
7318.285203953585
 31
0.0
  0
LINE
  5
6A2
102
{ACAD_REACTORS
330
89C
102
}
330
1F
100
AcDbEntity
  8
furniture
  6
ACAD_ISO02W100
 62
     6
100
AcDbLine
 10
2957.697086084288
 20
7318.283194357636
 30
0.0
 11
2957.697145934062
 21
7318.28323392045
 31
0.0
  0
LINE
  5
6A3
102
{ACAD_REACTORS
330
89C
102
}
330
1F
100
AcDbEntity
  8
furniture
  6
ACAD_ISO02W100
 62
     6
100
AcDbLine
 10
2957.700096847925
 20
7318.285203953585
 30
0.0
 11
2957.702110954624
 21
7318.286524137082
 31
0.0
  0
LWPOLYLINE
  5
6A4
102
{ACAD_REACTORS
330
89C
102
}
330
1F
100
AcDbEntity
  8
furniture
  6
ACAD_ISO02W100
 62
     6
100
AcDbPolyline
 90
       48
 70
     0
 43
0.0
 10
2957.702110954624
 20
7318.286524137082
 10
2957.704669530917
 20
7318.288174770299
 10
2957.706160444411
 20
7318.289121501546
 10
2957.707796747693
 20
7318.290149498887
 10
2957.709580287874
 20
7318.291257721816
 10
2957.711514874489
 20
7318.292440896306
 10
2957.713604020167
 20
7318.293700892666
 10
2957.715848817397
 20
7318.295035840586
 10
2957.718249219258
 20
7318.296434855061
 10
2957.720807513542
 20
7318.297899737283
 10
2957.723524265512
 20
7318.299428686067
 10
2957.726395523911
 20
7318.301005412831
 10
2957.729422670322
 20
7318.30263166378
 10
2957.732604644101
 20
7318.304305692719
 10
2957.735931688644
 20
7318.30600597248
 10
2957.739402442739
 20
7318.307733147986
 10
2957.743015106372
 20
7318.309486574309
 10
2957.746756741212
 20
7318.31124278958
 10
2957.750624399478
 20
7318.313001708528
 10
2957.754614737174
 20
7318.314763416413
 10
2957.758711840194
 20
7318.316504707141
 10
2957.762909940612
 20
7318.318224273536
 10
2957.767205794464
 20
7318.31992342277
 10
2957.771585458561
 20
7318.321582870301
 10
2957.776042480242
 20
7318.323201049908
 10
2957.780572927956
 20
7318.324779527817
 10
2957.785165648608
 20
7318.326303718146
 10
2957.78981391731
 20
7318.327772053746
 10
2957.794513691795
 20
7318.329186101767
 10
2957.799257493025
 20
7318.330535977768
 10
2957.80403896326
 20
7318.331820389648
 10
2957.808854046658
 20
7318.33304062952
 10
2957.81369880708
 20
7318.334190689187
 10
2957.818567210195
 20
7318.335269586684
 10
2957.823455617628
 20
7318.33627830398
 10
2957.828364035405
 20
7318.337213778892
 10
2957.833287407665
 20
7318.338075457886
 10
2957.838222039811
 20
7318.338863894497
 10
2957.843170417692
 20
7318.339577687099
 10
2957.848129162475
 20
7318.34021660861
 10
2957.853093737642
 20
7318.340780886116
 10
2957.858065233089
 20
7318.341269799318
 10
2957.863040170372
 20
7318.341683072318
 10
2957.86801466145
 20
7318.342020981013
 10
2957.872989388729
 20
7318.34228363283
 10
2957.877962272831
 20
7318.342471063568
 10
2957.882928430845
 20
7318.342583237425
 10
2957.887884452059
 20
7318.342620154405
  0
LINE
  5
6A5
102
{ACAD_REACTORS
330
89C
102
}
330
1F
100
AcDbEntity
  8
furniture
  6
ACAD_ISO02W100
 62
     6
100
AcDbLine
 10
2957.499950992531
 20
7317.863620044336
 30
0.0
 11
2957.510402276869
 21
7317.869362273924
 31
0.0
  0
LINE
  5
6A6
102
{ACAD_REACTORS
330
89C
102
}
330
1F
100
AcDbEntity
  8
furniture
  6
ACAD_ISO02W100
 62
     6
100
AcDbLine
 10
2958.137480829505
 20
7318.213896840332
 30
0.0
 11
2958.147932107785
 21
7318.219639066589
 31
0.0
  0
LWPOLYLINE
  5
6A7
102
{ACAD_REACTORS
330
89C
102
}
330
1F
100
AcDbEntity
  8
furniture
  6
ACAD_ISO02W100
 62
     6
100
AcDbPolyline
 90
        9
 70
     0
 43
0.0
 10
2957.784728899275
 20
7308.170325856588
 10
2957.788676854684
 20
7308.168073735412
 10
2957.801819026723
 20
7308.161612005044
 10
2957.815318534993
 20
7308.155971772837
 10
2957.829160458233
 20
7308.151157434768
 10
2957.843386669459
 20
7308.147166140718
 10
2957.85798094322
 20
7308.144025462592
 10
2957.872861821201
 20
7308.141775160343
 10
2957.887975572726
 20
7308.140442886564
  0
LINE
  5
6A8
102
{ACAD_REACTORS
330
89C
102
}
330
1F
100
AcDbEntity
  8
furniture
  6
ACAD_ISO02W100
 62
     6
100
AcDbLine
 10
2957.759488472397
 20
7308.174362486454
 30
0.0
 11
2957.753182706918
 21
7308.178331806797
 31
0.0
  0
LINE
  5
6A9
102
{ACAD_REACTORS
330
89C
102
}
330
1F
100
AcDbEntity
  8
furniture
  6
ACAD_ISO02W100
 62
     6
100
AcDbLine
 10
2957.753182706918
 20
7308.178331806797
 30
0.0
 11
2957.746999141244
 21
7308.182489010244
 31
0.0
  0
LWPOLYLINE
  5
6AA
102
{ACAD_REACTORS
330
89C
102
}
330
1F
100
AcDbEntity
  8
furniture
  6
ACAD_ISO02W100
 62
     6
100
AcDbPolyline
 90
       19
 70
     0
 43
0.0
 10
2957.759486045704
 20
7308.174359310846
 10
2957.747877593084
 20
7308.182198783881
 10
2957.736747040481
 20
7308.190671080177
 10
2957.726128507048
 20
7308.199747144702
 10
2957.716053883374
 20
7308.209396723443
 10
2957.706554214909
 20
7308.219586670708
 10
2957.697659251305
 20
7308.230280810436
 10
2957.689402705789
 20
7308.241428922888
 10
2957.681799459886
 20
7308.253007422502
 10
2957.674854657696
 20
7308.265021209949
 10
2957.668587048227
 20
7308.277460121806
 10
2957.663033088984
 20
7308.290259742628
 10
2957.658222339579
 20
7308.303342678183
 10
2957.654170702324
 20
7308.316654759498
 10
2957.650887120616
 20
7308.330163411278
 10
2957.648380181558
 20
7308.343821090632
 10
2957.646655788022
 20
7308.357582271142
 10
2957.645717809157
 20
7308.371403490956
 10
2957.645567407526
 20
7308.385240060657
  0
LINE
  5
6AF
102
{ACAD_REACTORS
330
89C
102
}
330
1F
100
AcDbEntity
  8
furniture
  6
ACAD_ISO02W100
 62
     6
100
AcDbLine
 10
2958.198391838721
 20
7318.606760301155
 30
0.0
 11
2958.205522184104
 21
7318.612761831362
 31
0.0
  0
LINE
  5
6B0
102
{ACAD_REACTORS
330
89C
102
}
330
1F
100
AcDbEntity
  8
furniture
  6
ACAD_ISO02W100
 62
     6
100
AcDbLine
 10
2958.191299004751
 20
7318.600881163712
 30
0.0
 11
2958.198391838721
 21
7318.606760301155
 31
0.0
  0
LINE
  5
6B1
102
{ACAD_REACTORS
330
89C
102
}
330
1F
100
AcDbEntity
  8
furniture
  6
ACAD_ISO02W100
 62
     6
100
AcDbLine
 10
2958.186006901703
 20
7318.596558876437
 30
0.0
 11
2958.191299004751
 21
7318.600881163712
 31
0.0
  0
LWPOLYLINE
  5
6B2
102
{ACAD_REACTORS
330
89C
102
}
330
1F
100
AcDbEntity
  8
furniture
  6
ACAD_ISO02W100
 62
     6
100
AcDbPolyline
 90
        6
 70
     0
 43
0.0
 10
2957.630487899301
 20
7317.627580636792
 10
2957.630577805647
 20
7317.62764482859
 10
2957.630774742618
 20
7317.627882337244
 10
2957.631084228692
 20
7317.628271394656
 10
2957.631530408354
 20
7317.628788989773
 10
2957.632108163365
 20
7317.629437970277
  0
LINE
  5
6B3
102
{ACAD_REACTORS
330
89C
102
}
330
1F
100
AcDbEntity
  8
furniture
  6
ACAD_ISO02W100
 62
     6
100
AcDbLine
 10
2957.638288057722
 20
7317.636600654559
 30
0.0
 11
2957.627836773392
 21
7317.630858424973
 31
0.0
  0
LINE
  5
6B4
102
{ACAD_REACTORS
330
89C
102
}
330
1F
100
AcDbEntity
  8
furniture
  6
ACAD_ISO02W100
 62
     6
100
AcDbLine
 10
2958.275817903344
 20
7317.986877420472
 30
0.0
 11
2958.265366625064
 21
7317.981135194208
 31
0.0
  0
LWPOLYLINE
  5
6C0
102
{ACAD_REACTORS
330
89C
102
}
330
1F
100
AcDbEntity
  8
furniture
  6
ACAD_ISO02W100
 62
     6
100
AcDbPolyline
 90
        7
 70
     0
 43
0.0
 10
2957.632108163365
 20
7317.629437970277
 10
2957.633534631977
 20
7317.631116752216
 10
2957.634391019002
 20
7317.632084548103
 10
2957.635303230004
 20
7317.633147705736
 10
2957.636253013453
 20
7317.634288194203
 10
2957.637249935903
 20
7317.635451850012
 10
2957.638287998749
 20
7317.636600706648
  0
LWPOLYLINE
  5
6C1
102
{ACAD_REACTORS
330
89C
102
}
330
1F
100
AcDbEntity
  8
furniture
  6
ACAD_ISO02W100
 62
     6
100
AcDbPolyline
 90
        7
 70
     0
 43
0.0
 10
2958.142805108177
 20
7318.220050022161
 10
2958.141492076883
 20
7318.21854692359
 10
2958.140770782932
 20
7318.217698553633
 10
2958.139993508692
 20
7318.216803265619
 10
2958.139165648963
 20
7318.215870722514
 10
2958.138320886201
 20
7318.214899983285
 10
2958.137480858061
 20
7318.213896801241
  0
LINE
  5
6C2
102
{ACAD_REACTORS
330
89C
102
}
330
1F
100
AcDbEntity
  8
furniture
  6
ACAD_ISO02W100
 62
     6
100
AcDbLine
 10
2960.183814192176
 20
7315.125137302363
 30
0.0
 11
2960.417830439998
 21
7315.307970833159
 31
0.0
  0
LINE
  5
6C4
102
{ACAD_REACTORS
330
89C
102
}
330
1F
100
AcDbEntity
  8
furniture
  6
ACAD_ISO02W100
 62
     6
100
AcDbLine
 10
2958.126382411774
 20
7309.577820134869
 30
0.0
 11
2957.649386492344
 21
7309.577820134869
 31
0.0
  0
LWPOLYLINE
  5
6CD
102
{ACAD_REACTORS
330
89C
102
}
330
1F
100
AcDbEntity
  8
furniture
  6
ACAD_ISO02W100
 62
     6
100
AcDbPolyline
 90
        3
 70
     0
 43
0.0
 10
2958.39181907125
 20
7317.974916610911
 10
2958.391911571762
 20
7317.975059077356
 10
2958.39230856626
 20
7317.975333296444
  0
LWPOLYLINE
  5
6CE
102
{ACAD_REACTORS
330
89C
102
}
330
1F
100
AcDbEntity
  8
furniture
  6
ACAD_ISO02W100
 62
     6
100
AcDbPolyline
 90
        4
 70
     0
 43
0.0
 10
2958.407114643729
 20
7317.87559809606
 10
2958.406993517675
 20
7317.875413046845
 10
2958.406804498956
 20
7317.875226415839
 10
2958.40661519
 20
7317.875164153363
  0
LWPOLYLINE
  5
6CF
102
{ACAD_REACTORS
330
89C
102
}
330
1F
100
AcDbEntity
  8
furniture
  6
ACAD_ISO02W100
 62
     6
100
AcDbPolyline
 90
       13
 70
     0
 43
0.0
 10
2958.551588056776
 20
7316.076749513216
 10
2958.533500447297
 20
7316.068010858656
 10
2958.516044465323
 20
7316.05904025963
 10
2958.499642377514
 20
7316.050109106408
 10
2958.483859662259
 20
7316.041026628934
 10
2958.467636596751
 20
7316.031153243692
 10
2958.450412521272
 20
7316.020021070241
 10
2958.433198759803
 20
7316.00815680331
 10
2958.41724140829
 20
7315.996415178073
 10
2958.402818967715
 20
7315.985096512931
 10
2958.389595191961
 20
7315.974030675739
 10
2958.377647760673
 20
7315.96336124487
 10
2958.366963565524
 20
7315.953164586098
  0
LWPOLYLINE
  5
6D0
102
{ACAD_REACTORS
330
89C
102
}
330
1F
100
AcDbEntity
  8
furniture
  6
ACAD_ISO02W100
 62
     6
100
AcDbPolyline
 90
       15
 70
     0
 43
0.0
 10
2958.568890288872
 20
7316.082913146742
 10
2958.550152469283
 20
7316.074467742443
 10
2958.532002022945
 20
7316.065722278622
 10
2958.514484841671
 20
7316.056745882052
 10
2958.49802570181
 20
7316.047810861968
 10
2958.482187246474
 20
7316.038725693626
 10
2958.46590196518
 20
7316.028848289462
 10
2958.448605023612
 20
7316.01770939265
 10
2958.431314474721
 20
7316.005837738723
 10
2958.415284762713
 20
7315.994090605373
 10
2958.400794038192
 20
7315.982767062948
 10
2958.387506934624
 20
7315.971698638508
 10
2958.375508218435
 20
7315.961035148153
 10
2958.364785035691
 20
7315.95085453135
 10
2958.359383582275
 20
7315.945411329185
  0
LINE
  5
6D6
102
{ACAD_REACTORS
330
89C
102
}
330
1F
100
AcDbEntity
  8
furniture
  6
ACAD_ISO02W100
 62
     6
100
AcDbLine
 10
2957.933233124816
 20
7318.159375146243
 30
0.0
 11
2957.94248735045
 21
7318.181716823286
 31
0.0
  0
LINE
  5
6D7
102
{ACAD_REACTORS
330
89C
102
}
330
1F
100
AcDbEntity
  8
furniture
  6
ACAD_ISO02W100
 62
     6
100
AcDbLine
 10
2958.030656341098
 20
7318.14528551519
 30
0.0
 11
2958.021372960528
 21
7318.122873451914
 31
0.0
  0
LWPOLYLINE
  5
6D8
102
{ACAD_REACTORS
330
89C
102
}
330
1F
100
AcDbEntity
  8
furniture
  6
ACAD_ISO02W100
 62
     6
100
AcDbPolyline
 90
        9
 70
     0
 43
0.0
 10
2958.145280672917
 20
7318.222917100023
 10
2958.145252446055
 20
7318.222855616966
 10
2958.145127189605
 20
7318.222717074647
 10
2958.144919643203
 20
7318.22249707955
 10
2958.144644544012
 20
7318.222179263003
 10
2958.144295386941
 20
7318.221764127436
 10
2958.14385942144
 20
7318.2212738321
 10
2958.143359235354
 20
7318.220705292858
 10
2958.142805108177
 20
7318.220050022161
  0
LINE
  5
6D9
102
{ACAD_REACTORS
330
89C
102
}
330
1F
100
AcDbEntity
  8
furniture
  6
ACAD_ISO02W100
 62
     6
100
AcDbLine
 10
2958.391821334302
 20
7317.974916588858
 30
0.0
 11
2958.388730167462
 21
7317.969613577239
 31
0.0
  0
LINE
  5
6DA
102
{ACAD_REACTORS
330
89C
102
}
330
1F
100
AcDbEntity
  8
furniture
  6
ACAD_ISO02W100
 62
     6
100
AcDbLine
 10
2958.407114361666
 20
7317.87559809886
 30
0.0
 11
2958.414917243439
 21
7317.888953452268
 31
0.0
  0
LINE
  5
6DB
102
{ACAD_REACTORS
330
89C
102
}
330
1F
100
AcDbEntity
  8
furniture
  6
ACAD_ISO02W100
 62
     6
100
AcDbLine
 10
2958.414917243439
 20
7317.973617811306
 30
0.0
 11
2958.405879358143
 21
7317.9581708522
 31
0.0
  0
LINE
  5
6DC
102
{ACAD_REACTORS
330
89C
102
}
330
1F
100
AcDbEntity
  8
furniture
  6
ACAD_ISO02W100
 62
     6
100
AcDbLine
 10
2958.388730167462
 20
7317.884962239434
 30
0.0
 11
2958.393501499856
 21
7317.893096795096
 31
0.0
  0
LINE
  5
6DD
102
{ACAD_REACTORS
330
89C
102
}
330
1F
100
AcDbEntity
  8
furniture
  6
ACAD_ISO02W100
 62
     6
100
AcDbLine
 10
2958.405879358143
 20
7317.9581708522
 30
0.0
 11
2958.405426740373
 21
7317.957402741441
 31
0.0
  0
LINE
  5
6DE
102
{ACAD_REACTORS
330
89C
102
}
330
1F
100
AcDbEntity
  8
furniture
  6
ACAD_ISO02W100
 62
     6
100
AcDbLine
 10
2958.355256788001
 20
7315.941167828208
 30
0.0
 11
2958.346873665783
 21
7315.932010233886
 31
0.0
  0
LINE
  5
6DF
102
{ACAD_REACTORS
330
89C
102
}
330
1F
100
AcDbEntity
  8
furniture
  6
ACAD_ISO02W100
 62
     6
100
AcDbLine
 10
2958.359355416198
 20
7315.945441649851
 30
0.0
 11
2958.355256788001
 21
7315.941167828208
 31
0.0
  0
LINE
  5
6E0
102
{ACAD_REACTORS
330
89C
102
}
330
1F
100
AcDbEntity
  8
furniture
  6
ACAD_ISO02W100
 62
     6
100
AcDbLine
 10
2958.357592995974
 20
7315.943606903141
 30
0.0
 11
2958.34773030448
 21
7315.933530592538
 31
0.0
  0
LINE
  5
6E1
102
{ACAD_REACTORS
330
89C
102
}
330
1F
100
AcDbEntity
  8
furniture
  6
ACAD_ISO02W100
 62
     6
100
AcDbLine
 10
2958.366963565524
 20
7315.953164586098
 30
0.0
 11
2958.357592995974
 21
7315.943606903141
 31
0.0
  0
LWPOLYLINE
  5
6E2
102
{ACAD_REACTORS
330
89C
102
}
330
1F
100
AcDbEntity
  8
furniture
  6
ACAD_ISO02W100
 62
     6
100
AcDbPolyline
 90
       11
 70
     0
 43
0.0
 10
2958.34773030448
 20
7315.933530592538
 10
2958.335264193678
 20
7315.921136384476
 10
2958.32209225684
 20
7315.908406482991
 10
2958.308169563205
 20
7315.895308088818
 10
2958.293505625988
 20
7315.881865777495
 10
2958.278162238421
 20
7315.868146756308
 10
2958.262160602098
 20
7315.8541761353
 10
2958.2454776591
 20
7315.839937793717
 10
2958.228117598117
 20
7315.825437427242
 10
2958.210090640428
 20
7315.810682864967
 10
2958.196680168058
 20
7315.799886113447
  0
LINE
  5
6E3
102
{ACAD_REACTORS
330
89C
102
}
330
1F
100
AcDbEntity
  8
furniture
  6
ACAD_ISO02W100
 62
     6
100
AcDbLine
 10
2958.196680168058
 20
7315.799886113447
 30
0.0
 11
2958.176101949269
 21
7315.78354818899
 31
0.0
  0
LINE
  5
6E4
102
{ACAD_REACTORS
330
89C
102
}
330
1F
100
AcDbEntity
  8
furniture
  6
ACAD_ISO02W100
 62
     6
100
AcDbLine
 10
2958.169558854376
 20
7315.778396463338
 30
0.0
 11
2958.190015751445
 21
7315.79456932904
 31
0.0
  0
LINE
  5
6E5
102
{ACAD_REACTORS
330
89C
102
}
330
1F
100
AcDbEntity
  8
furniture
  6
ACAD_ISO02W100
 62
     6
100
AcDbLine
 10
2958.139345220366
 20
7315.754817699986
 30
0.0
 11
2958.176101949269
 21
7315.78354818899
 31
0.0
  0
LINE
  5
6E6
102
{ACAD_REACTORS
330
89C
102
}
330
1F
100
AcDbEntity
  8
furniture
  6
ACAD_ISO02W100
 62
     6
100
AcDbLine
 10
2958.126382411774
 20
7315.744791070613
 30
0.0
 11
2958.151953457452
 21
7315.764627853957
 31
0.0
  0
LINE
  5
6E7
102
{ACAD_REACTORS
330
89C
102
}
330
1F
100
AcDbEntity
  8
furniture
  6
ACAD_ISO02W100
 62
     6
100
AcDbLine
 10
2957.649386492344
 20
7314.6392879583
 30
0.0
 11
2957.643627336326
 21
7314.637616404948
 31
0.0
  0
LINE
  5
6EB
102
{ACAD_REACTORS
330
89C
102
}
330
1F
100
AcDbEntity
  8
furniture
  6
ACAD_ISO02W100
 62
     6
100
AcDbLine
 10
2956.766944041398
 20
7317.460179369041
 30
0.0
 11
2956.766944041398
 21
7318.390312704306
 31
0.0
  0
LINE
  5
6EC
102
{ACAD_REACTORS
330
89C
102
}
330
1F
100
AcDbEntity
  8
furniture
  6
ACAD_ISO02W100
 62
     6
100
AcDbLine
 10
2956.778868939383
 20
7317.448252805474
 30
0.0
 11
2956.778868939383
 21
7318.402233615003
 31
0.0
  0
LWPOLYLINE
  5
6EE
102
{ACAD_REACTORS
330
89C
102
}
330
1F
100
AcDbEntity
  8
furniture
  6
ACAD_ISO02W100
 62
     6
100
AcDbPolyline
 90
       23
 70
     0
 43
0.0
 10
2957.649386492344
 20
7315.185742917056
 10
2957.64828696215
 20
7315.182980986275
 10
2957.638520510314
 20
7315.155947886198
 10
2957.62973636241
 20
7315.128948913289
 10
2957.621962514775
 20
7315.102032152534
 10
2957.615180381358
 20
7315.075227122732
 10
2957.609364399249
 20
7315.048535226168
 10
2957.604531580348
 20
7315.021960599697
 10
2957.600656781843
 20
7314.995515394905
 10
2957.597717124066
 20
7314.96921015389
 10
2957.595734966394
 20
7314.94304321421
 10
2957.594676266987
 20
7314.917011366204
 10
2957.594519965067
 20
7314.891130043172
 10
2957.595305522651
 20
7314.865420715385
 10
2957.596984383445
 20
7314.83990752153
 10
2957.59953486173
 20
7314.814564636326
 10
2957.603033125897
 20
7314.789329049725
 10
2957.607406120422
 20
7314.764215462621
 10
2957.612641584227
 20
7314.739181469035
 10
2957.618908695323
 20
7314.714058574357
 10
2957.626233248108
 20
7314.688760752564
 10
2957.634491852593
 20
7314.66329564718
 10
2957.643627880808
 20
7314.63761817733
  0
LWPOLYLINE
  5
6EF
102
{ACAD_REACTORS
330
89C
102
}
330
1F
100
AcDbEntity
  8
furniture
  6
ACAD_ISO02W100
 62
     6
100
AcDbPolyline
 90
       25
 70
     0
 43
0.0
 10
2957.649386492344
 20
7315.200104390611
 10
2957.645435109289
 20
7315.190666295373
 10
2957.635731640631
 20
7315.165420086756
 10
2957.626897038054
 20
7315.140209416163
 10
2957.618936935914
 20
7315.115090520484
 10
2957.611830740596
 20
7315.090040668255
 10
2957.605560521896
 20
7315.06502752009
 10
2957.600124780972
 20
7315.040070142106
 10
2957.595520118497
 20
7315.01518007917
 10
2957.591735359473
 20
7314.990313265929
 10
2957.58877072751
 20
7314.96548536211
 10
2957.586625138276
 20
7314.9407117576
 10
2957.585294979991
 20
7314.915947815738
 10
2957.584784337264
 20
7314.891209520066
 10
2957.585096766856
 20
7314.866511913939
 10
2957.586239195122
 20
7314.841809404097
 10
2957.588220107787
 20
7314.817118571266
 10
2957.59104657793
 20
7314.79245701169
 10
2957.594732341275
 20
7314.767781719512
 10
2957.599285270331
 20
7314.743110356859
 10
2957.604710619566
 20
7314.718462122243
 10
2957.61102584858
 20
7314.693797398618
 10
2957.61824009132
 20
7314.669116549089
 10
2957.626344907869
 20
7314.644458259057
 10
2957.634521459602
 20
7314.621952066956
  0
LWPOLYLINE
  5
6F0
102
{ACAD_REACTORS
330
89C
102
}
330
1F
100
AcDbEntity
  8
furniture
  6
ACAD_ISO02W100
 62
     6
100
AcDbPolyline
 90
       17
 70
     0
 43
0.0
 10
2957.643627104378
 20
7314.63761632014
 10
2957.642472820769
 20
7314.636929793213
 10
2957.64137008788
 20
7314.636194735617
 10
2957.640325163439
 20
7314.635415344239
 10
2957.639343958164
 20
7314.634596060085
 10
2957.638432051524
 20
7314.633741560183
 10
2957.637594650104
 20
7314.632856735503
 10
2957.636836561619
 20
7314.631946724723
 10
2957.636161966848
 20
7314.63101661987
 10
2957.635574516967
 20
7314.630071441126
 10
2957.635077437731
 20
7314.629116231381
 10
2957.634673810271
 20
7314.628156740305
 10
2957.634366165829
 20
7314.62719912472
 10
2957.634156146506
 20
7314.626249187785
 10
2957.634044632833
 20
7314.625311928946
 10
2957.634032100331
 20
7314.624392235784
 10
2957.634118643918
 20
7314.623494863886
  0
LINE
  5
6F1
102
{ACAD_REACTORS
330
89C
102
}
330
1F
100
AcDbEntity
  8
furniture
  6
ACAD_ISO02W100
 62
     6
100
AcDbLine
 10
2957.14255707751
 20
7319.320149631797
 30
0.0
 11
2957.136615878956
 21
7319.547034850969
 31
0.0
  0
LINE
  5
6F2
102
{ACAD_REACTORS
330
89C
102
}
330
1F
100
AcDbEntity
  8
furniture
  6
ACAD_ISO02W100
 62
     6
100
AcDbLine
 10
2957.298050580246
 20
7317.75830081197
 30
0.0
 11
2957.298050447768
 21
7317.746375279388
 31
0.0
  0
LINE
  5
6F3
330
1F
100
AcDbEntity
  8
0
  6
Continuous
 62
     8
100
AcDbLine
 10
2957.298050446846
 20
7318.104122174752
 30
0.0
 11
2957.298050568774
 21
7318.092196641647
 31
0.0
  0
LWPOLYLINE
  5
6F4
102
{ACAD_REACTORS
330
89C
102
}
330
1F
100
AcDbEntity
  8
furniture
  6
ACAD_ISO02W100
 62
     6
100
AcDbPolyline
 90
       14
 70
     0
 43
0.0
 10
2957.634857916934
 20
7314.624723347924
 10
2957.635071633136
 20
7314.625612673729
 10
2957.635378395531
 20
7314.626529326438
 10
2957.635777249272
 20
7314.627456833715
 10
2957.636265733041
 20
7314.628384605111
 10
2957.636841374746
 20
7314.629305946278
 10
2957.637503070298
 20
7314.630217376239
 10
2957.638247823377
 20
7314.631113054843
 10
2957.639071234364
 20
7314.631986546569
 10
2957.639970688985
 20
7314.632834035203
 10
2957.640945684441
 20
7314.633653320398
 10
2957.641993511959
 20
7314.634439844796
 10
2957.643108395667
 20
7314.635187122473
 10
2957.6442850855
 20
7314.635889731038
  0
LINE
  5
6F6
102
{ACAD_REACTORS
330
89C
102
}
330
1F
100
AcDbEntity
  8
furniture
  6
ACAD_ISO02W100
 62
     6
100
AcDbLine
 10
2957.589762002415
 20
7318.485718930235
 30
0.0
 11
2957.589762002415
 21
7319.308536891252
 31
0.0
  0
LINE
  5
6F7
102
{ACAD_REACTORS
330
89C
102
}
330
1F
100
AcDbEntity
  8
furniture
  6
ACAD_ISO02W100
 62
     6
100
AcDbLine
 10
2957.613611798386
 20
7318.402244644333
 30
0.0
 11
2957.613611798386
 21
7318.485718930235
 31
0.0
  0
LINE
  5
6F8
102
{ACAD_REACTORS
330
89C
102
}
330
1F
100
AcDbEntity
  8
furniture
  6
ACAD_ISO02W100
 62
     6
100
AcDbLine
 10
2957.649386492344
 20
7317.925248724903
 30
0.0
 11
2957.649386492344
 21
7308.385330336292
 31
0.0
  0
LINE
  5
6F9
102
{ACAD_REACTORS
330
89C
102
}
330
1F
100
AcDbEntity
  8
furniture
  6
ACAD_ISO02W100
 62
     6
100
AcDbLine
 10
2957.697086084288
 20
7318.485718930235
 30
0.0
 11
2957.697086084288
 21
7318.283194357636
 31
0.0
  0
LINE
  5
6FA
102
{ACAD_REACTORS
330
89C
102
}
330
1F
100
AcDbEntity
  8
furniture
  6
ACAD_ISO02W100
 62
     6
100
AcDbLine
 10
2957.887884452059
 20
7318.342620154159
 30
0.0
 11
2957.887884452059
 21
7318.318770358394
 31
0.0
  0
LWPOLYLINE
  5
6FB
102
{ACAD_REACTORS
330
89C
102
}
330
1F
100
AcDbEntity
  8
furniture
  6
ACAD_ISO02W100
 62
     6
100
AcDbPolyline
 90
       13
 70
     0
 43
0.0
 10
2957.697086084319
 20
7318.283194357397
 10
2957.69699886808
 20
7318.281156571427
 10
2957.69673611246
 20
7318.279123604014
 10
2957.696299624355
 20
7318.277120207415
 10
2957.695700890674
 20
7318.275184712752
 10
2957.694948163686
 20
7318.273324847095
 10
2957.694033019944
 20
7318.271519224913
 10
2957.692956891973
 20
7318.269781283341
 10
2957.691733838255
 20
7318.268139344614
 10
2957.690363852806
 20
7318.266597390878
 10
2957.688855054698
 20
7318.265170292957
 10
2957.687228026792
 20
7318.263880009981
 10
2957.685501897689
 20
7318.262740321419
  0
LWPOLYLINE
  5
6FC
102
{ACAD_REACTORS
330
89C
102
}
330
1F
100
AcDbEntity
  8
furniture
  6
ACAD_ISO02W100
 62
     6
100
AcDbPolyline
 90
        4
 70
     0
 43
0.0
 10
2957.645567407558
 20
7308.385239969273
 10
2957.646224518313
 20
7308.399121304873
 10
2957.647677047105
 20
7308.412942616563
 10
2957.649386492344
 20
7308.423390420627
  0
LWPOLYLINE
  5
6FD
102
{ACAD_REACTORS
330
89C
102
}
330
1F
100
AcDbEntity
  8
furniture
  6
ACAD_ISO02W100
 62
     6
100
AcDbPolyline
 90
        3
 70
     0
 43
0.0
 10
2957.634688180798
 20
7314.622978179433
 10
2957.634730855286
 20
7314.623853549426
 10
2957.634857916934
 20
7314.624723347924
  0
LWPOLYLINE
  5
6FE
102
{ACAD_REACTORS
330
89C
102
}
330
1F
100
AcDbEntity
  8
furniture
  6
ACAD_ISO02W100
 62
     6
100
AcDbPolyline
 90
       30
 70
     0
 43
0.0
 10
2959.481923641777
 20
7314.055266931315
 10
2959.512420645254
 20
7314.067921005165
 10
2959.542493919414
 20
7314.08116372865
 10
2959.572125352977
 20
7314.09498744968
 10
2959.601292006741
 20
7314.109381810832
 10
2959.629966364267
 20
7314.124333180018
 10
2959.658124600242
 20
7314.139828579865
 10
2959.685752440803
 20
7314.155859608206
 10
2959.712837278925
 20
7314.172418895601
 10
2959.739362840333
 20
7314.189496855274
 10
2959.765308508961
 20
7314.207080602961
 10
2959.790655453439
 20
7314.225157620689
 10
2959.815386346392
 20
7314.24371576741
 10
2959.839484172577
 20
7314.262742515885
 10
2959.862931351279
 20
7314.282224184599
 10
2959.885714401382
 20
7314.30214990123
 10
2959.907815001468
 20
7314.322504000315
 10
2959.929209865358
 20
7314.343264632383
 10
2959.949880421772
 20
7314.36441237018
 10
2959.969818325991
 20
7314.385937241191
 10
2959.989016507435
 20
7314.407831088452
 10
2960.007464042063
 20
7314.430081704113
 10
2960.025146050217
 20
7314.452671419964
 10
2960.042049699577
 20
7314.47558382652
 10
2960.058163568366
 20
7314.498803350834
 10
2960.073476696671
 20
7314.522314120516
 10
2960.087977949898
 20
7314.546098848665
 10
2960.101657356582
 20
7314.57014082335
 10
2960.114505984252
 20
7314.594423977308
 10
2960.12651519858
 20
7314.618931656244
  0
LWPOLYLINE
  5
6FF
102
{ACAD_REACTORS
330
89C
102
}
330
1F
100
AcDbEntity
  8
furniture
  6
ACAD_ISO02W100
 62
     6
100
AcDbPolyline
 90
       30
 70
     0
 43
0.0
 10
2959.476943914986
 20
7314.077707166281
 10
2959.507216788335
 20
7314.090243322637
 10
2959.53706660401
 20
7314.103360986712
 10
2959.566472770432
 20
7314.117051142826
 10
2959.595414948811
 20
7314.131304356044
 10
2959.623869467844
 20
7314.146108847542
 10
2959.651810794592
 20
7314.161450787378
 10
2959.679226136404
 20
7314.177322596162
 10
2959.706110816624
 20
7314.193721935542
 10
2959.732454243507
 20
7314.21064381917
 10
2959.758228504177
 20
7314.228071823674
 10
2959.783403435222
 20
7314.24598602708
 10
2959.807957801795
 20
7314.264370942971
 10
2959.831878869399
 20
7314.283216651159
 10
2959.85515065923
 20
7314.302510428882
 10
2959.877760794934
 20
7314.322242147219
 10
2959.899689875579
 20
7314.342395010867
 10
2959.920913011469
 20
7314.362945292472
 10
2959.941407625194
 20
7314.383868765097
 10
2959.96117030742
 20
7314.405159502638
 10
2959.98020478753
 20
7314.42682127011
 10
2959.998503497125
 20
7314.448847395805
 10
2960.016046111647
 20
7314.471215436897
 10
2960.032816506323
 20
7314.493905869102
 10
2960.048802538972
 20
7314.516902927566
 10
2960.063992954266
 20
7314.540191117074
 10
2960.078374593088
 20
7314.563750654787
 10
2960.091936794806
 20
7314.587563974054
 10
2960.104670971169
 20
7314.61161588613
 10
2960.116568309054
 20
7314.635889774715
  0
LINE
  5
700
102
{ACAD_REACTORS
330
89C
102
}
330
1F
100
AcDbEntity
  8
furniture
  6
ACAD_ISO02W100
 62
     6
100
AcDbLine
 10
2959.451024028488
 20
7314.043210057693
 30
0.0
 11
2959.481923641777
 21
7314.055266931315
 31
0.0
  0
LINE
  5
701
102
{ACAD_REACTORS
330
89C
102
}
330
1F
100
AcDbEntity
  8
furniture
  6
ACAD_ISO02W100
 62
     6
100
AcDbLine
 10
2959.419743018206
 20
7314.031758458209
 30
0.0
 11
2959.451024028488
 21
7314.043210057693
 31
0.0
  0
LWPOLYLINE
  5
702
102
{ACAD_REACTORS
330
89C
102
}
330
1F
100
AcDbEntity
  8
furniture
  6
ACAD_ISO02W100
 62
     6
100
AcDbPolyline
 90
        6
 70
     0
 43
0.0
 10
2957.599836382227
 20
7314.740606566832
 10
2957.600637924509
 20
7314.73549807209
 10
2957.605644802957
 20
7314.709617434907
 10
2957.611576477007
 20
7314.683868983414
 10
2957.618429125764
 20
7314.658270067607
 10
2957.626197899062
 20
7314.632839615062
  0
LINE
  5
703
102
{ACAD_REACTORS
330
89C
102
}
330
1F
100
AcDbEntity
  8
furniture
  6
ACAD_ISO02W100
 62
     6
100
AcDbLine
 10
2958.078682819831
 20
7318.283194357636
 30
0.0
 11
2958.078682819831
 21
7318.485718930235
 31
0.0
  0
LINE
  5
704
102
{ACAD_REACTORS
330
89C
102
}
330
1F
100
AcDbEntity
  8
furniture
  6
ACAD_ISO02W100
 62
     6
100
AcDbLine
 10
2958.126382411774
 20
7317.925248724903
 30
0.0
 11
2958.126382411774
 21
7308.385330336292
 31
0.0
  0
LINE
  5
705
102
{ACAD_REACTORS
330
89C
102
}
330
1F
100
AcDbEntity
  8
furniture
  6
ACAD_ISO02W100
 62
     6
100
AcDbLine
 10
2958.162157105732
 20
7318.485718930235
 30
0.0
 11
2958.162157105732
 21
7318.402244644333
 31
0.0
  0
LINE
  5
706
102
{ACAD_REACTORS
330
89C
102
}
330
1F
100
AcDbEntity
  8
furniture
  6
ACAD_ISO02W100
 62
     6
100
AcDbLine
 10
2958.186006901703
 20
7318.485718930235
 30
0.0
 11
2958.186006901703
 21
7319.308536891252
 31
0.0
  0
LINE
  5
707
102
{ACAD_REACTORS
330
89C
102
}
330
1F
100
AcDbEntity
  8
furniture
  6
ACAD_ISO02W100
 62
     6
100
AcDbLine
 10
2958.388730167462
 20
7318.402244644333
 30
0.0
 11
2958.388730167462
 21
7317.448252805474
 31
0.0
  0
LINE
  5
708
102
{ACAD_REACTORS
330
89C
102
}
330
1F
100
AcDbEntity
  8
furniture
  6
ACAD_ISO02W100
 62
     6
100
AcDbLine
 10
2958.414917243439
 20
7317.448252805592
 30
0.0
 11
2958.414917243439
 21
7318.402244644452
 31
0.0
  0
LINE
  5
709
102
{ACAD_REACTORS
330
89C
102
}
330
1F
100
AcDbEntity
  8
furniture
  6
ACAD_ISO02W100
 62
     6
100
AcDbLine
 10
2958.639153025163
 20
7319.547034850969
 30
0.0
 11
2958.633211826608
 21
7319.320149631797
 31
0.0
  0
LINE
  5
70A
102
{ACAD_REACTORS
330
89C
102
}
330
1F
100
AcDbEntity
  8
furniture
  6
ACAD_ISO02W100
 62
     6
100
AcDbLine
 10
2958.676270664816
 20
7317.034702543735
 30
0.0
 11
2958.671522506911
 21
7316.976808430066
 31
0.0
  0
LINE
  5
70B
102
{ACAD_REACTORS
330
89C
102
}
330
1F
100
AcDbEntity
  8
furniture
  6
ACAD_ISO02W100
 62
     6
100
AcDbLine
 10
2958.704849684976
 20
7317.387939096422
 30
0.0
 11
2958.676270664816
 21
7317.034702543735
 31
0.0
  0
LINE
  5
70C
102
{ACAD_REACTORS
330
89C
102
}
330
1F
100
AcDbEntity
  8
furniture
  6
ACAD_ISO02W100
 62
     6
100
AcDbLine
 10
2958.671522506911
 20
7316.976808430066
 30
0.0
 11
2958.668363734373
 21
7316.939402599924
 31
0.0
  0
LINE
  5
70D
102
{ACAD_REACTORS
330
89C
102
}
330
1F
100
AcDbEntity
  8
furniture
  6
ACAD_ISO02W100
 62
     6
100
AcDbLine
 10
2958.710499827298
 20
7317.453650550143
 30
0.0
 11
2958.704849684976
 21
7317.387939096422
 31
0.0
  0
LINE
  5
70E
102
{ACAD_REACTORS
330
89C
102
}
330
1F
100
AcDbEntity
  8
furniture
  6
ACAD_ISO02W100
 62
     6
100
AcDbLine
 10
2958.668363734373
 20
7316.939402599924
 30
0.0
 11
2958.665163408694
 21
7316.90281315415
 31
0.0
  0
LINE
  5
70F
102
{ACAD_REACTORS
330
89C
102
}
330
1F
100
AcDbEntity
  8
furniture
  6
ACAD_ISO02W100
 62
     6
100
AcDbLine
 10
2958.714484602754
 20
7317.498238736705
 30
0.0
 11
2958.710499827298
 21
7317.453650550143
 31
0.0
  0
LINE
  5
710
102
{ACAD_REACTORS
330
89C
102
}
330
1F
100
AcDbEntity
  8
furniture
  6
ACAD_ISO02W100
 62
     6
100
AcDbLine
 10
2958.665163408694
 20
7316.90281315415
 30
0.0
 11
2958.661869165125
 21
7316.866774253949
 31
0.0
  0
LINE
  5
711
102
{ACAD_REACTORS
330
89C
102
}
330
1F
100
AcDbEntity
  8
furniture
  6
ACAD_ISO02W100
 62
     6
100
AcDbLine
 10
2958.718592118649
 20
7317.542612509931
 30
0.0
 11
2958.714484602754
 21
7317.498238736705
 31
0.0
  0
LINE
  5
712
102
{ACAD_REACTORS
330
89C
102
}
330
1F
100
AcDbEntity
  8
furniture
  6
ACAD_ISO02W100
 62
     6
100
AcDbLine
 10
2958.722813732262
 20
7317.586461743477
 30
0.0
 11
2958.718592118649
 21
7317.542612509931
 31
0.0
  0
LWPOLYLINE
  5
713
102
{ACAD_REACTORS
330
89C
102
}
330
1F
100
AcDbEntity
  8
furniture
  6
ACAD_ISO02W100
 62
     6
100
AcDbPolyline
 90
       54
 70
     0
 43
0.0
 10
2958.661869165125
 20
7316.866774253949
 10
2958.658433789102
 20
7316.831201088875
 10
2958.656606540632
 20
7316.813204388086
 10
2958.654677562066
 20
7316.794888731462
 10
2958.652646386338
 20
7316.776342080007
 10
2958.650519899057
 20
7316.757711234155
 10
2958.648283030685
 20
7316.738958868886
 10
2958.645930584403
 20
7316.720048846964
 10
2958.643488855728
 20
7316.701145106579
 10
2958.641015037652
 20
7316.682676239692
 10
2958.638520089682
 20
7316.664664356018
 10
2958.635937995504
 20
7316.646569979766
 10
2958.633235711234
 20
7316.628138919941
 10
2958.630424748856
 20
7316.609425394661
 10
2958.627498385799
 20
7316.590385998869
 10
2958.62446890256
 20
7316.571170468073
 10
2958.62134154855
 20
7316.551892988553
 10
2958.618098018887
 20
7316.532517969395
 10
2958.614729148909
 20
7316.513067137442
 10
2958.611250726325
 20
7316.493682782766
 10
2958.607689855854
 20
7316.474555294916
 10
2958.604074484347
 20
7316.455875857814
 10
2958.600412177299
 20
7316.437698388077
 10
2958.59669089594
 20
7316.41998613986
 10
2958.59287367352
 20
7316.402624544311
 10
2958.588909667961
 20
7316.385444422916
 10
2958.584758828778
 20
7316.368340018232
 10
2958.580402862823
 20
7316.351308551026
 10
2958.575819231885
 20
7316.334321090915
 10
2958.570962829663
 20
7316.317268077326
 10
2958.565767223828
 20
7316.299985355994
 10
2958.560231240151
 20
7316.28254621304
 10
2958.554408321242
 20
7316.26519354555
 10
2958.548270354294
 20
7316.247895207617
 10
2958.541777211057
 20
7316.230586321771
 10
2958.534983462718
 20
7316.213459150008
 10
2958.527882971072
 20
7316.196534395072
 10
2958.520428169614
 20
7316.179728585765
 10
2958.512629415351
 20
7316.163090435544
 10
2958.504487252851
 20
7316.146650168377
 10
2958.495976943805
 20
7316.130386741254
 10
2958.487081876646
 20
7316.114295348331
 10
2958.477777648014
 20
7316.098351070639
 10
2958.468104231435
 20
7316.082623208962
 10
2958.458162911432
 20
7316.067255413601
 10
2958.448035270947
 20
7316.052340900229
 10
2958.437737380007
 20
7316.037899528521
 10
2958.427239877174
 20
7316.023884682127
 10
2958.416493250557
 20
7316.010195825089
 10
2958.405425355613
 20
7315.996703728773
 10
2958.39398029083
 20
7315.983302547353
 10
2958.382199375191
 20
7315.970007883724
 10
2958.37016419117
 20
7315.956881726187
 10
2958.359355416198
 20
7315.945441649851
  0
LINE
  5
714
102
{ACAD_REACTORS
330
89C
102
}
330
1F
100
AcDbEntity
  8
furniture
  6
ACAD_ISO02W100
 62
     6
100
AcDbLine
 10
2958.727099434769
 20
7317.629030942608
 30
0.0
 11
2958.722813732262
 21
7317.586461743477
 31
0.0
  0
LWPOLYLINE
  5
715
102
{ACAD_REACTORS
330
89C
102
}
330
1F
100
AcDbEntity
  8
furniture
  6
ACAD_ISO02W100
 62
     6
100
AcDbPolyline
 90
        9
 70
     0
 43
0.0
 10
2958.748052524514
 20
7317.807682976116
 10
2958.746614492863
 20
7317.797035944007
 10
2958.743906662822
 20
7317.776198244049
 10
2958.741278166696
 20
7317.755227137182
 10
2958.73873185897
 20
7317.734207008648
 10
2958.736266666618
 20
7317.713182857481
 10
2958.733877639822
 20
7317.692164036003
 10
2958.731559725835
 20
7317.671158787381
 10
2958.727099434769
 20
7317.629030942608
  0
LWPOLYLINE
  5
716
102
{ACAD_REACTORS
330
89C
102
}
330
1F
100
AcDbEntity
  8
furniture
  6
ACAD_ISO02W100
 62
     6
100
AcDbPolyline
 90
        6
 70
     0
 43
0.0
 10
2959.078468469447
 20
7318.117115815254
 10
2959.078509243034
 20
7318.117404259814
 10
2959.078551578187
 20
7318.117635766826
 10
2959.078595166472
 20
7318.117805994507
 10
2959.078639804394
 20
7318.117911735877
 10
2959.078687574073
 20
7318.117950065058
  0
LWPOLYLINE
  5
717
102
{ACAD_REACTORS
330
89C
102
}
330
1F
100
AcDbEntity
  8
furniture
  6
ACAD_ISO02W100
 62
     6
100
AcDbPolyline
 90
       10
 70
     0
 43
0.0
 10
2959.380891764573
 20
7318.013621734657
 10
2959.380488687933
 20
7318.011805791986
 10
2959.379875832906
 20
7318.010069154734
 10
2959.379048465168
 20
7318.008433556539
 10
2959.378005858727
 20
7318.00692619221
 10
2959.376747396769
 20
7318.005566677321
 10
2959.375270744139
 20
7318.004368109744
 10
2959.373582409395
 20
7318.003360118478
 10
2959.371690096178
 20
7318.002566906461
 10
2959.36964789387
 20
7318.002009216266
  0
LINE
  5
718
102
{ACAD_REACTORS
330
89C
102
}
330
1F
100
AcDbEntity
  8
furniture
  6
ACAD_ISO02W100
 62
     6
100
AcDbLine
 10
2959.279551110245
 20
7317.999864844018
 30
0.0
 11
2959.28102209167
 21
7318.005660516037
 31
0.0
  0
LWPOLYLINE
  5
719
102
{ACAD_REACTORS
330
89C
102
}
330
1F
100
AcDbEntity
  8
furniture
  6
ACAD_ISO02W100
 62
     6
100
AcDbPolyline
 90
        3
 70
     0
 43
0.0
 10
2959.28102209167
 20
7318.005660516037
 10
2959.282580649315
 20
7318.011654654428
 10
2959.282980304696
 20
7318.013152262657
  0
LWPOLYLINE
  5
71A
102
{ACAD_REACTORS
330
89C
102
}
330
1F
100
AcDbEntity
  8
furniture
  6
ACAD_ISO02W100
 62
     6
100
AcDbPolyline
 90
        3
 70
     0
 43
0.0
 10
2957.635920610491
 20
7314.618757931913
 10
2957.635479564601
 20
7314.619534633902
 10
2957.635197027007
 20
7314.620181496239
  0
LWPOLYLINE
  5
71B
102
{ACAD_REACTORS
330
89C
102
}
330
1F
100
AcDbEntity
  8
furniture
  6
ACAD_ISO02W100
 62
     6
100
AcDbPolyline
 90
        3
 70
     0
 43
0.0
 10
2957.635197007451
 20
7314.620181488887
 10
2957.645032322965
 20
7314.595689805365
 10
2957.649386492344
 20
7314.585806716467
  0
LINE
  5
71C
102
{ACAD_REACTORS
330
89C
102
}
330
1F
100
AcDbEntity
  8
furniture
  6
ACAD_ISO02W100
 62
     6
100
AcDbLine
 10
2957.644285145975
 20
7314.635889774715
 30
0.0
 11
2957.649386492344
 21
7314.623190825296
 31
0.0
  0
LINE
  5
71D
102
{ACAD_REACTORS
330
89C
102
}
330
1F
100
AcDbEntity
  8
furniture
  6
ACAD_ISO02W100
 62
     6
100
AcDbLine
 10
2957.6442850855
 20
7314.635889731038
 30
0.0
 11
2957.643627104378
 21
7314.63761632014
 31
0.0
  0
LINE
  5
71E
102
{ACAD_REACTORS
330
89C
102
}
330
1F
100
AcDbEntity
  8
furniture
  6
ACAD_ISO02W100
 62
     6
100
AcDbLine
 10
2957.635193820832
 20
7314.620189896733
 30
0.0
 11
2957.634531021296
 21
7314.621929601284
 31
0.0
  0
LWPOLYLINE
  5
71F
102
{ACAD_REACTORS
330
89C
102
}
330
1F
100
AcDbEntity
  8
furniture
  6
ACAD_ISO02W100
 62
     6
100
AcDbPolyline
 90
        5
 70
     0
 43
0.0
 10
2957.635193820832
 20
7314.620189896733
 10
2957.635134803573
 20
7314.620350222265
 10
2957.634886545315
 20
7314.621204420022
 10
2957.634737617673
 20
7314.622087830411
 10
2957.634688180798
 20
7314.622978179433
  0
LWPOLYLINE
  5
720
102
{ACAD_REACTORS
330
89C
102
}
330
1F
100
AcDbEntity
  8
furniture
  6
ACAD_ISO02W100
 62
     6
100
AcDbPolyline
 90
        3
 70
     0
 43
0.0
 10
2957.631131894363
 20
7314.618425449754
 10
2957.640060508185
 20
7314.59392174197
 10
2957.649386492344
 20
7314.570772890634
  0
LWPOLYLINE
  5
721
102
{ACAD_REACTORS
330
89C
102
}
330
1F
100
AcDbEntity
  8
furniture
  6
ACAD_ISO02W100
 62
     6
100
AcDbPolyline
 90
        4
 70
     0
 43
0.0
 10
2957.626197899062
 20
7314.632839615062
 10
2957.634877513072
 20
7314.607595608798
 10
2957.644462907488
 20
7314.582553845474
 10
2957.649386492344
 20
7314.570897881906
  0
LWPOLYLINE
  5
722
102
{ACAD_REACTORS
330
89C
102
}
330
1F
100
AcDbEntity
  8
furniture
  6
ACAD_ISO02W100
 62
     6
100
AcDbPolyline
 90
        6
 70
     0
 43
0.0
 10
2957.631131894363
 20
7314.618425449754
 10
2957.623057629147
 20
7314.643157602469
 10
2957.61585905399
 20
7314.668059383446
 10
2957.60954088634
 20
7314.69311363078
 10
2957.604106671516
 20
7314.718305944072
 10
2957.601275793653
 20
7314.734067089101
  0
LWPOLYLINE
  5
723
102
{ACAD_REACTORS
330
89C
102
}
330
1F
100
AcDbEntity
  8
furniture
  6
ACAD_ISO02W100
 62
     6
100
AcDbPolyline
 90
        3
 70
     0
 43
0.0
 10
2957.634118643918
 20
7314.623494863886
 10
2957.634303759396
 20
7314.622625354225
 10
2957.634522106552
 20
7314.621953117868
  0
LWPOLYLINE
  5
724
102
{ACAD_REACTORS
330
89C
102
}
330
1F
100
AcDbEntity
  8
furniture
  6
ACAD_ISO02W100
 62
     6
100
AcDbPolyline
 90
       10
 70
     0
 43
0.0
 10
2958.400262833182
 20
7317.900180794426
 10
2958.400661655607
 20
7317.895785350883
 10
2958.401060684245
 20
7317.891718089214
 10
2958.401459740432
 20
7317.888019922647
 10
2958.40185818902
 20
7317.884726453847
 10
2958.402255851701
 20
7317.881872715446
 10
2958.402652906793
 20
7317.879492758734
 10
2958.403049254071
 20
7317.877614296168
 10
2958.403444860113
 20
7317.876258034718
 10
2958.403745648112
 20
7317.875584535115
  0
LWPOLYLINE
  5
725
102
{ACAD_REACTORS
330
89C
102
}
330
1F
100
AcDbEntity
  8
furniture
  6
ACAD_ISO02W100
 62
     6
100
AcDbPolyline
 90
       10
 70
     0
 43
0.0
 10
2958.398669637117
 20
7317.95031575243
 10
2958.398273069285
 20
7317.954711104706
 10
2958.397876117503
 20
7317.958778201788
 10
2958.397478952773
 20
7317.962476233524
 10
2958.397081630039
 20
7317.9657697512
 10
2958.396684322559
 20
7317.96862374372
 10
2958.396286857092
 20
7317.971004017936
 10
2958.395888768803
 20
7317.972882752359
 10
2958.395489902764
 20
7317.974239214378
 10
2958.395191236864
 20
7317.974903446961
  0
LINE
  5
726
102
{ACAD_REACTORS
330
89C
102
}
330
1F
100
AcDbEntity
  8
furniture
  6
ACAD_ISO02W100
 62
     6
100
AcDbLine
 10
2958.399465370098
 20
7317.909753108573
 30
0.0
 11
2958.400262833182
 21
7317.900180794426
 31
0.0
  0
LINE
  5
727
102
{ACAD_REACTORS
330
89C
102
}
330
1F
100
AcDbEntity
  8
furniture
  6
ACAD_ISO02W100
 62
     6
100
AcDbLine
 10
2958.396284309361
 20
7317.950289243102
 30
0.0
 11
2958.397078626649
 21
7317.940722655362
 31
0.0
  0
LINE
  5
728
102
{ACAD_REACTORS
330
89C
102
}
330
1F
100
AcDbEntity
  8
furniture
  6
ACAD_ISO02W100
 62
     6
100
AcDbLine
 10
2958.39946259197
 20
7317.940743646173
 30
0.0
 11
2958.398669637117
 21
7317.95031575243
 31
0.0
  0
LINE
  5
729
102
{ACAD_REACTORS
330
89C
102
}
330
1F
100
AcDbEntity
  8
furniture
  6
ACAD_ISO02W100
 62
     6
100
AcDbLine
 10
2958.402638711379
 20
7317.900208040758
 30
0.0
 11
2958.401845274307
 21
7317.909774675339
 31
0.0
  0
LINE
  5
72A
102
{ACAD_REACTORS
330
89C
102
}
330
1F
100
AcDbEntity
  8
furniture
  6
ACAD_ISO02W100
 62
     6
100
AcDbLine
 10
2958.397078626649
 20
7317.940722655362
 30
0.0
 11
2958.398270224601
 21
7317.925248724903
 31
0.0
  0
LINE
  5
72B
102
{ACAD_REACTORS
330
89C
102
}
330
1F
100
AcDbEntity
  8
furniture
  6
ACAD_ISO02W100
 62
     6
100
AcDbLine
 10
2958.398270224601
 20
7317.925248724903
 30
0.0
 11
2958.399465370098
 21
7317.909753108573
 31
0.0
  0
LINE
  5
72C
102
{ACAD_REACTORS
330
89C
102
}
330
1F
100
AcDbEntity
  8
furniture
  6
ACAD_ISO02W100
 62
     6
100
AcDbLine
 10
2958.401845274307
 20
7317.909774675339
 30
0.0
 11
2958.39946259197
 21
7317.940743646173
 31
0.0
  0
LINE
  5
72D
102
{ACAD_REACTORS
330
89C
102
}
330
1F
100
AcDbEntity
  8
furniture
  6
ACAD_ISO02W100
 62
     6
100
AcDbLine
 10
2958.906060996344
 20
7315.713510796399
 30
0.0
 11
2958.910749388441
 21
7315.82449118909
 31
0.0
  0
LINE
  5
72E
102
{ACAD_REACTORS
330
89C
102
}
330
1F
100
AcDbEntity
  8
furniture
  6
ACAD_ISO02W100
 62
     6
100
AcDbLine
 10
2958.910749388441
 20
7315.82449118909
 30
0.0
 11
2958.915232870279
 21
7315.927798663789
 31
0.0
  0
LINE
  5
72F
102
{ACAD_REACTORS
330
89C
102
}
330
1F
100
AcDbEntity
  8
furniture
  6
ACAD_ISO02W100
 62
     6
100
AcDbLine
 10
2958.915232870279
 20
7315.927798663789
 30
0.0
 11
2958.919560338667
 21
7316.024342587089
 31
0.0
  0
LINE
  5
730
102
{ACAD_REACTORS
330
89C
102
}
330
1F
100
AcDbEntity
  8
furniture
  6
ACAD_ISO02W100
 62
     6
100
AcDbLine
 10
2958.919560338667
 20
7316.024342587089
 30
0.0
 11
2958.923747258959
 21
7316.114443389945
 31
0.0
  0
LWPOLYLINE
  5
731
102
{ACAD_REACTORS
330
89C
102
}
330
1F
100
AcDbEntity
  8
furniture
  6
ACAD_ISO02W100
 62
     6
100
AcDbPolyline
 90
       30
 70
     0
 43
0.0
 10
2958.923747258959
 20
7316.114443389945
 10
2958.928861652082
 20
7316.219952805427
 10
2958.932028285138
 20
7316.282867104746
 10
2958.935461135779
 20
7316.349161427543
 10
2958.939116592186
 20
7316.417803009369
 10
2958.942938092608
 20
7316.487658437175
 10
2958.946735916413
 20
7316.555290709749
 10
2958.950282313898
 20
7316.616917075122
 10
2958.953662965976
 20
7316.674349126502
 10
2958.957170532876
 20
7316.732633808898
 10
2958.960926288384
 20
7316.793620307641
 10
2958.964773840693
 20
7316.854621797467
 10
2958.968631978772
 20
7316.914336135119
 10
2958.972492034281
 20
7316.972661449475
 10
2958.976398059078
 20
7317.030272572111
 10
2958.980404096508
 20
7317.087919881583
 10
2958.984552952962
 20
7317.146118526595
 10
2958.988804362221
 20
7317.204199395345
 10
2958.993087694926
 20
7317.261152152274
 10
2958.997394286841
 20
7317.316857811076
 10
2959.001725087562
 20
7317.371326477829
 10
2959.006015719551
 20
7317.423778757151
 10
2959.010191942669
 20
7317.473406575787
 10
2959.014312571461
 20
7317.521009523627
 10
2959.018515715434
 20
7317.568184097466
 10
2959.022845059084
 20
7317.615331902318
 10
2959.027304009673
 20
7317.662371851858
 10
2959.031939394772
 20
7317.709664474667
 10
2959.036690082973
 20
7317.756505540431
 10
2959.041525760813
 20
7317.802604355144
  0
LINE
  5
732
102
{ACAD_REACTORS
330
89C
102
}
330
1F
100
AcDbEntity
  8
furniture
  6
ACAD_ISO02W100
 62
     6
100
AcDbLine
 10
2959.339746544112
 20
7317.039822421833
 30
0.0
 11
2959.344854093026
 21
7317.100165036115
 31
0.0
  0
LINE
  5
733
102
{ACAD_REACTORS
330
89C
102
}
330
1F
100
AcDbEntity
  8
furniture
  6
ACAD_ISO02W100
 62
     6
100
AcDbLine
 10
2959.344854093026
 20
7317.100165036115
 30
0.0
 11
2959.351116057448
 21
7317.172556483886
 31
0.0
  0
LWPOLYLINE
  5
734
102
{ACAD_REACTORS
330
89C
102
}
330
1F
100
AcDbEntity
  8
furniture
  6
ACAD_ISO02W100
 62
     6
100
AcDbPolyline
 90
        3
 70
     0
 43
0.0
 10
2959.343998674946
 20
7317.090200960314
 10
2959.347754317637
 20
7317.13238989243
 10
2959.35187237783
 20
7317.176687620063
  0
LINE
  5
735
102
{ACAD_REACTORS
330
89C
102
}
330
1F
100
AcDbEntity
  8
furniture
  6
ACAD_ISO02W100
 62
     6
100
AcDbLine
 10
2959.351116057448
 20
7317.172556483886
 30
0.0
 11
2959.355549913551
 21
7317.222728847011
 31
0.0
  0
LINE
  5
736
102
{ACAD_REACTORS
330
89C
102
}
330
1F
100
AcDbEntity
  8
furniture
  6
ACAD_ISO02W100
 62
     6
100
AcDbLine
 10
2959.350680041879
 20
7317.170602435751
 30
0.0
 11
2959.339867352058
 21
7317.045997670416
 31
0.0
  0
LINE
  5
737
102
{ACAD_REACTORS
330
89C
102
}
330
1F
100
AcDbEntity
  8
furniture
  6
ACAD_ISO02W100
 62
     6
100
AcDbLine
 10
2959.357622250188
 20
7317.246387372762
 30
0.0
 11
2959.350680041879
 21
7317.170602435751
 31
0.0
  0
LINE
  5
738
102
{ACAD_REACTORS
330
89C
102
}
330
1F
100
AcDbEntity
  8
furniture
  6
ACAD_ISO02W100
 62
     6
100
AcDbLine
 10
2959.360320965178
 20
7317.27527546917
 30
0.0
 11
2959.355549913551
 21
7317.222728847011
 31
0.0
  0
LINE
  5
739
102
{ACAD_REACTORS
330
89C
102
}
330
1F
100
AcDbEntity
  8
furniture
  6
ACAD_ISO02W100
 62
     6
100
AcDbLine
 10
2959.35187237783
 20
7317.176687620063
 30
0.0
 11
2959.359948810617
 21
7317.26104688477
 31
0.0
  0
LINE
  5
73A
102
{ACAD_REACTORS
330
89C
102
}
330
1F
100
AcDbEntity
  8
furniture
  6
ACAD_ISO02W100
 62
     6
100
AcDbLine
 10
2959.359948810617
 20
7317.26104688477
 30
0.0
 11
2959.371219327552
 21
7317.377392961564
 31
0.0
  0
LWPOLYLINE
  5
73B
102
{ACAD_REACTORS
330
89C
102
}
330
1F
100
AcDbEntity
  8
furniture
  6
ACAD_ISO02W100
 62
     6
100
AcDbPolyline
 90
        7
 70
     0
 43
0.0
 10
2959.381132965994
 20
7318.015555776463
 10
2959.38119682837
 20
7318.016209102534
 10
2959.381252241019
 20
7318.016866717752
 10
2959.381299164919
 20
7318.017528334481
 10
2959.381337472819
 20
7318.018193864819
 10
2959.381366996593
 20
7318.018863424253
 10
2959.381387601536
 20
7318.019537030703
  0
LINE
  5
73C
102
{ACAD_REACTORS
330
89C
102
}
330
1F
100
AcDbEntity
  8
furniture
  6
ACAD_ISO02W100
 62
     6
100
AcDbLine
 10
2959.371219327552
 20
7317.377392961564
 30
0.0
 11
2959.378592694929
 21
7317.451944061125
 31
0.0
  0
LWPOLYLINE
  5
73D
102
{ACAD_REACTORS
330
89C
102
}
330
1F
100
AcDbEntity
  8
furniture
  6
ACAD_ISO02W100
 62
     6
100
AcDbPolyline
 90
       10
 70
     0
 43
0.0
 10
2959.378592694929
 20
7317.451944061125
 10
2959.385554634542
 20
7317.520212169426
 10
2959.388860979903
 20
7317.551699012089
 10
2959.39210709149
 20
7317.581902406331
 10
2959.395304062926
 20
7317.61086549536
 10
2959.398480370025
 20
7317.638772562029
 10
2959.401658108683
 20
7317.665708037122
 10
2959.404830717799
 20
7317.691489126964
 10
2959.40798360233
 20
7317.715855692771
 10
2959.411116978874
 20
7317.738652545094
  0
LINE
  5
73E
102
{ACAD_REACTORS
330
89C
102
}
330
1F
100
AcDbEntity
  8
furniture
  6
ACAD_ISO02W100
 62
     6
100
AcDbLine
 10
2959.041525760813
 20
7317.802604355144
 30
0.0
 11
2959.048055681174
 21
7317.862435493267
 31
0.0
  0
LWPOLYLINE
  5
73F
102
{ACAD_REACTORS
330
89C
102
}
330
1F
100
AcDbEntity
  8
furniture
  6
ACAD_ISO02W100
 62
     6
100
AcDbPolyline
 90
        7
 70
     0
 43
0.0
 10
2959.048055681174
 20
7317.862435493267
 10
2959.051357377566
 20
7317.892004652311
 10
2959.056252886792
 20
7317.934662077354
 10
2959.061298811054
 20
7317.977548783904
 10
2959.066610494609
 20
7318.021666749432
 10
2959.072280774435
 20
7318.067775129019
 10
2959.078468469066
 20
7318.117115815247
  0
LWPOLYLINE
  5
740
102
{ACAD_REACTORS
330
89C
102
}
330
1F
100
AcDbEntity
  8
furniture
  6
ACAD_ISO02W100
 62
     6
100
AcDbPolyline
 90
       10
 70
     0
 43
0.0
 10
2959.381048984439
 20
7318.014807925566
 10
2959.383176235175
 20
7318.033769628468
 10
2959.385036158946
 20
7318.053100229886
 10
2959.3865785018
 20
7318.072380555911
 10
2959.387803331022
 20
7318.091609832935
 10
2959.388710737215
 20
7318.11078745192
 10
2959.389300820495
 20
7318.129912960571
 10
2959.389573675461
 20
7318.148985735638
 10
2959.389529405136
 20
7318.168004990626
 10
2959.389171787136
 20
7318.18683639835
  0
LWPOLYLINE
  5
741
102
{ACAD_REACTORS
330
89C
102
}
330
1F
100
AcDbEntity
  8
furniture
  6
ACAD_ISO02W100
 62
     6
100
AcDbPolyline
 90
       10
 70
     0
 43
0.0
 10
2959.381387596855
 20
7318.019545753735
 10
2959.38224403313
 20
7318.02689663776
 10
2959.383032227325
 20
7318.034090860304
 10
2959.383756318022
 20
7318.041106459208
 10
2959.384420003593
 20
7318.047902032628
 10
2959.385027324957
 20
7318.054494325931
 10
2959.38558257104
 20
7318.060943746178
 10
2959.386089226343
 20
7318.067246287204
 10
2959.386550253496
 20
7318.073383850088
 10
2959.386968788375
 20
7318.079384857897
  0
LINE
  5
742
102
{ACAD_REACTORS
330
89C
102
}
330
1F
100
AcDbEntity
  8
furniture
  6
ACAD_ISO02W100
 62
     6
100
AcDbLine
 10
2959.381048954897
 20
7318.014808001973
 30
0.0
 11
2959.381060725733
 21
7318.014906826814
 31
0.0
  0
LWPOLYLINE
  5
743
102
{ACAD_REACTORS
330
89C
102
}
330
1F
100
AcDbEntity
  8
furniture
  6
ACAD_ISO02W100
 62
     6
100
AcDbPolyline
 90
       12
 70
     0
 43
0.0
 10
2959.413059903832
 20
7317.772711538001
 10
2959.408646629951
 20
7317.736199640991
 10
2959.40416814548
 20
7317.698127742215
 10
2959.399682055048
 20
7317.658995670709
 10
2959.395187612037
 20
7317.618817700889
 10
2959.390645309504
 20
7317.577251604105
 10
2959.385989672819
 20
7317.533666597668
 10
2959.381108421073
 20
7317.486900619432
 10
2959.376092504378
 20
7317.437719494581
 10
2959.371152661998
 20
7317.388144427924
 10
2959.366399047132
 20
7317.339322083263
 10
2959.359292353282
 20
7317.26401811314
  0
LINE
  5
744
102
{ACAD_REACTORS
330
89C
102
}
330
1F
100
AcDbEntity
  8
furniture
  6
ACAD_ISO02W100
 62
     6
100
AcDbLine
 10
2959.417347336689
 20
7317.807178399982
 30
0.0
 11
2959.413059903832
 21
7317.772711538001
 31
0.0
  0
LINE
  5
745
102
{ACAD_REACTORS
330
89C
102
}
330
1F
100
AcDbEntity
  8
furniture
  6
ACAD_ISO02W100
 62
     6
100
AcDbLine
 10
2959.380891690273
 20
7318.013621720324
 30
0.0
 11
2959.381048954897
 21
7318.014808001973
 31
0.0
  0
LWPOLYLINE
  5
746
102
{ACAD_REACTORS
330
89C
102
}
330
1F
100
AcDbEntity
  8
furniture
  6
ACAD_ISO02W100
 62
     6
100
AcDbPolyline
 90
        5
 70
     0
 43
0.0
 10
2959.41403856314
 20
7317.758495035525
 10
2959.415263589117
 20
7317.76743850486
 10
2959.416354697852
 20
7317.778036468839
 10
2959.417059932885
 20
7317.78866296478
 10
2959.417378085507
 20
7317.799303669977
  0
LINE
  5
747
102
{ACAD_REACTORS
330
89C
102
}
330
1F
100
AcDbEntity
  8
furniture
  6
ACAD_ISO02W100
 62
     6
100
AcDbLine
 10
2959.41403856314
 20
7317.758495035525
 30
0.0
 11
2959.41403209572
 21
7317.758452696764
 31
0.0
  0
LWPOLYLINE
  5
748
102
{ACAD_REACTORS
330
89C
102
}
330
1F
100
AcDbEntity
  8
furniture
  6
ACAD_ISO02W100
 62
     6
100
AcDbPolyline
 90
       39
 70
     0
 43
0.0
 10
2959.023700097301
 20
7313.936956916883
 10
2959.057784030354
 20
7313.940685067605
 10
2959.09175411685
 20
7313.945086220162
 10
2959.125610594637
 20
7313.95015896591
 10
2959.159282479368
 20
7313.955892672861
 10
2959.192769384382
 20
7313.962288727752
 10
2959.226071696331
 20
7313.969345743846
 10
2959.259119590875
 20
7313.977048928979
 10
2959.291912533606
 20
7313.985399640827
 10
2959.324451058932
 20
7313.994396521717
 10
2959.356666945641
 20
7314.004020706427
 10
2959.388559515993
 20
7314.014273511626
 10
2959.420129447736
 20
7314.025153620653
 10
2959.451310552909
 20
7314.03663821823
 10
2959.482102015475
 20
7314.048728572045
 10
2959.51250465147
 20
7314.061423414409
 10
2959.542454720995
 20
7314.074696127075
 10
2959.57195127458
 20
7314.088547921905
 10
2959.600995261697
 20
7314.102977587019
 10
2959.629525790849
 20
7314.117954868613
 10
2959.65754178506
 20
7314.133480915145
 10
2959.685044321305
 20
7314.149554578145
 10
2959.71197573896
 20
7314.166142158379
 10
2959.738334840311
 20
7314.183244733737
 10
2959.764122823071
 20
7314.200861226317
 10
2959.789285619762
 20
7314.218954703179
 10
2959.81382191939
 20
7314.237526164899
 10
2959.837733032949
 20
7314.256574610893
 10
2959.860968825861
 20
7314.276060106465
 10
2959.883527882052
 20
7314.295983568624
 10
2959.905411617588
 20
7314.31634408036
 10
2959.92657414609
 20
7314.337098955931
 10
2959.947013953574
 20
7314.358249023623
 10
2959.966732554022
 20
7314.379793455156
 10
2959.985688602941
 20
7314.401687079963
 10
2960.003880498236
 20
7314.423930631472
 10
2960.021309842001
 20
7314.446523376247
 10
2960.037940096037
 20
7314.469417943449
 10
2960.047916768291
 20
7314.484038068416
  0
LWPOLYLINE
  5
749
102
{ACAD_REACTORS
330
89C
102
}
330
1F
100
AcDbEntity
  8
furniture
  6
ACAD_ISO02W100
 62
     6
100
AcDbPolyline
 90
       36
 70
     0
 43
0.0
 10
2958.324537779939
 20
7314.043731263232
 10
2958.355400882761
 20
7314.03359753791
 10
2958.38662922724
 20
7314.024086262212
 10
2958.418204507054
 20
7314.015202694526
 10
2958.450113160571
 20
7314.0069507372
 10
2958.482335212891
 20
7313.99933598394
 10
2958.514846716707
 20
7313.992364517908
 10
2958.547628134063
 20
7313.98604097674
 10
2958.580662183388
 20
7313.980369391622
 10
2958.613921085458
 20
7313.975355224659
 10
2958.647369088886
 20
7313.971003993383
 10
2958.680978831932
 20
7313.96731886073
 10
2958.714731123856
 20
7313.964301536387
 10
2958.748602078144
 20
7313.961953873732
 10
2958.782568023672
 20
7313.960277211005
 10
2958.816605671886
 20
7313.959272396309
 10
2958.850691631877
 20
7313.958939830079
 10
2958.88480145037
 20
7313.959279438972
 10
2958.918912477156
 20
7313.96029068583
 10
2958.953004024607
 20
7313.9619727566
 10
2958.987052344722
 20
7313.964324355968
 10
2959.021034191776
 20
7313.967343754718
 10
2959.054929660958
 20
7313.971029172337
 10
2959.088719556181
 20
7313.975378741274
 10
2959.122376316182
 20
7313.980389134108
 10
2959.155867688342
 20
7313.986055368508
 10
2959.18916619694
 20
7313.992372199322
 10
2959.222253552999
 20
7313.99933555733
 10
2959.255111548035
 20
7314.006941287856
 10
2959.287716274591
 20
7314.015183630923
 10
2959.320046701027
 20
7314.024057042061
 10
2959.352088900317
 20
7314.033557787216
 10
2959.383823677891
 20
7314.043680644059
 10
2959.415225900175
 20
7314.05441806917
 10
2959.446272835164
 20
7314.065762631756
 10
2959.476943914986
 20
7314.077707166281
  0
LINE
  5
74A
102
{ACAD_REACTORS
330
89C
102
}
330
1F
100
AcDbEntity
  8
furniture
  6
ACAD_ISO02W100
 62
     6
100
AcDbLine
 10
2958.29406474643
 20
7314.054479607209
 30
0.0
 11
2958.324537779939
 21
7314.043731263232
 31
0.0
  0
LWPOLYLINE
  5
74B
102
{ACAD_REACTORS
330
89C
102
}
330
1F
100
AcDbEntity
  8
furniture
  6
ACAD_ISO02W100
 62
     6
100
AcDbPolyline
 90
       35
 70
     0
 43
0.0
 10
2958.290489777598
 20
7314.032102719409
 10
2958.321201528477
 20
7314.021234808923
 10
2958.35230486666
 20
7314.010988750904
 10
2958.383776423211
 20
7314.001371870782
 10
2958.415596536332
 20
7313.992389823583
 10
2958.447748762777
 20
7313.984047169483
 10
2958.4802150036
 20
7313.976348847266
 10
2958.512969405449
 20
7313.969301241979
 10
2958.545983561596
 20
7313.962910412077
 10
2958.579232772324
 20
7313.957180840164
 10
2958.612696263572
 20
7313.952115823489
 10
2958.64635112078
 20
7313.947718628289
 10
2958.680174262848
 20
7313.943992082683
 10
2958.714142554044
 20
7313.940938562563
 10
2958.748232824259
 20
7313.938559995047
 10
2958.782421321725
 20
7313.936857885305
 10
2958.816685076101
 20
7313.935833238462
 10
2958.851001995911
 20
7313.935486642549
 10
2958.885349423298
 20
7313.935818330701
 10
2958.919703065227
 20
7313.936828085558
 10
2958.954038349618
 20
7313.938515159155
 10
2958.988331378037
 20
7313.940878319981
 10
2959.022559125939
 20
7313.943915936978
 10
2959.056698376686
 20
7313.947625936265
 10
2959.090725792989
 20
7313.952005786898
 10
2959.124618103822
 20
7313.957052511804
 10
2959.158352306909
 20
7313.962762722518
 10
2959.191906625382
 20
7313.969132828344
 10
2959.225256795524
 20
7313.976158332394
 10
2959.258376344849
 20
7313.983833625065
 10
2959.291240264818
 20
7313.992152696286
 10
2959.323828624023
 20
7314.001110298398
 10
2959.356122826482
 20
7314.010701329554
 10
2959.388102012822
 20
7314.020919782207
 10
2959.419743018206
 20
7314.031758458209
  0
LINE
  5
74C
102
{ACAD_REACTORS
330
89C
102
}
330
1F
100
AcDbEntity
  8
furniture
  6
ACAD_ISO02W100
 62
     6
100
AcDbLine
 10
2958.260191378656
 20
7314.043585077626
 30
0.0
 11
2958.290489777598
 21
7314.032102719409
 31
0.0
  0
LWPOLYLINE
  5
74D
102
{ACAD_REACTORS
330
89C
102
}
330
1F
100
AcDbEntity
  8
furniture
  6
ACAD_ISO02W100
 62
     6
100
AcDbPolyline
 90
       24
 70
     0
 43
0.0
 10
2958.262978106069
 20
7314.036630757513
 10
2958.293144401136
 20
7314.025146545095
 10
2958.323752938145
 20
7314.01426682644
 10
2958.354739545138
 20
7314.004014415996
 10
2958.386105016222
 20
7313.994390630428
 10
2958.417848557292
 20
7313.985394153069
 10
2958.449903614134
 20
7313.977043848305
 10
2958.48227084113
 20
7313.969341073833
 10
2958.514949583899
 20
7313.962284471948
 10
2958.547871325146
 20
7313.955888833975
 10
2958.581036574083
 20
7313.950155546637
 10
2958.614444821499
 20
7313.945083223202
 10
2958.648026022493
 20
7313.940682494777
 10
2958.681780539373
 20
7313.936954769989
 10
2958.71570800983
 20
7313.9338986402
 10
2958.749737302055
 20
7313.931520510621
 10
2958.783868629381
 20
7313.92982180326
 10
2958.818101778484
 20
7313.9288010961
 10
2958.852364977559
 20
7313.928460528384
 10
2958.886658289647
 20
7313.928801526564
 10
2958.920981651716
 20
7313.929822664189
 10
2958.955263102903
 20
7313.931521801126
 10
2958.989502555539
 20
7313.933900359349
 10
2959.023700097301
 20
7313.936956916883
  0
LWPOLYLINE
  5
74E
102
{ACAD_REACTORS
330
89C
102
}
330
1F
100
AcDbEntity
  8
furniture
  6
ACAD_ISO02W100
 62
     6
100
AcDbPolyline
 90
        7
 70
     0
 43
0.0
 10
2958.126382411774
 20
7314.128452309841
 10
2958.148322528268
 20
7314.117151092647
 10
2958.176513141319
 20
7314.103457782247
 10
2958.205205226613
 20
7314.090333649208
 10
2958.234377813984
 20
7314.077788780537
 10
2958.264004940862
 20
7314.065834527808
 10
2958.29406474643
 20
7314.054479607209
  0
LWPOLYLINE
  5
74F
102
{ACAD_REACTORS
330
89C
102
}
330
1F
100
AcDbEntity
  8
furniture
  6
ACAD_ISO02W100
 62
     6
100
AcDbPolyline
 90
       71
 70
     0
 43
0.0
 10
2958.126382411774
 20
7314.083525170478
 10
2958.144901108612
 20
7314.073954966897
 10
2958.173118033403
 20
7314.060200171095
 10
2958.2018302363
 20
7314.047016171871
 10
2958.231018039388
 20
7314.034412004888
 10
2958.260661438807
 20
7314.022396308408
 10
2958.290740118453
 20
7314.010977317384
 10
2958.321233463895
 20
7314.000162857829
 10
2958.352120576528
 20
7313.989960341427
 10
2958.383380287854
 20
7313.980376760477
 10
2958.414991174046
 20
7313.971418683094
 10
2958.44693157056
 20
7313.963092248684
 10
2958.479179587063
 20
7313.955403163774
 10
2958.511713122367
 20
7313.948356698084
 10
2958.544509879618
 20
7313.941957680897
 10
2958.577547381543
 20
7313.936210497793
 10
2958.610802985901
 20
7313.931119087598
 10
2958.644253900952
 20
7313.926686939705
 10
2958.677877201128
 20
7313.922917091701
 10
2958.711649842676
 20
7313.919812127237
 10
2958.74554867953
 20
7313.917374174309
 10
2958.779550479109
 20
7313.915604903773
 10
2958.813631938293
 20
7313.91450552818
 10
2958.847769699334
 20
7313.914076801004
 10
2958.88194036593
 20
7313.914319016065
 10
2958.916120519211
 20
7313.915232007371
 10
2958.950286733806
 20
7313.916815149188
 10
2958.984415593887
 20
7313.919067356525
 10
2959.018483709255
 20
7313.921987085817
 10
2959.052467731315
 20
7313.925572336041
 10
2959.086344369127
 20
7313.929820650034
 10
2959.120090405322
 20
7313.934729116226
 10
2959.153682712052
 20
7313.94029437059
 10
2959.18709826684
 20
7313.946512598977
 10
2959.220314168331
 20
7313.953379539732
 10
2959.253307651998
 20
7313.96089048659
 10
2959.286056105764
 20
7313.969040291933
 10
2959.318537085468
 20
7313.977823370277
 10
2959.350728330266
 20
7313.98723370215
 10
2959.382607777897
 20
7313.997264838178
 10
2959.414153579775
 20
7314.007909903523
 10
2959.445344115985
 20
7314.01916160258
 10
2959.476158010086
 20
7314.03101222401
 10
2959.506574143777
 20
7314.043453645971
 10
2959.536571671367
 20
7314.056477341755
 10
2959.566130034037
 20
7314.070074385561
 10
2959.59522897397
 20
7314.084235458648
 10
2959.623848548194
 20
7314.098950855734
 10
2959.651969142299
 20
7314.114210491618
 10
2959.679571483828
 20
7314.130003908108
 10
2959.70663665551
 20
7314.146320281182
 10
2959.733146108234
 20
7314.163148428416
 10
2959.759081673738
 20
7314.180476816638
 10
2959.784425577089
 20
7314.198293569844
 10
2959.809160448848
 20
7314.216586477299
 10
2959.833269336951
 20
7314.235343001981
 10
2959.85673571838
 20
7314.254550289096
 10
2959.879543510444
 20
7314.274195174928
 10
2959.90167708184
 20
7314.294264195858
 10
2959.923121263298
 20
7314.314743597572
 10
2959.943861358062
 20
7314.335619344522
 10
2959.963883151912
 20
7314.356877129513
 10
2959.983172922893
 20
7314.378502383513
 10
2960.001717450776
 20
7314.400480285653
 10
2960.019504026054
 20
7314.422795773386
 10
2960.036520458716
 20
7314.445433552783
 10
2960.052755086525
 20
7314.468378109047
 10
2960.068196783094
 20
7314.491613717116
 10
2960.082834965457
 20
7314.515124452478
 10
2960.096659601324
 20
7314.538894202041
 10
2960.10966121599
 20
7314.562906675203
  0
LWPOLYLINE
  5
750
102
{ACAD_REACTORS
330
89C
102
}
330
1F
100
AcDbEntity
  8
furniture
  6
ACAD_ISO02W100
 62
     6
100
AcDbPolyline
 90
        6
 70
     0
 43
0.0
 10
2958.126382411774
 20
7314.104370404141
 10
2958.14354273155
 20
7314.095501361824
 10
2958.171983728154
 20
7314.081640544114
 10
2958.200917531909
 20
7314.068362390031
 10
2958.230327092315
 20
7314.055674310778
 10
2958.260191378656
 20
7314.043585077626
  0
LWPOLYLINE
  5
751
102
{ACAD_REACTORS
330
89C
102
}
330
1F
100
AcDbEntity
  8
furniture
  6
ACAD_ISO02W100
 62
     6
100
AcDbPolyline
 90
        6
 70
     0
 43
0.0
 10
2958.126382411774
 20
7314.09921294898
 10
2958.146924277361
 20
7314.088538975028
 10
2958.175196844432
 20
7314.074687542928
 10
2958.203974097822
 20
7314.061415199006
 10
2958.23325498098
 20
7314.04872073137
 10
2958.262978106069
 20
7314.036630757513
  0
LWPOLYLINE
  5
752
102
{ACAD_REACTORS
330
89C
102
}
330
1F
100
AcDbEntity
  8
furniture
  6
ACAD_ISO02W100
 62
     6
100
AcDbPolyline
 90
       70
 70
     0
 43
0.0
 10
2958.126382411774
 20
7314.069924278436
 10
2958.13211514831
 20
7314.066707706546
 10
2958.161312298681
 20
7314.051270355489
 10
2958.191047345672
 20
7314.036476119134
 10
2958.221303287256
 20
7314.022334201839
 10
2958.252062193784
 20
7314.008853999581
 10
2958.28329281545
 20
7313.99604990841
 10
2958.314977345916
 20
7313.983929676516
 10
2958.34709680139
 20
7313.97250131268
 10
2958.379617091781
 20
7313.961777369572
 10
2958.41251916768
 20
7313.951764272758
 10
2958.445783736731
 20
7313.942468360574
 10
2958.479375432541
 20
7313.933899719005
 10
2958.513274648851
 20
7313.926063310127
 10
2958.547461500611
 20
7313.918964033049
 10
2958.581899494012
 20
7313.912609529286
 10
2958.616568479448
 20
7313.90700335644
 10
2958.651448295224
 20
7313.902148969525
 10
2958.686501918219
 20
7313.898051510675
 10
2958.721708923242
 20
7313.894713159024
 10
2958.757048901729
 20
7313.892136006398
 10
2958.792484537717
 20
7313.890322746804
 10
2958.827995386945
 20
7313.889274223443
 10
2958.863560785135
 20
7313.888991215286
 10
2958.899142949864
 20
7313.889474005314
 10
2958.934721294693
 20
7313.890722115842
 10
2958.970275237012
 20
7313.892735002283
 10
2959.00576704195
 20
7313.895510527352
 10
2959.041176143124
 20
7313.899046901212
 10
2959.076482086418
 20
7313.903342276751
 10
2959.111647524395
 20
7313.908392131475
 10
2959.146652165625
 20
7313.914193394873
 10
2959.181475633723
 20
7313.920742909433
 10
2959.216080853078
 20
7313.928033728373
 10
2959.250447695446
 20
7313.936061436933
 10
2959.284556205683
 20
7313.944821571567
 10
2959.318370151278
 20
7313.954304824519
 10
2959.351869794682
 20
7313.964505442761
 10
2959.385035625116
 20
7313.975417632135
 10
2959.41783251672
 20
7313.987029765748
 10
2959.450241317743
 20
7313.999334757662
 10
2959.482243051044
 20
7314.012325450656
 10
2959.513803810936
 20
7314.025987879823
 10
2959.544904946956
 20
7314.040313490051
 10
2959.575528447246
 20
7314.055293840022
 10
2959.605642500964
 20
7314.070912967649
 10
2959.635229462918
 20
7314.087161024541
 10
2959.664272108467
 20
7314.104028170191
 10
2959.692740565918
 20
7314.121496370432
 10
2959.720618313323
 20
7314.139554459117
 10
2959.747889200467
 20
7314.15819123217
 10
2959.77452542108
 20
7314.177386572381
 10
2959.800511523221
 20
7314.197127798725
 10
2959.825832961488
 20
7314.217402560483
 10
2959.850464961221
 20
7314.238189318628
 10
2959.874393781211
 20
7314.259474303494
 10
2959.897606212928
 20
7314.281243783785
 10
2959.920080107611
 20
7314.303474486813
 10
2959.941803478193
 20
7314.326151463558
 10
2959.962764909843
 20
7314.34925982193
 10
2959.982945138054
 20
7314.372774683372
 10
2960.002333911454
 20
7314.396679675809
 10
2960.02092215037
 20
7314.420959181226
 10
2960.03869447666
 20
7314.445587936091
 10
2960.055643067948
 20
7314.470549024474
 10
2960.071760733536
 20
7314.495825624586
 10
2960.087035262115
 20
7314.52139128272
 10
2960.101459505488
 20
7314.547225186863
 10
2960.115030552778
 20
7314.573312838009
 10
2960.123519071665
 20
7314.590663434668
  0
LINE
  5
753
102
{ACAD_REACTORS
330
89C
102
}
330
1F
100
AcDbEntity
  8
furniture
  6
ACAD_ISO02W100
 62
     6
100
AcDbLine
 10
2958.412461897865
 20
7317.916464688465
 30
0.0
 11
2958.410465152266
 21
7317.932857867231
 31
0.0
  0
LINE
  5
754
102
{ACAD_REACTORS
330
89C
102
}
330
1F
100
AcDbEntity
  8
furniture
  6
ACAD_ISO02W100
 62
     6
100
AcDbLine
 10
2959.325451253382
 20
7316.498968214206
 30
0.0
 11
2959.326355200932
 21
7316.483647270068
 31
0.0
  0
LINE
  5
755
102
{ACAD_REACTORS
330
89C
102
}
330
1F
100
AcDbEntity
  8
furniture
  6
ACAD_ISO02W100
 62
     6
100
AcDbLine
 10
2959.324576880684
 20
7316.515576550369
 30
0.0
 11
2959.325451253382
 21
7316.498968214206
 31
0.0
  0
LINE
  5
756
102
{ACAD_REACTORS
330
89C
102
}
330
1F
100
AcDbEntity
  8
furniture
  6
ACAD_ISO02W100
 62
     6
100
AcDbLine
 10
2959.323745209902
 20
7316.533647344413
 30
0.0
 11
2959.324576880684
 21
7316.515576550369
 31
0.0
  0
LINE
  5
757
102
{ACAD_REACTORS
330
89C
102
}
330
1F
100
AcDbEntity
  8
furniture
  6
ACAD_ISO02W100
 62
     6
100
AcDbLine
 10
2959.322972062242
 20
7316.553309526
 30
0.0
 11
2959.323745209902
 21
7316.533647344413
 31
0.0
  0
LINE
  5
758
102
{ACAD_REACTORS
330
89C
102
}
330
1F
100
AcDbEntity
  8
furniture
  6
ACAD_ISO02W100
 62
     6
100
AcDbLine
 10
2959.322272163848
 20
7316.574750626225
 30
0.0
 11
2959.322972062242
 21
7316.553309526
 31
0.0
  0
LINE
  5
759
102
{ACAD_REACTORS
330
89C
102
}
330
1F
100
AcDbEntity
  8
furniture
  6
ACAD_ISO02W100
 62
     6
100
AcDbLine
 10
2959.389295449004
 20
7318.181902685224
 30
0.0
 11
2959.389168127911
 21
7318.186970021895
 31
0.0
  0
LINE
  5
75A
102
{ACAD_REACTORS
330
89C
102
}
330
1F
100
AcDbEntity
  8
furniture
  6
ACAD_ISO02W100
 62
     6
100
AcDbLine
 10
2959.321677752752
 20
7316.597382010752
 30
0.0
 11
2959.322272163848
 21
7316.574750626225
 31
0.0
  0
LINE
  5
75B
102
{ACAD_REACTORS
330
89C
102
}
330
1F
100
AcDbEntity
  8
furniture
  6
ACAD_ISO02W100
 62
     6
100
AcDbLine
 10
2959.321207370953
 20
7316.620590800147
 30
0.0
 11
2959.321677752752
 21
7316.597382010752
 31
0.0
  0
LINE
  5
75C
102
{ACAD_REACTORS
330
89C
102
}
330
1F
100
AcDbEntity
  8
furniture
  6
ACAD_ISO02W100
 62
     6
100
AcDbLine
 10
2959.320885872181
 20
7316.643765471063
 30
0.0
 11
2959.321207370953
 21
7316.620590800147
 31
0.0
  0
LINE
  5
75D
102
{ACAD_REACTORS
330
89C
102
}
330
1F
100
AcDbEntity
  8
furniture
  6
ACAD_ISO02W100
 62
     6
100
AcDbLine
 10
2959.389535105794
 20
7318.167159377404
 30
0.0
 11
2959.389478175607
 21
7318.171988740359
 31
0.0
  0
LINE
  5
75E
102
{ACAD_REACTORS
330
89C
102
}
330
1F
100
AcDbEntity
  8
furniture
  6
ACAD_ISO02W100
 62
     6
100
AcDbLine
 10
2959.320730731278
 20
7316.665774899819
 30
0.0
 11
2959.320885872181
 21
7316.643765471063
 31
0.0
  0
LINE
  5
75F
102
{ACAD_REACTORS
330
89C
102
}
330
1F
100
AcDbEntity
  8
furniture
  6
ACAD_ISO02W100
 62
     6
100
AcDbLine
 10
2959.389584311166
 20
7318.157630897528
 30
0.0
 11
2959.389535105794
 21
7318.167159377404
 31
0.0
  0
LINE
  5
760
102
{ACAD_REACTORS
330
89C
102
}
330
1F
100
AcDbEntity
  8
furniture
  6
ACAD_ISO02W100
 62
     6
100
AcDbLine
 10
2959.417378085507
 20
7317.799303669977
 30
0.0
 11
2959.417360045107
 21
7317.807408049621
 31
0.0
  0
LINE
  5
761
102
{ACAD_REACTORS
330
89C
102
}
330
1F
100
AcDbEntity
  8
furniture
  6
ACAD_ISO02W100
 62
     6
100
AcDbLine
 10
2959.369476915891
 20
7318.402244644333
 30
0.0
 11
2959.369476914739
 21
7318.031636746176
 31
0.0
  0
LINE
  5
762
102
{ACAD_REACTORS
330
89C
102
}
330
1F
100
AcDbEntity
  8
furniture
  6
ACAD_ISO02W100
 62
     6
100
AcDbLine
 10
2959.381387665573
 20
7317.479588912989
 30
0.0
 11
2959.381387601617
 21
7317.459595638846
 31
0.0
  0
LINE
  5
763
102
{ACAD_REACTORS
330
89C
102
}
330
1F
100
AcDbEntity
  8
furniture
  6
ACAD_ISO02W100
 62
     6
100
AcDbLine
 10
2959.381387601536
 20
7318.390901812695
 30
0.0
 11
2959.381387596855
 21
7318.019545753735
 31
0.0
  0
LINE
  5
764
102
{ACAD_REACTORS
330
89C
102
}
330
1F
100
AcDbEntity
  8
furniture
  6
ACAD_ISO02W100
 62
     6
100
AcDbLine
 10
2959.320727700955
 20
7316.686217748849
 30
0.0
 11
2959.320730731278
 21
7316.665774899819
 31
0.0
  0
LWPOLYLINE
  5
765
102
{ACAD_REACTORS
330
89C
102
}
330
1F
100
AcDbEntity
  8
furniture
  6
ACAD_ISO02W100
 62
     6
100
AcDbPolyline
 90
        6
 70
     0
 43
0.0
 10
2959.417347337681
 20
7317.807178401247
 10
2959.417300242261
 20
7317.79554542358
 10
2959.416788262729
 20
7317.783919190237
 10
2959.41581276254
 20
7317.772317623577
 10
2959.414374505484
 20
7317.760754538468
 10
2959.411116978874
 20
7317.738652545094
  0
LINE
  5
766
102
{ACAD_REACTORS
330
89C
102
}
330
1F
100
AcDbEntity
  8
furniture
  6
ACAD_ISO02W100
 62
     6
100
AcDbLine
 10
2959.320843403334
 20
7316.704405109241
 30
0.0
 11
2959.320727700955
 21
7316.686217748849
 31
0.0
  0
LINE
  5
767
102
{ACAD_REACTORS
330
89C
102
}
330
1F
100
AcDbEntity
  8
furniture
  6
ACAD_ISO02W100
 62
     6
100
AcDbLine
 10
2959.389503458975
 20
7318.142909434595
 30
0.0
 11
2959.389578219245
 21
7318.152784206958
 31
0.0
  0
LINE
  5
768
102
{ACAD_REACTORS
330
89C
102
}
330
1F
100
AcDbEntity
  8
furniture
  6
ACAD_ISO02W100
 62
     6
100
AcDbLine
 10
2959.321047221822
 20
7316.721174850059
 30
0.0
 11
2959.320843403334
 21
7316.704405109241
 31
0.0
  0
LINE
  5
769
102
{ACAD_REACTORS
330
89C
102
}
330
1F
100
AcDbEntity
  8
furniture
  6
ACAD_ISO02W100
 62
     6
100
AcDbLine
 10
2959.321325893205
 20
7316.73682505998
 30
0.0
 11
2959.321047221822
 21
7316.721174850059
 31
0.0
  0
LINE
  5
76A
102
{ACAD_REACTORS
330
89C
102
}
330
1F
100
AcDbEntity
  8
furniture
  6
ACAD_ISO02W100
 62
     6
100
AcDbLine
 10
2959.389226600566
 20
7318.128106056104
 30
0.0
 11
2959.389433513263
 21
7318.138016619506
 31
0.0
  0
LINE
  5
76B
102
{ACAD_REACTORS
330
89C
102
}
330
1F
100
AcDbEntity
  8
furniture
  6
ACAD_ISO02W100
 62
     6
100
AcDbLine
 10
2959.321683211865
 20
7316.752008528003
 30
0.0
 11
2959.321325893205
 21
7316.73682505998
 31
0.0
  0
LINE
  5
76C
102
{ACAD_REACTORS
330
89C
102
}
330
1F
100
AcDbEntity
  8
furniture
  6
ACAD_ISO02W100
 62
     6
100
AcDbLine
 10
2959.322121202422
 20
7316.76713338199
 30
0.0
 11
2959.321683211865
 21
7316.752008528003
 31
0.0
  0
LINE
  5
76D
102
{ACAD_REACTORS
330
89C
102
}
330
1F
100
AcDbEntity
  8
furniture
  6
ACAD_ISO02W100
 62
     6
100
AcDbLine
 10
2959.322643443416
 20
7316.782467414505
 30
0.0
 11
2959.322121202422
 21
7316.76713338199
 31
0.0
  0
LINE
  5
76E
102
{ACAD_REACTORS
330
89C
102
}
330
1F
100
AcDbEntity
  8
furniture
  6
ACAD_ISO02W100
 62
     6
100
AcDbLine
 10
2959.323261420416
 20
7316.798300509536
 30
0.0
 11
2959.322643443416
 21
7316.782467414505
 31
0.0
  0
LWPOLYLINE
  5
76F
102
{ACAD_REACTORS
330
89C
102
}
330
1F
100
AcDbEntity
  8
furniture
  6
ACAD_ISO02W100
 62
     6
100
AcDbPolyline
 90
        3
 70
     0
 43
0.0
 10
2959.388520580176
 20
7318.107351762089
 10
2959.388737969817
 20
7318.112594571113
 10
2959.388926614462
 20
7318.117830549843
  0
LINE
  5
770
102
{ACAD_REACTORS
330
89C
102
}
330
1F
100
AcDbEntity
  8
furniture
  6
ACAD_ISO02W100
 62
     6
100
AcDbLine
 10
2959.323985360764
 20
7316.814786144006
 30
0.0
 11
2959.323261420416
 21
7316.798300509536
 31
0.0
  0
LINE
  5
771
102
{ACAD_REACTORS
330
89C
102
}
330
1F
100
AcDbEntity
  8
furniture
  6
ACAD_ISO02W100
 62
     6
100
AcDbLine
 10
2959.324829165122
 20
7316.832073546435
 30
0.0
 11
2959.323985360764
 21
7316.814786144006
 31
0.0
  0
LINE
  5
772
102
{ACAD_REACTORS
330
89C
102
}
330
1F
100
AcDbEntity
  8
furniture
  6
ACAD_ISO02W100
 62
     6
100
AcDbLine
 10
2959.325815903526
 20
7316.850503948457
 30
0.0
 11
2959.324829165122
 21
7316.832073546435
 31
0.0
  0
LINE
  5
773
102
{ACAD_REACTORS
330
89C
102
}
330
1F
100
AcDbEntity
  8
furniture
  6
ACAD_ISO02W100
 62
     6
100
AcDbLine
 10
2959.417360045107
 20
7317.807408049621
 30
0.0
 11
2959.417347337681
 21
7317.807178401247
 31
0.0
  0
LWPOLYLINE
  5
774
102
{ACAD_REACTORS
330
89C
102
}
330
1F
100
AcDbEntity
  8
furniture
  6
ACAD_ISO02W100
 62
     6
100
AcDbPolyline
 90
        3
 70
     0
 43
0.0
 10
2959.387347349389
 20
7318.085256410563
 10
2959.387688799651
 20
7318.0909895156
 10
2959.387996421547
 20
7318.096584695647
  0
LINE
  5
775
102
{ACAD_REACTORS
330
89C
102
}
330
1F
100
AcDbEntity
  8
furniture
  6
ACAD_ISO02W100
 62
     6
100
AcDbLine
 10
2959.327630647786
 20
7316.881216025848
 30
0.0
 11
2959.325815903526
 21
7316.850503948457
 31
0.0
  0
LINE
  5
776
102
{ACAD_REACTORS
330
89C
102
}
330
1F
100
AcDbEntity
  8
furniture
  6
ACAD_ISO02W100
 62
     6
100
AcDbLine
 10
2959.329874503728
 20
7316.915533731604
 30
0.0
 11
2959.327630647786
 21
7316.881216025848
 31
0.0
  0
LINE
  5
777
102
{ACAD_REACTORS
330
89C
102
}
330
1F
100
AcDbEntity
  8
furniture
  6
ACAD_ISO02W100
 62
     6
100
AcDbLine
 10
2959.332453958989
 20
7316.95178756724
 30
0.0
 11
2959.329874503728
 21
7316.915533731604
 31
0.0
  0
LINE
  5
778
102
{ACAD_REACTORS
330
89C
102
}
330
1F
100
AcDbEntity
  8
furniture
  6
ACAD_ISO02W100
 62
     6
100
AcDbLine
 10
2959.336146379322
 20
7317.000079499131
 30
0.0
 11
2959.332453958989
 21
7316.95178756724
 31
0.0
  0
LINE
  5
779
102
{ACAD_REACTORS
330
89C
102
}
330
1F
100
AcDbEntity
  8
furniture
  6
ACAD_ISO02W100
 62
     6
100
AcDbLine
 10
2959.339867352058
 20
7317.045997670416
 30
0.0
 11
2959.336146379322
 21
7317.000079499131
 31
0.0
  0
LINE
  5
77A
102
{ACAD_REACTORS
330
89C
102
}
330
1F
100
AcDbEntity
  8
furniture
  6
ACAD_ISO02W100
 62
     6
100
AcDbLine
 10
2960.153267835826
 20
7314.661052407247
 30
0.0
 11
2960.162032171268
 21
7314.686028714106
 31
0.0
  0
LINE
  5
77B
102
{ACAD_REACTORS
330
89C
102
}
330
1F
100
AcDbEntity
  8
furniture
  6
ACAD_ISO02W100
 62
     6
100
AcDbLine
 10
2960.143641682721
 20
7314.636235102859
 30
0.0
 11
2960.153267835826
 21
7314.661052407247
 31
0.0
  0
LINE
  5
77C
102
{ACAD_REACTORS
330
89C
102
}
330
1F
100
AcDbEntity
  8
furniture
  6
ACAD_ISO02W100
 62
     6
100
AcDbLine
 10
2960.133160309242
 20
7314.61159380948
 30
0.0
 11
2960.143641682721
 21
7314.636235102859
 31
0.0
  0
LWPOLYLINE
  5
77D
102
{ACAD_REACTORS
330
89C
102
}
330
1F
100
AcDbEntity
  8
furniture
  6
ACAD_ISO02W100
 62
     6
100
AcDbPolyline
 90
       13
 70
     0
 43
0.0
 10
2960.131225443896
 20
7314.607269698967
 10
2960.14212386854
 20
7314.632514025072
 10
2960.152127400712
 20
7314.65794545452
 10
2960.161229274851
 20
7314.683546361198
 10
2960.169422871232
 20
7314.709297650388
 10
2960.176702674628
 20
7314.735181449766
 10
2960.183063689192
 20
7314.761179603171
 10
2960.188501323091
 20
7314.787272870507
 10
2960.1930116722
 20
7314.813441587658
 10
2960.196591622475
 20
7314.839665996252
 10
2960.199239002551
 20
7314.865927999297
 10
2960.200952242207
 20
7314.892210330159
 10
2960.20098531786
 20
7314.893327819051
  0
LWPOLYLINE
  5
77E
102
{ACAD_REACTORS
330
89C
102
}
330
1F
100
AcDbEntity
  8
furniture
  6
ACAD_ISO02W100
 62
     6
100
AcDbPolyline
 90
       34
 70
     0
 43
0.0
 10
2960.127321267394
 20
7314.620630444958
 10
2960.13837712529
 20
7314.645192329479
 10
2960.149406763666
 20
7314.671940060943
 10
2960.159400657149
 20
7314.69874618666
 10
2960.168344166321
 20
7314.725568716385
 10
2960.176244827018
 20
7314.752401885323
 10
2960.18312200269
 20
7314.779277441207
 10
2960.188978882263
 20
7314.806169213465
 10
2960.193822963299
 20
7314.833056515985
 10
2960.197673253954
 20
7314.859980533764
 10
2960.200536732381
 20
7314.886918666234
 10
2960.202421742227
 20
7314.91385069302
 10
2960.20333837739
 20
7314.940823191995
 10
2960.203289122418
 20
7314.967816774573
 10
2960.202277089351
 20
7314.994811318344
 10
2960.200299828868
 20
7315.021852288186
 10
2960.197356532019
 20
7315.048919020663
 10
2960.193448992004
 20
7315.075992359692
 10
2960.188566512588
 20
7315.103118665859
 10
2960.182704051861
 20
7315.130280847812
 10
2960.175857949795
 20
7315.157456620944
 10
2960.168006817866
 20
7315.184682667929
 10
2960.159124638117
 20
7315.211983812983
 10
2960.149215706011
 20
7315.239290945688
 10
2960.13830779809
 20
7315.26650121057
 10
2960.126384632673
 20
7315.293633952191
 10
2960.113462070438
 20
7315.320629659777
 10
2960.099642644868
 20
7315.347275167859
 10
2960.084947900704
 20
7315.373555664783
 10
2960.069406528745
 20
7315.399458265575
 10
2960.053161342726
 20
7315.424784321258
 10
2960.036274341621
 20
7315.449464153992
 10
2960.018719966644
 20
7315.473545455673
 10
2960.001884316359
 20
7315.495302574669
  0
LINE
  5
77F
102
{ACAD_REACTORS
330
89C
102
}
330
1F
100
AcDbEntity
  8
furniture
  6
ACAD_ISO02W100
 62
     6
100
AcDbLine
 10
2960.123519086054
 20
7314.590663464831
 30
0.0
 11
2960.133160309242
 21
7314.61159380948
 31
0.0
  0
LWPOLYLINE
  5
780
102
{ACAD_REACTORS
330
89C
102
}
330
1F
100
AcDbEntity
  8
furniture
  6
ACAD_ISO02W100
 62
     6
100
AcDbPolyline
 90
        3
 70
     0
 43
0.0
 10
2960.10966121599
 20
7314.562906675203
 10
2960.121830898798
 20
7314.587145415024
 10
2960.12351814398
 20
7314.590661490155
  0
LWPOLYLINE
  5
781
102
{ACAD_REACTORS
330
89C
102
}
330
1F
100
AcDbEntity
  8
furniture
  6
ACAD_ISO02W100
 62
     6
100
AcDbPolyline
 90
        8
 70
     0
 43
0.0
 10
2958.405420305451
 20
7317.877621362999
 10
2958.405022677201
 20
7317.879504173145
 10
2958.404625333923
 20
7317.881888726084
 10
2958.404227985606
 20
7317.884746796038
 10
2958.403830459147
 20
7317.888043826272
 10
2958.403432927655
 20
7317.891744449941
 10
2958.403035620486
 20
7317.895812878603
 10
2958.402638711379
 20
7317.900208040758
  0
LWPOLYLINE
  5
782
102
{ACAD_REACTORS
330
89C
102
}
330
1F
100
AcDbEntity
  8
furniture
  6
ACAD_ISO02W100
 62
     6
100
AcDbPolyline
 90
        8
 70
     0
 43
0.0
 10
2958.393501248885
 20
7317.972876039412
 10
2958.393898647119
 20
7317.970993228605
 10
2958.394295995254
 20
7317.968608684076
 10
2958.394693480629
 20
7317.965750615474
 10
2958.395091277664
 20
7317.962453555961
 10
2958.395489211938
 20
7317.958752879862
 10
2958.395886947561
 20
7317.954684410288
 10
2958.396284309361
 20
7317.950289243102
  0
LWPOLYLINE
  5
783
102
{ACAD_REACTORS
330
89C
102
}
330
1F
100
AcDbEntity
  8
furniture
  6
ACAD_ISO02W100
 62
     6
100
AcDbPolyline
 90
        6
 70
     0
 43
0.0
 10
2958.414917243439
 20
7317.900061326767
 10
2958.414464237329
 20
7317.902457590506
 10
2958.413962508909
 20
7317.905509468298
 10
2958.413461347915
 20
7317.908903533954
 10
2958.412960958248
 20
7317.912577708867
 10
2958.412461897865
 20
7317.916464688465
  0
LWPOLYLINE
  5
784
102
{ACAD_REACTORS
330
89C
102
}
330
1F
100
AcDbEntity
  8
furniture
  6
ACAD_ISO02W100
 62
     6
100
AcDbPolyline
 90
       10
 70
     0
 43
0.0
 10
2958.410465152266
 20
7317.932857867231
 10
2958.409961995195
 20
7317.936832145692
 10
2958.40945508947
 20
7317.940624007511
 10
2958.408945110419
 20
7317.944163202968
 10
2958.408431709344
 20
7317.947384820609
 10
2958.407913141863
 20
7317.950225853866
 10
2958.407391152366
 20
7317.952612114499
 10
2958.406870625353
 20
7317.95448341642
 10
2958.406353161878
 20
7317.955806077427
 10
2958.406205330667
 20
7317.956080643114
  0
LWPOLYLINE
  5
785
102
{ACAD_REACTORS
330
89C
102
}
330
1F
100
AcDbEntity
  8
furniture
  6
ACAD_ISO02W100
 62
     6
100
AcDbPolyline
 90
       49
 70
     0
 43
0.0
 10
2959.331913636647
 20
7316.413279972163
 10
2959.332671654601
 20
7316.405736230085
 10
2959.333490466655
 20
7316.39798045728
 10
2959.334381173441
 20
7316.389960083622
 10
2959.335351826112
 20
7316.381662587727
 10
2959.336406901916
 20
7316.373111860319
 10
2959.337553162264
 20
7316.364314295523
 10
2959.338792600378
 20
7316.355314779572
 10
2959.3401372989
 20
7316.34608360274
 10
2959.341612116604
 20
7316.336516803985
 10
2959.343225861787
 20
7316.326632338039
 10
2959.34499250492
 20
7316.316419029623
 10
2959.346951775119
 20
7316.305733807246
 10
2959.349144313766
 20
7316.294463972845
 10
2959.351570600423
 20
7316.282720436729
 10
2959.354212544486
 20
7316.270693329457
 10
2959.357105192049
 20
7316.258316997032
 10
2959.360260570793
 20
7316.245634728836
 10
2959.363607281233
 20
7316.232988228943
 10
2959.367144486894
 20
7316.220399663805
 10
2959.370896835984
 20
7316.207814241046
 10
2959.374802986835
 20
7316.195454454417
 10
2959.378850976001
 20
7316.183347130828
 10
2959.383051906092
 20
7316.171445142074
 10
2959.387357397451
 20
7316.159865722065
 10
2959.391730163956
 20
7316.148680378086
 10
2959.396182392416
 20
7316.137828076688
 10
2959.400735365348
 20
7316.127235645315
 10
2959.405374936491
 20
7316.116917900571
 10
2959.410095589555
 20
7316.106867757885
 10
2959.414939904226
 20
7316.096979319677
 10
2959.419900501564
 20
7316.08725537538
 10
2959.424965950374
 20
7316.077706232885
 10
2959.430180694931
 20
7316.068240438422
 10
2959.435546283319
 20
7316.058850880459
 10
2959.441043043675
 20
7316.049570704689
 10
2959.446689594584
 20
7316.04037261556
 10
2959.452523798533
 20
7316.031206880683
 10
2959.458525344576
 20
7316.022115189262
 10
2959.464633475453
 20
7316.013184266232
 10
2959.470858685622
 20
7316.004386680605
 10
2959.477209029739
 20
7315.995698906785
 10
2959.48359829387
 20
7315.987220882945
 10
2959.489996990794
 20
7315.978967791007
 10
2959.496389984698
 20
7315.970936276258
 10
2959.502689832677
 20
7315.963212497852
 10
2959.508846907532
 20
7315.955831970159
 10
2959.514855219714
 20
7315.948778517903
 10
2959.520690477857
 20
7315.942059640377
  0
LINE
  5
786
102
{ACAD_REACTORS
330
89C
102
}
330
1F
100
AcDbEntity
  8
furniture
  6
ACAD_ISO02W100
 62
     6
100
AcDbLine
 10
2959.330564079318
 20
7316.427686265001
 30
0.0
 11
2959.331913636647
 21
7316.413279972163
 31
0.0
  0
LINE
  5
787
102
{ACAD_REACTORS
330
89C
102
}
330
1F
100
AcDbEntity
  8
furniture
  6
ACAD_ISO02W100
 62
     6
100
AcDbLine
 10
2959.329369437067
 20
7316.441630106902
 30
0.0
 11
2959.330564079318
 21
7316.427686265001
 31
0.0
  0
LINE
  5
788
102
{ACAD_REACTORS
330
89C
102
}
330
1F
100
AcDbEntity
  8
furniture
  6
ACAD_ISO02W100
 62
     6
100
AcDbLine
 10
2959.328293512504
 20
7316.455336419018
 30
0.0
 11
2959.329369437067
 21
7316.441630106902
 31
0.0
  0
LINE
  5
789
102
{ACAD_REACTORS
330
89C
102
}
330
1F
100
AcDbEntity
  8
furniture
  6
ACAD_ISO02W100
 62
     6
100
AcDbLine
 10
2959.327299381608
 20
7316.469186705778
 30
0.0
 11
2959.328293512504
 21
7316.455336419018
 31
0.0
  0
LWPOLYLINE
  5
78A
102
{ACAD_REACTORS
330
89C
102
}
330
1F
100
AcDbEntity
  8
furniture
  6
ACAD_ISO02W100
 62
     6
100
AcDbPolyline
 90
        3
 70
     0
 43
0.0
 10
2959.417072503095
 20
7317.81628488971
 10
2959.416280104833
 20
7317.827925383473
 10
2959.415017268837
 20
7317.839545255861
  0
LINE
  5
78B
102
{ACAD_REACTORS
330
89C
102
}
330
1F
100
AcDbEntity
  8
furniture
  6
ACAD_ISO02W100
 62
     6
100
AcDbLine
 10
2959.326355200932
 20
7316.483647270068
 30
0.0
 11
2959.327299381608
 21
7316.469186705778
 31
0.0
  0
LINE
  5
78C
102
{ACAD_REACTORS
330
89C
102
}
330
1F
100
AcDbEntity
  8
furniture
  6
ACAD_ISO02W100
 62
     6
100
AcDbLine
 10
2959.381387601536
 20
7318.390901812711
 30
0.0
 11
2959.38916812795
 21
7318.186970020455
 31
0.0
  0
LINE
  5
78D
102
{ACAD_REACTORS
330
89C
102
}
330
1F
100
AcDbEntity
  8
furniture
  6
ACAD_ISO02W100
 62
     6
100
AcDbLine
 10
2959.416968931167
 20
7317.817806382674
 30
0.0
 11
2959.417347368639
 21
7317.807176491817
 31
0.0
  0
LWPOLYLINE
  5
792
102
{ACAD_REACTORS
330
89C
102
}
330
1F
100
AcDbEntity
  8
furniture
  6
ACAD_ISO02W100
 62
     6
100
AcDbPolyline
 90
        9
 70
     0
 43
0.0
 10
2960.162032171268
 20
7314.686028714106
 10
2960.169928682411
 20
7314.711146905922
 10
2960.176951957378
 20
7314.736389767944
 10
2960.183097182773
 20
7314.761739999983
 10
2960.188360146966
 20
7314.787180228233
 10
2960.192737242972
 20
7314.812693017251
 10
2960.196225470962
 20
7314.838260881851
 10
2960.198822440275
 20
7314.863866299074
 10
2960.200052160033
 20
7314.882360058788
  0
LINE
  5
793
102
{ACAD_REACTORS
330
89C
102
}
330
1F
100
AcDbEntity
  8
furniture
  6
ACAD_ISO02W100
 62
     6
100
AcDbLine
 10
2957.499950992531
 20
7317.863620044336
 30
0.0
 11
2957.627836808586
 21
7317.630858360911
 31
0.0
  0
LINE
  5
794
102
{ACAD_REACTORS
330
89C
102
}
330
1F
100
AcDbEntity
  8
furniture
  6
ACAD_ISO02W100
 62
     6
100
AcDbLine
 10
2957.510402300647
 20
7317.869362286987
 30
0.0
 11
2957.638287998749
 21
7317.636600705559
 31
0.0
  0
LINE
  5
795
102
{ACAD_REACTORS
330
89C
102
}
330
1F
100
AcDbEntity
  8
furniture
  6
ACAD_ISO02W100
 62
     6
100
AcDbLine
 10
2957.754395943599
 20
7318.122873451914
 30
0.0
 11
2957.74511008649
 21
7318.145291494072
 31
0.0
  0
LINE
  5
796
102
{ACAD_REACTORS
330
89C
102
}
330
1F
100
AcDbEntity
  8
furniture
  6
ACAD_ISO02W100
 62
     6
100
AcDbLine
 10
2957.833268778423
 20
7318.181747665469
 30
0.0
 11
2957.842535779311
 21
7318.159375146243
 31
0.0
  0
LINE
  5
797
102
{ACAD_REACTORS
330
89C
102
}
330
1F
100
AcDbEntity
  8
furniture
  6
ACAD_ISO02W100
 62
     6
100
AcDbLine
 10
2958.40581831533
 20
7317.876261461631
 30
0.0
 11
2958.405420305451
 21
7317.877621362999
 31
0.0
  0
LINE
  5
798
102
{ACAD_REACTORS
330
89C
102
}
330
1F
100
AcDbEntity
  8
furniture
  6
ACAD_ISO02W100
 62
     6
100
AcDbLine
 10
2958.39310373811
 20
7317.97423595167
 30
0.0
 11
2958.393501248885
 21
7317.972876039412
 31
0.0
  0
LINE
  5
79B
330
1F
100
AcDbEntity
  8
0
  6
Continuous
 62
     8
100
AcDbLine
 10
2960.463662416984
 20
7315.401940311642
 30
0.0
 11
2960.463662416984
 21
7315.475874679155
 31
0.0
  0
LWPOLYLINE
  5
7A6
102
{ACAD_REACTORS
330
89C
102
}
330
1F
100
AcDbEntity
  8
furniture
  6
ACAD_ISO02W100
 62
     6
100
AcDbPolyline
 90
       19
 70
     0
 43
0.0
 10
2958.906060996344
 20
7315.713510796399
 10
2958.874708878118
 20
7315.713290224059
 10
2958.840611461933
 20
7315.712580468313
 10
2958.803853693456
 20
7315.71128092283
 10
2958.764286705436
 20
7315.709279307731
 10
2958.722273975573
 20
7315.706488803089
 10
2958.678663905664
 20
7315.702888637805
 10
2958.633927372536
 20
7315.698468223455
 10
2958.587788318988
 20
7315.693153395947
 10
2958.539993656352
 20
7315.686850541377
 10
2958.49059286014
 20
7315.67948994756
 10
2958.4399622685
 20
7315.671057524355
 10
2958.388416116918
 20
7315.66154726632
 10
2958.335614427845
 20
7315.650827956122
 10
2958.2827856329
 20
7315.639090229126
 10
2958.232232722186
 20
7315.62688356519
 10
2958.185928110484
 20
7315.614862465634
 10
2958.141256193585
 20
7315.6025214535
 10
2958.126382411774
 20
7315.598161057876
  0
LINE
  5
7A7
102
{ACAD_REACTORS
330
89C
102
}
330
1F
100
AcDbEntity
  8
furniture
  6
ACAD_ISO02W100
 62
     6
100
AcDbLine
 10
2958.265366604768
 20
7317.981135219622
 30
0.0
 11
2958.137480857314
 21
7318.213896801241
 31
0.0
  0
LWPOLYLINE
  5
7A8
102
{ACAD_REACTORS
330
89C
102
}
330
1F
100
AcDbEntity
  8
furniture
  6
ACAD_ISO02W100
 62
     6
100
AcDbPolyline
 90
       14
 70
     0
 43
0.0
 10
2959.41328502068
 20
7317.851126558295
 10
2959.411084646041
 20
7317.862652984901
 10
2959.408417424738
 20
7317.87410879048
 10
2959.40528620947
 20
7317.885477845255
 10
2959.401695589965
 20
7317.896743480956
 10
2959.397650292957
 20
7317.907889109062
 10
2959.3931557871
 20
7317.918898459204
 10
2959.388218227877
 20
7317.929755673215
 10
2959.382843806407
 20
7317.940444882656
 10
2959.377039040063
 20
7317.950950752666
 10
2959.370812320719
 20
7317.961257812612
 10
2959.364172854325
 20
7317.971350022746
 10
2959.357128835084
 20
7317.981213059372
 10
2959.349690097672
 20
7317.990831836379
  0
LWPOLYLINE
  5
7A9
102
{ACAD_REACTORS
330
89C
102
}
330
1F
100
AcDbEntity
  8
furniture
  6
ACAD_ISO02W100
 62
     6
100
AcDbPolyline
 90
        4
 70
     0
 43
0.0
 10
2959.41328502068
 20
7317.851126558295
 10
2959.414986611547
 20
7317.839428555001
 10
2959.416176974572
 20
7317.828694751338
 10
2959.416902272911
 20
7317.81878560622
  0
LWPOLYLINE
  5
7AD
102
{ACAD_REACTORS
330
89C
102
}
330
1F
100
AcDbEntity
  8
furniture
  6
ACAD_ISO02W100
 62
     6
100
AcDbPolyline
 90
       19
 70
     0
 43
0.0
 10
2958.925806298985
 20
7316.157518202658
 10
2958.905431147766
 20
7316.156936596311
 10
2958.885283614094
 20
7316.155965117882
 10
2958.865369600931
 20
7316.154612963437
 10
2958.845819175179
 20
7316.152901670792
 10
2958.826508941853
 20
7316.150832904971
 10
2958.807083547275
 20
7316.148366767738
 10
2958.78744429233
 20
7316.145474604278
 10
2958.767741075476
 20
7316.142162344916
 10
2958.748010226774
 20
7316.13842501157
 10
2958.72836291571
 20
7316.134275906917
 10
2958.708737876907
 20
7316.129694026674
 10
2958.688930618531
 20
7316.124613178193
 10
2958.66892965277
 20
7316.119002094268
 10
2958.648857680572
 20
7316.112867745883
 10
2958.628740473729
 20
7316.106192200933
 10
2958.60848810374
 20
7316.098910825454
 10
2958.588368827919
 20
7316.091085583019
 10
2958.568890288872
 20
7316.082913146742
  0
LWPOLYLINE
  5
7AE
102
{ACAD_REACTORS
330
89C
102
}
330
1F
100
AcDbEntity
  8
furniture
  6
ACAD_ISO02W100
 62
     6
100
AcDbPolyline
 90
       20
 70
     0
 43
0.0
 10
2958.925906920082
 20
7316.1596023588
 10
2958.905599667769
 20
7316.159032126731
 10
2958.885519748636
 20
7316.158071857474
 10
2958.865673033545
 20
7316.156730731073
 10
2958.846189061181
 20
7316.155030192054
 10
2958.826944942175
 20
7316.15297196991
 10
2958.807586756425
 20
7316.15051637377
 10
2958.788016372751
 20
7316.147634828478
 10
2958.768382976526
 20
7316.144333168323
 10
2958.748722363818
 20
7316.140606317144
 10
2958.729145177889
 20
7316.136467472913
 10
2958.709590582216
 20
7316.131895711406
 10
2958.689854938988
 20
7316.126824984454
 10
2958.669926385113
 20
7316.121223924383
 10
2958.649927440043
 20
7316.11509951657
 10
2958.629884722592
 20
7316.108434166605
 10
2958.60970945467
 20
7316.101163740957
 10
2958.589666878671
 20
7316.093349554023
 10
2958.570259965084
 20
7316.085186895168
 10
2958.551588056776
 20
7316.076749513216
  0
LWPOLYLINE
  5
7AF
102
{ACAD_REACTORS
330
89C
102
}
330
1F
100
AcDbEntity
  8
furniture
  6
ACAD_ISO02W100
 62
     6
100
AcDbPolyline
 90
       21
 70
     0
 43
0.0
 10
2958.925806298985
 20
7316.157518202658
 10
2958.946168934618
 20
7316.156936596311
 10
2958.966352190449
 20
7316.155965117882
 10
2958.986348937618
 20
7316.154612963437
 10
2959.006026901122
 20
7316.152901670792
 10
2959.025508670609
 20
7316.150832904971
 10
2959.045152867938
 20
7316.148366767738
 10
2959.065061149528
 20
7316.145474604278
 10
2959.085083475205
 20
7316.142162344916
 10
2959.105184240689
 20
7316.13842501157
 10
2959.125251104699
 20
7316.134275906917
 10
2959.14534758738
 20
7316.129694026674
 10
2959.165685281581
 20
7316.124613178193
 10
2959.186279362328
 20
7316.119002094268
 10
2959.20700677214
 20
7316.112867745883
 10
2959.227843964939
 20
7316.106192200933
 10
2959.248888175358
 20
7316.098910825454
 10
2959.269864722985
 20
7316.091085583019
 10
2959.29024454812
 20
7316.082913146742
 10
2959.309919406652
 20
7316.074467742443
 10
2959.329045592804
 20
7316.065722278622
  0
LWPOLYLINE
  5
7B0
102
{ACAD_REACTORS
330
89C
102
}
330
1F
100
AcDbEntity
  8
furniture
  6
ACAD_ISO02W100
 62
     6
100
AcDbPolyline
 90
       28
 70
     0
 43
0.0
 10
2959.996663493673
 20
7315.497991354947
 10
2959.967374621264
 20
7315.509724025819
 10
2959.934982008132
 20
7315.522065714699
 10
2959.900076568371
 20
7315.534751937929
 10
2959.863446253714
 20
7315.547472471603
 10
2959.825392789455
 20
7315.560108552363
 10
2959.785565222235
 20
7315.572748507563
 10
2959.74379440684
 20
7315.58539598947
 10
2959.700783731157
 20
7315.59779162282
 10
2959.657407582695
 20
7315.609664991048
 10
2959.614396841552
 20
7315.62082181669
 10
2959.571478622456
 20
7315.631331247704
 10
2959.527893669866
 20
7315.641352117676
 10
2959.483182151063
 20
7315.650954272067
 10
2959.437899507596
 20
7315.659992053838
 10
2959.392966310432
 20
7315.668286731083
 10
2959.349055137382
 20
7315.67574784978
 10
2959.305935724446
 20
7315.68245284464
 10
2959.263175126657
 20
7315.688489936905
 10
2959.220613829799
 20
7315.693887487835
 10
2959.178589521012
 20
7315.698610807107
 10
2959.137362050532
 20
7315.702647895818
 10
2959.097208094728
 20
7315.705998075387
 10
2959.057971116939
 20
7315.708702670869
 10
2959.019242299311
 20
7315.710802391699
 10
2958.980908376793
 20
7315.712304756029
 10
2958.943167457034
 20
7315.71320500969
 10
2958.906060996344
 20
7315.713510796399
  0
LINE
  5
7B1
102
{ACAD_REACTORS
330
89C
102
}
330
1F
100
AcDbEntity
  8
furniture
  6
ACAD_ISO02W100
 62
     6
100
AcDbLine
 10
2959.665776533881
 20
7315.801733484594
 30
0.0
 11
2959.639554473536
 21
7315.824679618291
 31
0.0
  0
LINE
  5
7B2
102
{ACAD_REACTORS
330
89C
102
}
330
1F
100
AcDbEntity
  8
furniture
  6
ACAD_ISO02W100
 62
     6
100
AcDbLine
 10
2959.639554473536
 20
7315.824679618291
 30
0.0
 11
2959.614326497579
 21
7315.847447541758
 31
0.0
  0
LINE
  5
7B3
102
{ACAD_REACTORS
330
89C
102
}
330
1F
100
AcDbEntity
  8
furniture
  6
ACAD_ISO02W100
 62
     6
100
AcDbLine
 10
2959.614326497579
 20
7315.847447541758
 30
0.0
 11
2959.590650446815
 21
7315.869616848122
 31
0.0
  0
LINE
  5
7B4
102
{ACAD_REACTORS
330
89C
102
}
330
1F
100
AcDbEntity
  8
furniture
  6
ACAD_ISO02W100
 62
     6
100
AcDbLine
 10
2959.520145608486
 20
7315.941167828208
 30
0.0
 11
2959.529623490464
 21
7315.932010233886
 31
0.0
  0
LWPOLYLINE
  5
7B5
102
{ACAD_REACTORS
330
89C
102
}
330
1F
100
AcDbEntity
  8
furniture
  6
ACAD_ISO02W100
 62
     6
100
AcDbPolyline
 90
       15
 70
     0
 43
0.0
 10
2959.527600121911
 20
7315.93426676113
 10
2959.518631712024
 20
7315.942995785772
 10
2959.508615397587
 20
7315.952171981535
 10
2959.497521518363
 20
7315.961762478726
 10
2959.485089164435
 20
7315.971917531554
 10
2959.471496476269
 20
7315.982414328505
 10
2959.457536537616
 20
7315.992625862006
 10
2959.443876512
 20
7316.002125781598
 10
2959.430159041964
 20
7316.011225431029
 10
2959.415674257275
 20
7316.020396835757
 10
2959.399946413248
 20
7316.02988612002
 10
2959.383415177743
 20
7316.039370766944
 10
2959.366708321548
 20
7316.048480433899
 10
2959.350261805591
 20
7316.057009007828
 10
2959.333810971033
 20
7316.065125646497
  0
LINE
  5
7B6
102
{ACAD_REACTORS
330
89C
102
}
330
1F
100
AcDbEntity
  8
furniture
  6
ACAD_ISO02W100
 62
     6
100
AcDbLine
 10
2959.590650446815
 20
7315.869616848122
 30
0.0
 11
2959.568718011832
 21
7315.89102802772
 31
0.0
  0
LWPOLYLINE
  5
7B7
102
{ACAD_REACTORS
330
89C
102
}
330
1F
100
AcDbEntity
  8
furniture
  6
ACAD_ISO02W100
 62
     6
100
AcDbPolyline
 90
        3
 70
     0
 43
0.0
 10
2959.568718011832
 20
7315.89102802772
 10
2959.548385024938
 20
7315.911815427097
 10
2959.529886548124
 20
7315.931727080156
  0
LINE
  5
7B8
102
{ACAD_REACTORS
330
89C
102
}
330
1F
100
AcDbEntity
  8
furniture
  6
ACAD_ISO02W100
 62
     6
100
AcDbLine
 10
2959.529892119525
 20
7315.931732256143
 30
0.0
 11
2959.529624063876
 21
7315.932009678178
 31
0.0
  0
LINE
  5
7B9
102
{ACAD_REACTORS
330
89C
102
}
330
1F
100
AcDbEntity
  8
furniture
  6
ACAD_ISO02W100
 62
     6
100
AcDbLine
 10
2959.527861400885
 20
7315.933994701507
 30
0.0
 11
2959.527555214661
 21
7315.934311876478
 31
0.0
  0
LINE
  5
7BA
102
{ACAD_REACTORS
330
89C
102
}
330
1F
100
AcDbEntity
  8
furniture
  6
ACAD_ISO02W100
 62
     6
100
AcDbLine
 10
2959.522686800638
 20
7315.939791627342
 30
0.0
 11
2959.522992856253
 21
7315.9394700497
 31
0.0
  0
LINE
  5
7BB
102
{ACAD_REACTORS
330
89C
102
}
330
1F
100
AcDbEntity
  8
furniture
  6
ACAD_ISO02W100
 62
     6
100
AcDbLine
 10
2959.521015991742
 20
7315.94171623432
 30
0.0
 11
2959.520709533089
 21
7315.942040110201
 31
0.0
  0
LINE
  5
7BC
102
{ACAD_REACTORS
330
89C
102
}
330
1F
100
AcDbEntity
  8
furniture
  6
ACAD_ISO02W100
 62
     6
100
AcDbLine
 10
2959.551398630835
 20
7315.908685492748
 30
0.0
 11
2959.529623490464
 21
7315.932010233886
 31
0.0
  0
LWPOLYLINE
  5
7BD
102
{ACAD_REACTORS
330
89C
102
}
330
1F
100
AcDbEntity
  8
furniture
  6
ACAD_ISO02W100
 62
     6
100
AcDbPolyline
 90
        8
 70
     0
 43
0.0
 10
2960.001881049803
 20
7315.495327132939
 10
2960.001338559872
 20
7315.495926720085
 10
2960.000725036129
 20
7315.49645490277
 10
2960.000037556641
 20
7315.496914304202
 10
2959.999281135757
 20
7315.497300609596
 10
2959.998461537702
 20
7315.497609151933
 10
2959.997585875064
 20
7315.497837112528
 10
2959.996663671871
 20
7315.497988832838
  0
LWPOLYLINE
  5
7BE
102
{ACAD_REACTORS
330
89C
102
}
330
1F
100
AcDbEntity
  8
furniture
  6
ACAD_ISO02W100
 62
     6
100
AcDbPolyline
 90
        8
 70
     0
 43
0.0
 10
2959.997528281558
 20
7315.500748713922
 10
2959.997112270641
 20
7315.50121130268
 10
2959.996511320687
 20
7315.501741498319
 10
2959.995832274447
 20
7315.502200485934
 10
2959.995080947696
 20
7315.50258656089
 10
2959.994264728839
 20
7315.502898172005
 10
2959.993391939664
 20
7315.503133423006
 10
2959.992470774462
 20
7315.503290590864
  0
LINE
  5
7BF
102
{ACAD_REACTORS
330
89C
102
}
330
1F
100
AcDbEntity
  8
furniture
  6
ACAD_ISO02W100
 62
     6
100
AcDbLine
 10
2959.525922616611
 20
7315.936140677043
 30
0.0
 11
2959.529919364275
 21
7315.931705889105
 31
0.0
  0
LINE
  5
7C0
102
{ACAD_REACTORS
330
89C
102
}
330
1F
100
AcDbEntity
  8
furniture
  6
ACAD_ISO02W100
 62
     6
100
AcDbLine
 10
2959.522686800638
 20
7315.939791627342
 30
0.0
 11
2959.52679789661
 21
7315.935184023439
 31
0.0
  0
LINE
  5
7C1
102
{ACAD_REACTORS
330
89C
102
}
330
1F
100
AcDbEntity
  8
furniture
  6
ACAD_ISO02W100
 62
     6
100
AcDbLine
 10
2959.522992984446
 20
7315.939469954857
 30
0.0
 11
2959.520690477857
 21
7315.942059640377
 31
0.0
  0
LWPOLYLINE
  5
7C2
102
{ACAD_REACTORS
330
89C
102
}
330
1F
100
AcDbEntity
  8
furniture
  6
ACAD_ISO02W100
 62
     6
100
AcDbPolyline
 90
       43
 70
     0
 43
0.0
 10
2959.521016061224
 20
7315.941716155123
 10
2959.50699000235
 20
7315.958069435795
 10
2959.491854920912
 20
7315.97664727701
 10
2959.47726297832
 20
7315.995671407565
 10
2959.463329797922
 20
7316.015124392295
 10
2959.450119361978
 20
7316.035031492333
 10
2959.437593252588
 20
7316.055450595252
 10
2959.425757880845
 20
7316.076361686874
 10
2959.414646430673
 20
7316.097719692304
 10
2959.404254737563
 20
7316.119553617032
 10
2959.394604681842
 20
7316.141837766396
 10
2959.385692279044
 20
7316.164546718531
 10
2959.377474676445
 20
7316.187721670255
 10
2959.369943299334
 20
7316.211335582379
 10
2959.363087905379
 20
7316.235359077234
 10
2959.356871889736
 20
7316.259839178062
 10
2959.351273035215
 20
7316.284761058837
 10
2959.346281674692
 20
7316.310085842133
 10
2959.341878151721
 20
7316.335831124814
 10
2959.338038658307
 20
7316.361980940486
 10
2959.334725195905
 20
7316.388501779245
 10
2959.331883533165
 20
7316.415395339801
 10
2959.329466502677
 20
7316.442649848987
 10
2959.327426523845
 20
7316.470231369383
 10
2959.325711579343
 20
7316.498113145256
 10
2959.324290690868
 20
7316.526292254716
 10
2959.323139779096
 20
7316.554760641539
 10
2959.322238401409
 20
7316.583485842425
 10
2959.321577238024
 20
7316.612440176027
 10
2959.321148964694
 20
7316.641607012751
 10
2959.320968469478
 20
7316.670959402699
 10
2959.321070972444
 20
7316.700481245894
 10
2959.321480985622
 20
7316.730178613084
 10
2959.322212346214
 20
7316.760062440875
 10
2959.323257496227
 20
7316.790103282461
 10
2959.324590735453
 20
7316.820331828117
 10
2959.326188830527
 20
7316.850831362774
 10
2959.328013436201
 20
7316.881560727409
 10
2959.330036729381
 20
7316.912517978574
 10
2959.332245282576
 20
7316.943836732183
 10
2959.334611888131
 20
7316.975481608643
 10
2959.337113022341
 20
7317.007429064412
 10
2959.339746544112
 20
7317.039822421833
  0
LWPOLYLINE
  5
7C3
102
{ACAD_REACTORS
330
89C
102
}
330
1F
100
AcDbEntity
  8
furniture
  6
ACAD_ISO02W100
 62
     6
100
AcDbPolyline
 90
       11
 70
     0
 43
0.0
 10
2959.997528281558
 20
7315.500748713922
 10
2959.982522061006
 20
7315.518624413741
 10
2959.964949781018
 20
7315.538263235128
 10
2959.946405749298
 20
7315.557789635612
 10
2959.926956101312
 20
7315.577223796445
 10
2959.906667523906
 20
7315.596593650415
 10
2959.885605985489
 20
7315.615933277398
 10
2959.863838273248
 20
7315.635281217429
 10
2959.841434301683
 20
7315.654676117699
 10
2959.818468781591
 20
7315.674156892902
 10
2959.795013591934
 20
7315.693769904007
  0
LINE
  5
7C4
102
{ACAD_REACTORS
330
89C
102
}
330
1F
100
AcDbEntity
  8
furniture
  6
ACAD_ISO02W100
 62
     6
100
AcDbLine
 10
2959.521243516076
 20
7315.941440609073
 30
0.0
 11
2959.521016061224
 21
7315.941716155123
 31
0.0
  0
LWPOLYLINE
  5
7C5
102
{ACAD_REACTORS
330
89C
102
}
330
1F
100
AcDbEntity
  8
furniture
  6
ACAD_ISO02W100
 62
     6
100
AcDbPolyline
 90
       12
 70
     0
 43
0.0
 10
2959.99247262511
 20
7315.503290539151
 10
2959.978866656631
 20
7315.519789771001
 10
2959.964062331207
 20
7315.536705690867
 10
2959.948032388038
 20
7315.554040068528
 10
2959.930752989372
 20
7315.571806620607
 10
2959.912218865595
 20
7315.590008118372
 10
2959.892449310169
 20
7315.608637719717
 10
2959.871506107618
 20
7315.627677935758
 10
2959.849376261513
 20
7315.647196253912
 10
2959.825984365621
 20
7315.667322142184
 10
2959.801252233656
 20
7315.688207288807
 10
2959.775381371297
 20
7315.709791283096
  0
LINE
  5
7C6
102
{ACAD_REACTORS
330
89C
102
}
330
1F
100
AcDbEntity
  8
furniture
  6
ACAD_ISO02W100
 62
     6
100
AcDbLine
 10
2959.997945388185
 20
7315.500238189355
 30
0.0
 11
2959.997540271305
 21
7315.50073755802
 31
0.0
  0
LINE
  5
7C7
102
{ACAD_REACTORS
330
89C
102
}
330
1F
100
AcDbEntity
  8
furniture
  6
ACAD_ISO02W100
 62
     6
100
AcDbLine
 10
2960.001881049803
 20
7315.495327132939
 30
0.0
 11
2959.997945388185
 21
7315.500238189355
 31
0.0
  0
LINE
  5
7C8
102
{ACAD_REACTORS
330
89C
102
}
330
1F
100
AcDbEntity
  8
furniture
  6
ACAD_ISO02W100
 62
     6
100
AcDbLine
 10
2960.001893581806
 20
7315.495311345637
 30
0.0
 11
2960.001881049803
 21
7315.495327132939
 31
0.0
  0
LINE
  5
7C9
102
{ACAD_REACTORS
330
89C
102
}
330
1F
100
AcDbEntity
  8
furniture
  6
ACAD_ISO02W100
 62
     6
100
AcDbLine
 10
2959.992470774255
 20
7315.503290591118
 30
0.0
 11
2959.996204114207
 21
7315.498575212389
 31
0.0
  0
LINE
  5
7CA
102
{ACAD_REACTORS
330
89C
102
}
330
1F
100
AcDbEntity
  8
furniture
  6
ACAD_ISO02W100
 62
     6
100
AcDbLine
 10
2959.996204114207
 20
7315.498575212389
 30
0.0
 11
2959.996663671871
 21
7315.497988832838
 31
0.0
  0
LWPOLYLINE
  5
7CB
102
{ACAD_REACTORS
330
89C
102
}
330
1F
100
AcDbEntity
  8
furniture
  6
ACAD_ISO02W100
 62
     6
100
AcDbPolyline
 90
       34
 70
     0
 43
0.0
 10
2959.996663668651
 20
7315.497988819412
 10
2960.014893206326
 20
7315.474012373963
 10
2960.032459031438
 20
7315.449387370282
 10
2960.049340759791
 20
7315.424122811203
 10
2960.065619589938
 20
7315.398083782452
 10
2960.08116602016
 20
7315.371426849134
 10
2960.095683778343
 20
7315.344623637965
 10
2960.109094939878
 20
7315.317853046568
 10
2960.121493135968
 20
7315.290984167347
 10
2960.132879289409
 20
7315.264039141158
 10
2960.143258946004
 20
7315.237035687603
 10
2960.15263556915
 20
7315.209997264142
 10
2960.161006018342
 20
7315.18295459967
 10
2960.16837835475
 20
7315.155925313496
 10
2960.174760077789
 20
7315.128932876025
 10
2960.180152149904
 20
7315.102017777062
 10
2960.184562070432
 20
7315.075216207777
 10
2960.188004175604
 20
7315.048531825489
 10
2960.190488885819
 20
7315.021956091925
 10
2960.192024534479
 20
7314.995512469076
 10
2960.192623970831
 20
7314.969216053185
 10
2960.192297707195
 20
7314.94304519189
 10
2960.19105484829
 20
7314.917014147868
 10
2960.188905819128
 20
7314.891145126259
 10
2960.185856645466
 20
7314.865428088819
 10
2960.181921628292
 20
7314.839916079624
 10
2960.177107616411
 20
7314.814591528109
 10
2960.171395717696
 20
7314.789339345276
 10
2960.164801054901
 20
7314.764228255413
 10
2960.157318644531
 20
7314.739225504972
 10
2960.1488606043
 20
7314.714068522871
 10
2960.139374712862
 20
7314.688686623376
 10
2960.128879979641
 20
7314.663195714953
 10
2960.117377126294
 20
7314.637616145225
  0
LWPOLYLINE
  5
7CC
102
{ACAD_REACTORS
330
89C
102
}
330
1F
100
AcDbEntity
  8
furniture
  6
ACAD_ISO02W100
 62
     6
100
AcDbPolyline
 90
        3
 70
     0
 43
0.0
 10
2958.395191236864
 20
7317.974903446961
 10
2958.395090413919
 20
7317.975059031414
 10
2958.394690302253
 20
7317.975333296444
  0
LWPOLYLINE
  5
7CD
102
{ACAD_REACTORS
330
89C
102
}
330
1F
100
AcDbEntity
  8
furniture
  6
ACAD_ISO02W100
 62
     6
100
AcDbPolyline
 90
        3
 70
     0
 43
0.0
 10
2958.403745648112
 20
7317.875584535115
 10
2958.403839758341
 20
7317.875438355462
 10
2958.404233948738
 20
7317.875164153363
  0
LINE
  5
7CE
102
{ACAD_REACTORS
330
89C
102
}
330
1F
100
AcDbEntity
  8
furniture
  6
ACAD_ISO02W100
 62
     6
100
AcDbLine
 10
2958.392717212035
 20
7317.894427926851
 30
0.0
 11
2958.401692357961
 21
7317.879109483484
 31
0.0
  0
LINE
  5
7CF
102
{ACAD_REACTORS
330
89C
102
}
330
1F
100
AcDbEntity
  8
furniture
  6
ACAD_ISO02W100
 62
     6
100
AcDbLine
 10
2958.406204651203
 20
7317.956081795204
 30
0.0
 11
2958.397114036862
 21
7317.971601354464
 31
0.0
  0
LINE
  5
7D0
102
{ACAD_REACTORS
330
89C
102
}
330
1F
100
AcDbEntity
  8
furniture
  6
ACAD_ISO02W100
 62
     6
100
AcDbLine
 10
2958.401692357961
 20
7317.879109483484
 30
0.0
 11
2958.403746502514
 21
7317.875584543429
 31
0.0
  0
LINE
  5
7D1
102
{ACAD_REACTORS
330
89C
102
}
330
1F
100
AcDbEntity
  8
furniture
  6
ACAD_ISO02W100
 62
     6
100
AcDbLine
 10
2958.397114036862
 20
7317.971601354464
 30
0.0
 11
2958.395189898104
 21
7317.974903433619
 31
0.0
  0
LINE
  5
7D2
102
{ACAD_REACTORS
330
89C
102
}
330
1F
100
AcDbEntity
  8
furniture
  6
ACAD_ISO02W100
 62
     6
100
AcDbLine
 10
2958.275817911588
 20
7317.986877405471
 30
0.0
 11
2958.147932095533
 21
7318.219639088896
 31
0.0
  0
LWPOLYLINE
  5
7D3
102
{ACAD_REACTORS
330
89C
102
}
330
1F
100
AcDbEntity
  8
furniture
  6
ACAD_ISO02W100
 62
     6
100
AcDbPolyline
 90
       10
 70
     0
 43
0.0
 10
2958.392717062791
 20
7317.894427666522
 10
2958.392598810883
 20
7317.894643354275
 10
2958.392094211385
 20
7317.895892410145
 10
2958.391588560651
 20
7317.897666611596
 10
2958.391081390885
 20
7317.899941384379
 10
2958.390573169874
 20
7317.902669824339
 10
2958.390064033079
 20
7317.905803556236
 10
2958.38955380902
 20
7317.909294731895
 10
2958.389042669175
 20
7317.913083892381
 10
2958.388730167462
 20
7317.915535095827
  0
LINE
  5
7D4
102
{ACAD_REACTORS
330
89C
102
}
330
1F
100
AcDbEntity
  8
furniture
  6
ACAD_ISO02W100
 62
     6
100
AcDbLine
 10
2959.380692131914
 20
7318.014240776813
 30
0.0
 11
2959.380891690273
 21
7318.013621720324
 31
0.0
  0
LINE
  5
7DA
102
{ACAD_REACTORS
330
89C
102
}
330
1F
100
AcDbEntity
  8
furniture
  6
ACAD_ISO02W100
 62
     6
100
AcDbLine
 10
2957.649386492344
 20
7316.732758926327
 30
0.0
 11
2958.126382411774
 21
7316.732758926327
 31
0.0
  0
LWPOLYLINE
  5
7DB
102
{ACAD_REACTORS
330
89C
102
}
330
1F
100
AcDbEntity
  8
furniture
  6
ACAD_ISO02W100
 62
     6
100
AcDbPolyline
 90
       23
 70
     0
 43
0.0
 10
2959.333810971033
 20
7316.065125646497
 10
2959.31695421235
 20
7316.07302867241
 10
2959.29939058227
 20
7316.080822301647
 10
2959.281345528786
 20
7316.088366066309
 10
2959.263192681744
 20
7316.095494891403
 10
2959.245153144742
 20
7316.10214024608
 10
2959.227105531149
 20
7316.108369216433
 10
2959.208957069148
 20
7316.114227981092
 10
2959.19078517368
 20
7316.119701930073
 10
2959.172592740556
 20
7316.124800261137
 10
2959.154142658031
 20
7316.12959048435
 10
2959.13520834072
 20
7316.134117354874
 10
2959.11603553053
 20
7316.138307968076
 10
2959.097103521131
 20
7316.142064983697
 10
2959.078796409317
 20
7316.145343934419
 10
2959.060803251383
 20
7316.148231665448
 10
2959.042557033782
 20
7316.150824641191
 10
2959.023881913073
 20
7316.1531325116
 10
2959.004952290769
 20
7316.155117463641
 10
2958.985697275276
 20
7316.156773146608
 10
2958.966091977776
 20
7316.15808491318
 10
2958.946161499754
 20
7316.159033688996
 10
2958.925906920082
 20
7316.1596023588
  0
LWPOLYLINE
  5
7DC
102
{ACAD_REACTORS
330
89C
102
}
330
1F
100
AcDbEntity
  8
furniture
  6
ACAD_ISO02W100
 62
     6
100
AcDbPolyline
 90
       13
 70
     0
 43
0.0
 10
2959.329045592804
 20
7316.065722278622
 10
2959.347569414692
 20
7316.056745882052
 10
2959.365035231299
 20
7316.047810861968
 10
2959.381901703008
 20
7316.038725693626
 10
2959.39930942175
 20
7316.028848289462
 10
2959.417877906182
 20
7316.01770939265
 10
2959.436530330463
 20
7316.005837738723
 10
2959.453914582683
 20
7315.994090605373
 10
2959.469717854434
 20
7315.982767062948
 10
2959.484294912519
 20
7315.971698638508
 10
2959.497543569327
 20
7315.961035148153
 10
2959.509467428344
 20
7315.95085453135
 10
2959.520145608486
 20
7315.941167828208
  0
LWPOLYLINE
  5
7DE
102
{ACAD_REACTORS
330
89C
102
}
330
1F
100
AcDbEntity
  8
furniture
  6
ACAD_ISO02W100
 62
     6
100
AcDbPolyline
 90
        9
 70
     0
 43
0.0
 10
2959.795013591934
 20
7315.693769904007
 10
2959.722448423974
 20
7315.753892730199
 10
2959.697786076965
 20
7315.774529786736
 10
2959.673024390994
 20
7315.795557654633
 10
2959.648258266247
 20
7315.817035686307
 10
2959.623592269243
 20
7315.839024952062
 10
2959.59914022564
 20
7315.861588369251
 10
2959.575028202052
 20
7315.884788058041
 10
2959.551398630835
 20
7315.908685492748
  0
LWPOLYLINE
  5
7DF
102
{ACAD_REACTORS
330
89C
102
}
330
1F
100
AcDbEntity
  8
furniture
  6
ACAD_ISO02W100
 62
     6
100
AcDbPolyline
 90
        4
 70
     0
 43
0.0
 10
2959.775381371297
 20
7315.709791283096
 10
2959.721184069826
 20
7315.754817701066
 10
2959.693099485782
 20
7315.778396464292
 10
2959.665776533881
 20
7315.801733484594
  0
LWPOLYLINE
  5
7F5
102
{ACAD_REACTORS
330
89C
102
}
330
1F
100
AcDbEntity
  8
furniture
  6
ACAD_ISO02W100
 62
     6
100
AcDbPolyline
 90
        3
 70
     0
 43
0.0
 10
2958.406615189975
 20
7317.875164153363
 10
2958.406216610166
 20
7317.87543928154
 10
2958.40581831533
 20
7317.876261461631
  0
LWPOLYLINE
  5
7F6
102
{ACAD_REACTORS
330
89C
102
}
330
1F
100
AcDbEntity
  8
furniture
  6
ACAD_ISO02W100
 62
     6
100
AcDbPolyline
 90
       26
 70
     0
 43
0.0
 10
2959.349690097672
 20
7317.990831836379
 10
2959.341869675495
 20
7318.00018994766
 10
2959.333678835532
 20
7318.009273824235
 10
2959.325128666591
 20
7318.018070097996
 10
2959.316233226635
 20
7318.026563668746
 10
2959.307006377339
 20
7318.034742277716
 10
2959.297460875746
 20
7318.042594933608
 10
2959.287610539208
 20
7318.050109696194
 10
2959.277469276842
 20
7318.057275332407
 10
2959.267051841979
 20
7318.064082202299
 10
2959.256373349023
 20
7318.070520807897
 10
2959.245448698044
 20
7318.07658174207
 10
2959.234293438992
 20
7318.08225585324
 10
2959.222924152508
 20
7318.08753508344
 10
2959.211356703562
 20
7318.092411975181
 10
2959.199607348938
 20
7318.096879008791
 10
2959.187694041461
 20
7318.100929696322
 10
2959.175633644269
 20
7318.10455904408
 10
2959.163443652184
 20
7318.107761865626
 10
2959.151143252588
 20
7318.110533263759
 10
2959.138750561048
 20
7318.112869589398
 10
2959.126280772457
 20
7318.114767816554
 10
2959.11374921125
 20
7318.116225263778
 10
2959.101175243507
 20
7318.11724054467
 10
2959.088580181822
 20
7318.117812464653
 10
2959.078687574073
 20
7318.117950065058
  0
LWPOLYLINE
  5
7F7
102
{ACAD_REACTORS
330
89C
102
}
330
1F
100
AcDbEntity
  8
furniture
  6
ACAD_ISO02W100
 62
     6
100
AcDbPolyline
 90
       10
 70
     0
 43
0.0
 10
2959.369476917647
 20
7318.031636740785
 10
2959.370568886606
 20
7318.030273687644
 10
2959.37163936243
 20
7318.02891908389
 10
2959.372680016987
 20
7318.02757476447
 10
2959.373680604315
 20
7318.026241749916
 10
2959.374637139799
 20
7318.02492288912
 10
2959.375550945233
 20
7318.023622381798
 10
2959.376417918483
 20
7318.022342468688
 10
2959.377229544569
 20
7318.021083871747
 10
2959.3779803988
 20
7318.019848132649
  0
LWPOLYLINE
  5
7F8
102
{ACAD_REACTORS
330
89C
102
}
330
1F
100
AcDbEntity
  8
furniture
  6
ACAD_ISO02W100
 62
     6
100
AcDbPolyline
 90
        9
 70
     0
 43
0.0
 10
2959.3779803988
 20
7318.019848132649
 10
2959.378425229548
 20
7318.019081974052
 10
2959.378840800207
 20
7318.018334116931
 10
2959.379226372434
 20
7318.017604968026
 10
2959.379580769462
 20
7318.016895723914
 10
2959.379904149244
 20
7318.016205964489
 10
2959.380197517293
 20
7318.015533614088
 10
2959.380460560325
 20
7318.014878177294
 10
2959.380692131914
 20
7318.014240776813
  0
LINE
  5
7FA
102
{ACAD_REACTORS
330
89C
102
}
330
1F
100
AcDbEntity
  8
furniture
  6
ACAD_ISO02W100
 62
     6
100
AcDbLine
 10
2959.369476914739
 20
7318.031636746176
 30
0.0
 11
2959.311836847886
 21
7318.019285372674
 31
0.0
  0
LINE
  5
7FB
102
{ACAD_REACTORS
330
89C
102
}
330
1F
100
AcDbEntity
  8
furniture
  6
ACAD_ISO02W100
 62
     6
100
AcDbLine
 10
2959.311836847886
 20
7318.019285372674
 30
0.0
 11
2959.282980304688
 21
7318.013152152558
 31
0.0
  0
LINE
  5
7FC
102
{ACAD_REACTORS
330
89C
102
}
330
1F
100
AcDbEntity
  8
furniture
  6
ACAD_ISO02W100
 62
     6
100
AcDbLine
 10
2959.344616930767
 20
7317.996902513822
 30
0.0
 11
2959.369647072761
 21
7318.002008421306
 31
0.0
  0
LINE
  5
7FD
102
{ACAD_REACTORS
330
89C
102
}
330
1F
100
AcDbEntity
  8
furniture
  6
ACAD_ISO02W100
 62
     6
100
AcDbLine
 10
2958.266481922716
 20
7317.981297274288
 30
0.0
 11
2958.269530570324
 21
7317.981753318147
 31
0.0
  0
LWPOLYLINE
  5
7FE
102
{ACAD_REACTORS
330
89C
102
}
330
1F
100
AcDbEntity
  8
furniture
  6
ACAD_ISO02W100
 62
     6
100
AcDbPolyline
 90
       16
 70
     0
 43
0.0
 10
2958.272739174402
 20
7317.982224902404
 10
2958.273963797182
 20
7317.982406809814
 10
2958.274485587677
 20
7317.982480138539
 10
2958.274950554681
 20
7317.982550454154
 10
2958.275361612736
 20
7317.982606378333
 10
2958.275721335211
 20
7317.982649796608
 10
2958.276032707096
 20
7317.982698857935
 10
2958.276302124948
 20
7317.982720045863
 10
2958.276529660342
 20
7317.982728658423
 10
2958.276712208851
 20
7317.982781479145
 10
2958.276856184178
 20
7317.982852383668
 10
2958.276967846076
 20
7317.982904572689
 10
2958.27704860938
 20
7317.982949050142
 10
2958.277103922884
 20
7317.982974448163
 10
2958.277140692107
 20
7317.98295601355
 10
2958.277162910807
 20
7317.982881680883
  0
LINE
  5
7FF
102
{ACAD_REACTORS
330
89C
102
}
330
1F
100
AcDbEntity
  8
furniture
  6
ACAD_ISO02W100
 62
     6
100
AcDbLine
 10
2958.269530570324
 20
7317.981753318147
 30
0.0
 11
2958.272739174402
 21
7317.982224902404
 31
0.0
  0
LINE
  5
800
102
{ACAD_REACTORS
330
89C
102
}
330
1F
100
AcDbEntity
  8
furniture
  6
ACAD_ISO02W100
 62
     6
100
AcDbLine
 10
2958.265366603472
 20
7317.981135220226
 30
0.0
 11
2958.266481922716
 21
7317.981297274288
 31
0.0
  0
LINE
  5
801
102
{ACAD_REACTORS
330
89C
102
}
330
1F
100
AcDbEntity
  8
furniture
  6
ACAD_ISO02W100
 62
     6
100
AcDbLine
 10
2957.506404430262
 20
7317.868768983841
 30
0.0
 11
2957.502408174301
 21
7317.868181221567
 31
0.0
  0
LWPOLYLINE
  5
802
102
{ACAD_REACTORS
330
89C
102
}
330
1F
100
AcDbEntity
  8
furniture
  6
ACAD_ISO02W100
 62
     6
100
AcDbPolyline
 90
        3
 70
     0
 43
0.0
 10
2957.510402300647
 20
7317.869362286987
 10
2957.508992341635
 20
7317.869160637416
 10
2957.506404430262
 20
7317.868768983841
  0
LWPOLYLINE
  5
803
102
{ACAD_REACTORS
330
89C
102
}
330
1F
100
AcDbEntity
  8
furniture
  6
ACAD_ISO02W100
 62
     6
100
AcDbPolyline
 90
       12
 70
     0
 43
0.0
 10
2957.502408174301
 20
7317.868181221567
 10
2957.501662635213
 20
7317.868076038879
 10
2957.501012119823
 20
7317.867972570195
 10
2957.500450846286
 20
7317.867906856932
 10
2957.49997589683
 20
7317.867862324252
 10
2957.499583646573
 20
7317.867782091773
 10
2957.499257862279
 20
7317.8677656452
 10
2957.499001936384
 20
7317.867776360754
 10
2957.498825808152
 20
7317.867684957055
 10
2957.49871468681
 20
7317.867552791351
 10
2957.498645376941
 20
7317.867514393419
 10
2957.498605983414
 20
7317.867615835798
  0
LWPOLYLINE
  5
804
102
{ACAD_REACTORS
330
89C
102
}
330
1F
100
AcDbEntity
  8
furniture
  6
ACAD_ISO02W100
 62
     6
100
AcDbPolyline
 90
       46
 70
     0
 43
0.0
 10
2957.298050527442
 20
7317.758300284285
 10
2957.309773845816
 20
7317.758726696529
 10
2957.321337565576
 20
7317.759950896578
 10
2957.332741686716
 20
7317.761972884435
 10
2957.344045285719
 20
7317.764809602151
 10
2957.3551892861
 20
7317.768444107682
 10
2957.365996458438
 20
7317.772825574855
 10
2957.376462464658
 20
7317.777975942405
 10
2957.386591642833
 20
7317.783873271604
 10
2957.396219777753
 20
7317.790400920067
 10
2957.405322135375
 20
7317.797547602232
 10
2957.413923449742
 20
7317.805324603654
 10
2957.421933707828
 20
7317.813649138627
 10
2957.429357851572
 20
7317.822541699483
 10
2957.436190939037
 20
7317.831981793874
 10
2957.442328131304
 20
7317.841825159085
 10
2957.447758059269
 20
7317.852077386824
 10
2957.452492092029
 20
7317.862732885382
 10
2957.456459498004
 20
7317.873630616809
 10
2957.459646899369
 20
7317.884770691363
 10
2957.46206767394
 20
7317.896152998788
 10
2957.463691223568
 20
7317.907616170455
 10
2957.464506540529
 20
7317.919161909521
 10
2957.464524632548
 20
7317.930788512821
 10
2957.463747924605
 20
7317.942329502248
 10
2957.46216673945
 20
7317.953781071236
 10
2957.459790754342
 20
7317.965147026349
 10
2957.456651426026
 20
7317.976272309195
 10
2957.452738152545
 20
7317.987155343615
 10
2957.448061535871
 20
7317.997797705777
 10
2957.44268483863
 20
7318.008049065686
 10
2957.436597565306
 20
7318.017907574045
 10
2957.429810211431
 20
7318.02737508016
 10
2957.422417526188
 20
7318.036306802048
 10
2957.414420921975
 20
7318.044685772424
 10
2957.405818986393
 20
7318.052528958554
 10
2957.396702231516
 20
7318.059742480331
 10
2957.387044074569
 20
7318.066336638169
 10
2957.376871098325
 20
7318.072301131639
 10
2957.366353563213
 20
7318.077511179319
 10
2957.355485359009
 20
7318.081943016117
 10
2957.344272595938
 20
7318.085620407119
 10
2957.332903865042
 20
7318.088489866177
 10
2957.321442030004
 20
7318.090533564575
 10
2957.309824227151
 20
7318.091769331021
 10
2957.298050456465
 20
7318.092197165514
  0
LWPOLYLINE
  5
805
102
{ACAD_REACTORS
330
89C
102
}
330
1F
100
AcDbEntity
  8
furniture
  6
ACAD_ISO02W100
 62
     6
100
AcDbPolyline
 90
       46
 70
     0
 43
0.0
 10
2957.298050447768
 20
7317.746375279388
 10
2957.307750999613
 20
7317.746643153658
 10
2957.320140559073
 20
7317.747763045545
 10
2957.332437759669
 20
7317.749745244746
 10
2957.344587189279
 20
7317.752580332258
 10
2957.356531167817
 20
7317.756259105395
 10
2957.368208613349
 20
7317.760773277093
 10
2957.379557102503
 20
7317.766112454798
 10
2957.390509323955
 20
7317.772250071311
 10
2957.401010799553
 20
7317.779150223401
 10
2957.411015501103
 20
7317.786775922733
 10
2957.420477100587
 20
7317.795093055732
 10
2957.42934456765
 20
7317.804067690143
 10
2957.437564531092
 20
7317.81366647645
 10
2957.445090171508
 20
7317.823841032598
 10
2957.45187990863
 20
7317.834529851849
 10
2957.45790158464
 20
7317.845677466803
 10
2957.463130619796
 20
7317.857232063571
 10
2957.467539047843
 20
7317.869136660316
 10
2957.471094602894
 20
7317.881333629715
 10
2957.473767516633
 20
7317.893763516913
 10
2957.47554762071
 20
7317.906355489263
 10
2957.476433270363
 20
7317.919041387938
 10
2957.476422788012
 20
7317.931758040663
 10
2957.475515789222
 20
7317.944441765866
 10
2957.473714045184
 20
7317.95702998713
 10
2957.471020703545
 20
7317.969454318604
 10
2957.467445723496
 20
7317.98164340241
 10
2957.463018245361
 20
7317.993538362788
 10
2957.457771082784
 20
7318.005082474987
 10
2957.451732576809
 20
7318.016218564065
 10
2957.444926800685
 20
7318.026894377435
 10
2957.437385516345
 20
7318.037054870288
 10
2957.429151556093
 20
7318.046639008456
 10
2957.420271807553
 20
7318.055597850314
 10
2957.41079914062
 20
7318.063898435288
 10
2957.40078464356
 20
7318.071507142484
 10
2957.390274679424
 20
7318.078389745655
 10
2957.379315447513
 20
7318.084509199818
 10
2957.367961505359
 20
7318.089829627377
 10
2957.356280394018
 20
7318.094325062102
 10
2957.34433437893
 20
7318.097985248394
 10
2957.332184457928
 20
7318.100801921279
 10
2957.319888311299
 20
7318.102765931181
 10
2957.30750127472
 20
7318.103867895271
 10
2957.298050535822
 20
7318.104122174752
  0
LINE
  5
806
102
{ACAD_REACTORS
330
89C
102
}
330
1F
100
AcDbEntity
  8
furniture
  6
ACAD_ISO02W100
 62
     6
100
AcDbLine
 10
2958.710029154364
 20
7317.448252805474
 30
0.0
 11
2958.414917243439
 21
7317.448252805474
 31
0.0
  0
LINE
  5
807
102
{ACAD_REACTORS
330
89C
102
}
330
1F
100
AcDbEntity
  8
furniture
  6
ACAD_ISO02W100
 62
     6
100
AcDbLine
 10
2956.778868939383
 20
7317.448252805474
 30
0.0
 11
2957.649386492344
 21
7317.448252805474
 31
0.0
  0
LINE
  5
808
102
{ACAD_REACTORS
330
89C
102
}
330
1F
100
AcDbEntity
  8
furniture
  6
ACAD_ISO02W100
 62
     6
100
AcDbLine
 10
2958.126382411774
 20
7317.448252805474
 30
0.0
 11
2958.388730167462
 21
7317.448252805474
 31
0.0
  0
LINE
  5
80A
102
{ACAD_REACTORS
330
89C
102
}
330
1F
100
AcDbEntity
  8
furniture
  6
ACAD_ISO02W100
 62
     6
100
AcDbLine
 10
2958.414917243439
 20
7317.650129185439
 30
0.0
 11
2958.388730167462
 21
7317.650129185439
 31
0.0
  0
LINE
  5
80C
102
{ACAD_REACTORS
330
89C
102
}
330
1F
100
AcDbEntity
  8
furniture
  6
ACAD_ISO02W100
 62
     6
100
AcDbLine
 10
2957.297932887252
 20
7317.734450357132
 30
0.0
 11
2957.23764689132
 21
7317.734450357132
 31
0.0
  0
LINE
  5
80D
102
{ACAD_REACTORS
330
89C
102
}
330
1F
100
AcDbEntity
  8
furniture
  6
ACAD_ISO02W100
 62
     6
100
AcDbLine
 10
2957.298050502416
 20
7317.746375255118
 30
0.0
 11
2957.237991770428
 21
7317.746375255118
 31
0.0
  0
LINE
  5
80E
102
{ACAD_REACTORS
330
89C
102
}
330
1F
100
AcDbEntity
  8
furniture
  6
ACAD_ISO02W100
 62
     6
100
AcDbLine
 10
2958.40661519
 20
7317.875164153363
 30
0.0
 11
2958.404233948738
 21
7317.875164153363
 31
0.0
  0
LWPOLYLINE
  5
80F
102
{ACAD_REACTORS
330
89C
102
}
330
1F
100
AcDbEntity
  8
furniture
  6
ACAD_ISO02W100
 62
     6
100
AcDbPolyline
 90
        8
 70
     0
 43
0.0
 10
2957.237991770428
 20
7317.746375255118
 10
2957.225415534697
 20
7317.746827246179
 10
2957.213016607157
 20
7317.748130709373
 10
2957.200794987803
 20
7317.750285644689
 10
2957.188690467988
 20
7317.753311713369
 10
2957.176763256366
 20
7317.75718925418
 10
2957.165193978863
 20
7317.761859283397
 10
2957.163198623089
 20
7317.762834765047
  0
LINE
  5
813
102
{ACAD_REACTORS
330
89C
102
}
330
1F
100
AcDbEntity
  8
furniture
  6
ACAD_ISO02W100
 62
     6
100
AcDbLine
 10
2958.071104641576
 20
7318.288171369302
 30
0.0
 11
2958.073660996338
 21
7318.286522154171
 31
0.0
  0
LWPOLYLINE
  5
814
102
{ACAD_REACTORS
330
89C
102
}
330
1F
100
AcDbEntity
  8
furniture
  6
ACAD_ISO02W100
 62
     6
100
AcDbPolyline
 90
       13
 70
     0
 43
0.0
 10
2958.09026700643
 20
7318.262740321419
 10
2958.088588114352
 20
7318.263845878355
 10
2958.086995233598
 20
7318.265100089883
 10
2958.085507614928
 20
7318.266492198595
 10
2958.08414897257
 20
7318.268000463039
 10
2958.08292620571
 20
7318.269614907919
 10
2958.081836022694
 20
7318.271342614932
 10
2958.080892739764
 20
7318.273167965656
 10
2958.080109691838
 20
7318.275068765212
 10
2958.079489526581
 20
7318.277043844654
 10
2958.079040959761
 20
7318.279076728822
 10
2958.078771862966
 20
7318.281135378474
 10
2958.078682819784
 20
7318.283194357421
  0
LINE
  5
815
102
{ACAD_REACTORS
330
89C
102
}
330
1F
100
AcDbEntity
  8
furniture
  6
ACAD_ISO02W100
 62
     6
100
AcDbLine
 10
2958.073660996338
 20
7318.286522154171
 30
0.0
 11
2958.075673445326
 21
7318.285203017925
 31
0.0
  0
LINE
  5
816
102
{ACAD_REACTORS
330
89C
102
}
330
1F
100
AcDbEntity
  8
furniture
  6
ACAD_ISO02W100
 62
     6
100
AcDbLine
 10
2958.075673445326
 20
7318.285203017925
 30
0.0
 11
2958.077712745098
 21
7318.283846808887
 31
0.0
  0
LWPOLYLINE
  5
817
102
{ACAD_REACTORS
330
89C
102
}
330
1F
100
AcDbEntity
  8
furniture
  6
ACAD_ISO02W100
 62
     6
100
AcDbPolyline
 90
        3
 70
     0
 43
0.0
 10
2958.077712745098
 20
7318.283846808887
 10
2958.078622967576
 20
7318.283233955611
 10
2958.078682819831
 20
7318.283194357636
  0
LWPOLYLINE
  5
818
102
{ACAD_REACTORS
330
89C
102
}
330
1F
100
AcDbEntity
  8
furniture
  6
ACAD_ISO02W100
 62
     6
100
AcDbPolyline
 90
        3
 70
     0
 43
0.0
 10
2958.39230856626
 20
7317.975333296444
 10
2958.392706177236
 20
7317.975058147971
 10
2958.39310373811
 20
7317.97423595167
  0
LWPOLYLINE
  5
819
102
{ACAD_REACTORS
330
89C
102
}
330
1F
100
AcDbEntity
  8
furniture
  6
ACAD_ISO02W100
 62
     6
100
AcDbPolyline
 90
       21
 70
     0
 43
0.0
 10
2959.282980304688
 20
7318.013152152558
 10
2959.269586994607
 20
7318.02447705245
 10
2959.256213962442
 20
7318.034754785838
 10
2959.242861208192
 20
7318.043995001886
 10
2959.229526375473
 20
7318.052166086006
 10
2959.216211820671
 20
7318.059322172491
 10
2959.202924612942
 20
7318.065600686771
 10
2959.189672216869
 20
7318.07103313725
 10
2959.176447167861
 20
7318.075605806981
 10
2959.163234141371
 20
7318.079385166028
 10
2959.150045039459
 20
7318.082392120242
 10
2959.136867960056
 20
7318.0846172125
 10
2959.123651872379
 20
7318.086079090729
 10
2959.11038082761
 20
7318.086785243278
 10
2959.097070774567
 20
7318.086732076415
 10
2959.083718528961
 20
7318.085919548568
 10
2959.070309225852
 20
7318.084360428741
 10
2959.056857730187
 20
7318.08203771275
 10
2959.043405452488
 20
7318.078904487565
 10
2959.029943813903
 20
7318.074939733853
 10
2959.028230209909
 20
7318.074330309915
  0
LWPOLYLINE
  5
81A
102
{ACAD_REACTORS
330
89C
102
}
330
1F
100
AcDbEntity
  8
furniture
  6
ACAD_ISO02W100
 62
     6
100
AcDbPolyline
 90
       46
 70
     0
 43
0.0
 10
2957.298050456465
 20
7318.092197165514
 10
2957.286327137934
 20
7318.091770752818
 10
2957.274763418054
 20
7318.090546552364
 10
2957.26335929682
 20
7318.088524564149
 10
2957.252055697729
 20
7318.085687846121
 10
2957.240911697292
 20
7318.082053340337
 10
2957.230104525035
 20
7318.077671872964
 10
2957.21963851914
 20
7318.072521505271
 10
2957.209509341442
 20
7318.066624175985
 10
2957.199881206975
 20
7318.060096527452
 10
2957.190778849742
 20
7318.05294984518
 10
2957.182177535749
 20
7318.04517284365
 10
2957.174167278022
 20
7318.036848308636
 10
2957.166743134594
 20
7318.027955747813
 10
2957.159910047447
 20
7318.0185156535
 10
2957.153772855468
 20
7318.00867228841
 10
2957.148342927788
 20
7317.998420060813
 10
2957.143608895274
 20
7317.987764562438
 10
2957.13964148953
 20
7317.976866831202
 10
2957.136454088347
 20
7317.965726756861
 10
2957.134033313936
 20
7317.95434444966
 10
2957.132409764436
 20
7317.942881278224
 10
2957.131594447553
 20
7317.931335539397
 10
2957.131576355591
 20
7317.919708936334
 10
2957.132353063549
 20
7317.90816794713
 10
2957.133934248696
 20
7317.896716378365
 10
2957.13631023378
 20
7317.885350423458
 10
2957.139449562025
 20
7317.874225140811
 10
2957.143362835411
 20
7317.863342106566
 10
2957.148039451973
 20
7317.852699744587
 10
2957.153416149063
 20
7317.842448384844
 10
2957.159503422204
 20
7317.83258987666
 10
2957.166290775871
 20
7317.823122370711
 10
2957.173683460846
 20
7317.814190648975
 10
2957.181680064732
 20
7317.805811678704
 10
2957.190281999924
 20
7317.797968492645
 10
2957.199398754356
 20
7317.79075497094
 10
2957.209056910764
 20
7317.784160813187
 10
2957.21922988641
 20
7317.77819631979
 10
2957.22974742107
 20
7317.772986272117
 10
2957.240615625026
 20
7317.768554435239
 10
2957.251828387986
 20
7317.764877044073
 10
2957.263197118819
 20
7317.762007584775
 10
2957.274658953818
 20
7317.759963886075
 10
2957.286276756694
 20
7317.758728119248
 10
2957.298050527442
 20
7317.758300284285
  0
LWPOLYLINE
  5
81B
102
{ACAD_REACTORS
330
89C
102
}
330
1F
100
AcDbEntity
  8
furniture
  6
ACAD_ISO02W100
 62
     6
100
AcDbPolyline
 90
       46
 70
     0
 43
0.0
 10
2957.298050536657
 20
7318.104122170419
 10
2957.285731225866
 20
7318.103688518714
 10
2957.273442595151
 20
7318.10239252096
 10
2957.261240829384
 20
7318.100241491237
 10
2957.249174223884
 20
7318.097239174888
 10
2957.237309063006
 20
7318.093392768594
 10
2957.225728894027
 20
7318.088716500581
 10
2957.214494741575
 20
7318.083224340451
 10
2957.203674335328
 20
7318.076947403302
 10
2957.193343040935
 20
7318.069942471031
 10
2957.183559432017
 20
7318.06226740359
 10
2957.174343750317
 20
7318.053949179385
 10
2957.165713971681
 20
7318.044997444355
 10
2957.157709445448
 20
7318.035430381408
 10
2957.150387089118
 20
7318.025309999832
 10
2957.143794375916
 20
7318.014709977482
 10
2957.137960664847
 20
7318.003690476986
 10
2957.132902380882
 20
7317.992296864983
 10
2957.128642021153
 20
7317.980581732853
 10
2957.125207909725
 20
7317.968601055028
 10
2957.122624917332
 20
7317.95641079848
 10
2957.120898573294
 20
7317.944072527737
 10
2957.12002895425
 20
7317.931648574345
 10
2957.120016804059
 20
7317.919199266576
 10
2957.120861674822
 20
7317.906782636852
 10
2957.122560962633
 20
7317.894459019058
 10
2957.125111559816
 20
7317.882288939478
 10
2957.128508357745
 20
7317.870330251316
 10
2957.132726519427
 20
7317.858640183501
 10
2957.137737106637
 20
7317.847270992122
 10
2957.143521420789
 20
7317.836265620435
 10
2957.150065471241
 20
7317.825669083368
 10
2957.157342042363
 20
7317.815542315341
 10
2957.165308696828
 20
7317.805953777195
 10
2957.173913416906
 20
7317.796966565474
 10
2957.183117474462
 20
7317.788603849547
 10
2957.192901634635
 20
7317.780878716281
 10
2957.203246856792
 20
7317.773819785528
 10
2957.21409488142
 20
7317.767487311783
 10
2957.225367325347
 20
7317.761942723052
 10
2957.236996959052
 20
7317.757218489936
 10
2957.248921313428
 20
7317.753330854881
 10
2957.261050337802
 20
7317.750296515673
 10
2957.273314683433
 20
7317.748122983326
 10
2957.285667123347
 20
7317.746813454796
 10
2957.298050537588
 20
7317.746375275056
  0
LWPOLYLINE
  5
81D
102
{ACAD_REACTORS
330
89C
102
}
330
1F
100
AcDbEntity
  8
furniture
  6
ACAD_ISO02W100
 62
     6
100
AcDbPolyline
 90
       36
 70
     0
 43
0.0
 10
2959.078468469066
 20
7318.117115815247
 10
2959.066839910447
 20
7318.116926406971
 10
2959.055229562953
 20
7318.116358669121
 10
2959.043652007385
 20
7318.115413578424
 10
2959.032120116975
 20
7318.114091912041
 10
2959.020650193239
 20
7318.112394749866
 10
2959.009261857914
 20
7318.110324055273
 10
2958.997971014029
 20
7318.107882852206
 10
2958.986789753453
 20
7318.105075107914
 10
2958.975731736649
 20
7318.101905131538
 10
2958.964812776066
 20
7318.098377966291
 10
2958.954044400033
 20
7318.094497379327
 10
2958.943433981581
 20
7318.090265286407
 10
2958.932994776512
 20
7318.085687218768
 10
2958.922739281009
 20
7318.080769496001
 10
2958.912673835268
 20
7318.07551511651
 10
2958.902808279023
 20
7318.069927935209
 10
2958.893159192788
 20
7318.064015482907
 10
2958.883742857921
 20
7318.057786505942
 10
2958.874570599107
 20
7318.051249180458
 10
2958.865653733321
 20
7318.044412156601
 10
2958.857006902963
 20
7318.037287012581
 10
2958.848642247132
 20
7318.029883871109
 10
2958.840569265625
 20
7318.022210624012
 10
2958.832797397603
 20
7318.014276623955
 10
2958.825336336687
 20
7318.006093660942
 10
2958.818193805314
 20
7317.997671505576
 10
2958.811375657243
 20
7317.989017076958
 10
2958.804889504222
 20
7317.980138702023
 10
2958.79874602926
 20
7317.971049130452
 10
2958.792954276366
 20
7317.961762607822
 10
2958.787520861686
 20
7317.952291802088
 10
2958.78245172015
 20
7317.942648198834
 10
2958.777753709684
 20
7317.932844893277
 10
2958.773433401934
 20
7317.922895043832
 10
2958.769523589829
 20
7317.912881539249
  0
LINE
  5
81E
102
{ACAD_REACTORS
330
89C
102
}
330
1F
100
AcDbEntity
  8
furniture
  6
ACAD_ISO02W100
 62
     6
100
AcDbLine
 10
2959.078687573476
 20
7318.117950065058
 30
0.0
 11
2959.078457320391
 21
7318.117946976589
 31
0.0
  0
LINE
  5
823
102
{ACAD_REACTORS
330
89C
102
}
330
1F
100
AcDbEntity
  8
furniture
  6
ACAD_ISO02W100
 62
     6
100
AcDbLine
 10
2958.414917243439
 20
7317.974670833653
 30
0.0
 11
2958.395191236864
 21
7317.974670833653
 31
0.0
  0
LINE
  5
824
102
{ACAD_REACTORS
330
89C
102
}
330
1F
100
AcDbEntity
  8
furniture
  6
ACAD_ISO02W100
 62
     6
100
AcDbLine
 10
2958.39181907125
 20
7317.974670833653
 30
0.0
 11
2958.388730167462
 21
7317.974670833653
 31
0.0
  0
LINE
  5
826
102
{ACAD_REACTORS
330
89C
102
}
330
1F
100
AcDbEntity
  8
furniture
  6
ACAD_ISO02W100
 62
     6
100
AcDbLine
 10
2958.394690302253
 20
7317.975333296444
 30
0.0
 11
2958.39230856626
 21
7317.975333296444
 31
0.0
  0
LINE
  5
827
330
1F
100
AcDbEntity
  8
0
  6
Continuous
 62
     8
100
AcDbLine
 10
2957.237991523813
 20
7318.104122194689
 30
0.0
 11
2957.298050482366
 21
7318.104122194689
 31
0.0
  0
LINE
  5
828
330
1F
100
AcDbEntity
  8
0
  6
Continuous
 62
     8
100
AcDbLine
 10
2957.237646626198
 20
7318.116047092677
 30
0.0
 11
2957.297932635079
 21
7318.116047092677
 31
0.0
  0
LINE
  5
82A
102
{ACAD_REACTORS
330
89C
102
}
330
1F
100
AcDbEntity
  8
furniture
  6
ACAD_ISO02W100
 62
     6
100
AcDbLine
 10
2958.388730167462
 20
7318.393875491601
 30
0.0
 11
2958.414917243439
 21
7318.393875491601
 31
0.0
  0
LINE
  5
82C
102
{ACAD_REACTORS
330
89C
102
}
330
1F
100
AcDbEntity
  8
furniture
  6
ACAD_ISO02W100
 62
     6
100
AcDbLine
 10
2959.369476917155
 20
7318.402244644333
 30
0.0
 11
2958.414917243439
 21
7318.402244644333
 31
0.0
  0
LINE
  5
82D
102
{ACAD_REACTORS
330
89C
102
}
330
1F
100
AcDbEntity
  8
furniture
  6
ACAD_ISO02W100
 62
     6
100
AcDbLine
 10
2958.388730167462
 20
7318.402244644333
 30
0.0
 11
2958.078682819831
 21
7318.402244644333
 31
0.0
  0
LINE
  5
82E
102
{ACAD_REACTORS
330
89C
102
}
330
1F
100
AcDbEntity
  8
furniture
  6
ACAD_ISO02W100
 62
     6
100
AcDbLine
 10
2957.697086084288
 20
7318.402244644333
 30
0.0
 11
2956.778868939383
 21
7318.402244644333
 31
0.0
  0
LWPOLYLINE
  5
82F
102
{ACAD_REACTORS
330
89C
102
}
330
1F
100
AcDbEntity
  8
furniture
  6
ACAD_ISO02W100
 62
     6
100
AcDbPolyline
 90
       47
 70
     0
 43
0.0
 10
2957.887884452059
 20
7318.342620154405
 10
2957.89283951181
 20
7318.342583239779
 10
2957.897804542985
 20
7318.342471116809
 10
2957.902776137673
 20
7318.342283785492
 10
2957.907749431792
 20
7318.34202127288
 10
2957.912722334839
 20
7318.341683551922
 10
2957.917695488579
 20
7318.341270541499
 10
2957.922664919302
 20
7318.340781980608
 10
2957.927627248716
 20
7318.340218130249
 10
2957.932583803135
 20
7318.339579692286
 10
2957.937529998551
 20
7318.338866464877
 10
2957.942462513797
 20
7318.338078649863
 10
2957.947384216444
 20
7318.337217554632
 10
2957.952291650076
 20
7318.3362825809
 10
2957.957179502461
 20
7318.335274326959
 10
2957.96204741919
 20
7318.33419589508
 10
2957.966891561449
 20
7318.333046346204
 10
2957.971706102153
 20
7318.331826619391
 10
2957.976487356913
 20
7318.330542634126
 10
2957.98123139029
 20
7318.329193062297
 10
2957.98593169715
 20
7318.327779232018
 10
2957.990580643321
 20
7318.326311047093
 10
2957.995173942514
 20
7318.324787020675
 10
2957.999705107359
 20
7318.323208639622
 10
2958.004163523402
 20
7318.321590268308
 10
2958.008545663171
 20
7318.319930159766
 10
2958.012844550186
 20
7318.318230060974
 10
2958.017045408085
 20
7318.316509577222
 10
2958.021144510257
 20
7318.31476760086
 10
2958.025136612116
 20
7318.313005239544
 10
2958.029006475074
 20
7318.311245421508
 10
2958.032751309831
 20
7318.309487772395
 10
2958.036367456831
 20
7318.307732666561
 10
2958.039840813281
 20
7318.306004155255
 10
2958.04316903245
 20
7318.304303209699
 10
2958.046351487773
 20
7318.302628858678
 10
2958.049379213695
 20
7318.301002239774
 10
2958.052251539681
 20
7318.29942487057
 10
2958.054969369996
 20
7318.297895233488
 10
2958.057528228446
 20
7318.296429913281
 10
2958.059928453699
 20
7318.295030893342
 10
2958.062172713562
 20
7318.293696190288
 10
2958.064261362068
 20
7318.29243643877
 10
2958.066195716345
 20
7318.291253369864
 10
2958.067979017702
 20
7318.290145252487
 10
2958.069614745934
 20
7318.28911752809
 10
2958.071104641576
 20
7318.288171369302
  0
LWPOLYLINE
  5
832
102
{ACAD_REACTORS
330
89C
102
}
330
1F
100
AcDbEntity
  8
furniture
  6
ACAD_ISO02W100
 62
     6
100
AcDbPolyline
 90
       42
 70
     0
 43
0.0
 10
2959.078468469066
 20
7318.117115815247
 10
2959.090106679872
 20
7318.116926336877
 10
2959.101739085422
 20
7318.116358557607
 10
2959.113351073194
 20
7318.115413704231
 10
2959.124928858268
 20
7318.114092921658
 10
2959.136457056731
 20
7318.112397477297
 10
2959.147918727729
 20
7318.110329045047
 10
2959.159295820467
 20
7318.107891097216
 10
2959.170578202071
 20
7318.105087229501
 10
2959.181760747572
 20
7318.101919105498
 10
2959.192833497109
 20
7318.098388769897
 10
2959.203777969994
 20
7318.094500870326
 10
2959.214576206536
 20
7318.090260669596
 10
2959.22521440008
 20
7318.085674030993
 10
2959.235680140995
 20
7318.080747332363
 10
2959.245958332997
 20
7318.075488366912
 10
2959.256034067779
 20
7318.069905138698
 10
2959.265896800152
 20
7318.064003337025
 10
2959.275538194725
 20
7318.057787564834
 10
2959.284946644054
 20
7318.051266263463
 10
2959.294110903256
 20
7318.044448089729
 10
2959.303023580732
 20
7318.037338572572
 10
2959.311674217424
 20
7318.029945000567
 10
2959.320049819872
 20
7318.022276780826
 10
2959.328139710567
 20
7318.014343071489
 10
2959.335935024808
 20
7318.006153222246
 10
2959.343425088196
 20
7317.99771846173
 10
2959.350597820438
 20
7317.989051988949
 10
2959.357444113208
 20
7317.980164021142
 10
2959.363954306251
 20
7317.97106579258
 10
2959.370117796932
 20
7317.96177334636
 10
2959.375927012838
 20
7317.952300926352
 10
2959.38137681231
 20
7317.942658894418
 10
2959.386461319348
 20
7317.932858045525
 10
2959.391173632863
 20
7317.922911376839
 10
2959.395508431995
 20
7317.912830466754
 10
2959.399463050839
 20
7317.902624095932
 10
2959.403033455814
 20
7317.892304574681
 10
2959.406215346825
 20
7317.881884993345
 10
2959.409005176295
 20
7317.871375186982
 10
2959.411399109122
 20
7317.860785115641
 10
2959.413393649624
 20
7317.850130207741
  0
LINE
  5
83D
102
{ACAD_REACTORS
330
89C
102
}
330
1F
100
AcDbEntity
  8
furniture
  6
ACAD_ISO02W100
 62
     6
100
AcDbLine
 10
2958.186006901703
 20
7318.485718930235
 30
0.0
 11
2957.589762002415
 21
7318.485718930235
 31
0.0
  0
LINE
  5
846
102
{ACAD_REACTORS
330
89C
102
}
330
1F
100
AcDbEntity
  8
furniture
  6
ACAD_ISO02W100
 62
     6
100
AcDbLine
 10
2958.621286640422
 20
7319.308536891252
 30
0.0
 11
2957.15447892312
 21
7319.308536891252
 31
0.0
  0
LINE
  5
847
102
{ACAD_REACTORS
330
89C
102
}
330
1F
100
AcDbEntity
  8
furniture
  6
ACAD_ISO02W100
 62
     6
100
AcDbLine
 10
2958.63320503685
 20
7319.320149631797
 30
0.0
 11
2957.14255707751
 21
7319.320149631797
 31
0.0
  0
LINE
  5
849
102
{ACAD_REACTORS
330
89C
102
}
330
1F
100
AcDbEntity
  8
furniture
  6
ACAD_ISO02W100
 62
     6
100
AcDbLine
 10
2960.119521718042
 20
7315.307970833159
 30
0.0
 11
2960.417830439998
 21
7315.307970833159
 31
0.0
  0
LINE
  5
84A
102
{ACAD_REACTORS
330
89C
102
}
330
1F
100
AcDbEntity
  8
furniture
  6
ACAD_ISO02W100
 62
     6
100
AcDbLine
 10
2960.463662416984
 20
7315.401940311642
 30
0.0
 11
2960.067814441111
 21
7315.401940311642
 31
0.0
  0
LINE
  5
84D
102
{ACAD_REACTORS
330
89C
102
}
330
1F
100
AcDbEntity
  8
furniture
  6
ACAD_ISO02W100
 62
     6
100
AcDbLine
 10
2960.016917614412
 20
7315.475874679155
 30
0.0
 11
2960.463662415061
 21
7315.475874679155
 31
0.0
  0
LINE
  5
84F
102
{ACAD_REACTORS
330
89C
102
}
330
1F
100
AcDbEntity
  8
furniture
  6
ACAD_ISO02W100
 62
     6
100
AcDbLine
 10
2960.007690132951
 20
7315.48779957714
 30
0.0
 11
2960.451737511423
 21
7315.48779957714
 31
0.0
  0
LINE
  5
850
330
1F
100
AcDbEntity
  8
0
  6
Continuous
 62
     8
100
AcDbLine
 10
2957.136615878956
 20
7319.547034850969
 30
0.0
 11
2958.639153025163
 21
7319.547034850969
 31
0.0
  0
ARC
  5
851
102
{ACAD_REACTORS
330
89C
102
}
330
1F
100
AcDbEntity
  8
furniture
  6
ACAD_ISO02W100
 62
     6
100
AcDbCircle
 10
2949.85284048966
 20
7317.925248724903
 30
0.0
 40
9.539918388611527
100
AcDbArc
 50
357.2022232089095
 51
357.3944326082287
  0
ARC
  5
856
102
{ACAD_REACTORS
330
89C
102
}
330
1F
100
AcDbEntity
  8
furniture
  6
ACAD_ISO02W100
 62
     6
100
AcDbCircle
 10
2957.887884452059
 20
7308.385330336292
 30
0.0
 40
2.420585954766446
100
AcDbArc
 50
95.65481069100647
 51
84.34519377094494
  0
ARC
  5
857
102
{ACAD_REACTORS
330
89C
102
}
330
1F
100
AcDbEntity
  8
furniture
  6
ACAD_ISO02W100
 62
     6
100
AcDbCircle
 10
2957.887884452059
 20
7308.385330336292
 30
0.0
 40
2.411046399626127
100
AcDbArc
 50
95.6771211442126
 51
84.32258202147119
  0
ARC
  5
858
102
{ACAD_REACTORS
330
89C
102
}
330
1F
100
AcDbEntity
  8
furniture
  6
ACAD_ISO02W100
 62
     6
100
AcDbCircle
 10
2957.887884452059
 20
7308.385330336292
 30
0.0
 40
2.400316897838676
100
AcDbArc
 50
95.70260761074797
 51
84.29714536496467
  0
ARC
  5
859
102
{ACAD_REACTORS
330
89C
102
}
330
1F
100
AcDbEntity
  8
furniture
  6
ACAD_ISO02W100
 62
     6
100
AcDbCircle
 10
2957.887884452059
 20
7308.385330336292
 30
0.0
 40
2.390778429128113
100
AcDbArc
 50
95.7261688413954
 51
84.27457751158895
  0
ARC
  5
85A
102
{ACAD_REACTORS
330
89C
102
}
330
1F
100
AcDbEntity
  8
furniture
  6
ACAD_ISO02W100
 62
     6
100
AcDbCircle
 10
2957.887884452059
 20
7308.385330336292
 30
0.0
 40
2.389693143637733
100
AcDbArc
 50
95.72817579138902
 51
84.27182262885205
  0
ARC
  5
85B
102
{ACAD_REACTORS
330
89C
102
}
330
1F
100
AcDbEntity
  8
furniture
  6
ACAD_ISO02W100
 62
     6
100
AcDbCircle
 10
2957.887884452059
 20
7308.385330336292
 30
0.0
 40
2.384979597152881
100
AcDbArc
 50
95.73945242383411
 51
84.2605475761659
  0
ARC
  5
85C
102
{ACAD_REACTORS
330
89C
102
}
330
1F
100
AcDbEntity
  8
furniture
  6
ACAD_ISO02W100
 62
     6
100
AcDbCircle
 10
2957.887884452059
 20
7308.385330336292
 30
0.0
 40
2.384351514827054
100
AcDbArc
 50
95.74097043446515
 51
84.25926231325767
  0
ARC
  5
85D
102
{ACAD_REACTORS
330
89C
102
}
330
1F
100
AcDbEntity
  8
furniture
  6
ACAD_ISO02W100
 62
     6
100
AcDbCircle
 10
2957.887884452059
 20
7308.385330336292
 30
0.0
 40
2.372428433066852
100
AcDbArc
 50
95.76993467520397
 51
84.23033476867674
  0
ARC
  5
85E
102
{ACAD_REACTORS
330
89C
102
}
330
1F
100
AcDbEntity
  8
furniture
  6
ACAD_ISO02W100
 62
     6
100
AcDbCircle
 10
2957.887884452059
 20
7308.385330336292
 30
0.0
 40
0.4889208174242908
100
AcDbArc
 50
119.2017774925402
 51
60.79807222133396
  0
ARC
  5
85F
102
{ACAD_REACTORS
330
89C
102
}
330
1F
100
AcDbEntity
  8
furniture
  6
ACAD_ISO02W100
 62
     6
100
AcDbCircle
 10
2957.887884452059
 20
7308.385330336292
 30
0.0
 40
0.4769959194385263
100
AcDbArc
 50
120.0001099752393
 51
59.9997810190315
  0
ARC
  5
860
102
{ACAD_REACTORS
330
89C
102
}
330
1F
100
AcDbEntity
  8
furniture
  6
ACAD_ISO02W100
 62
     6
100
AcDbCircle
 10
2957.887884452059
 20
7308.385330336292
 30
0.0
 40
0.4531461228310029
100
AcDbArc
 50
121.7581160073333
 51
58.24166482366198
  0
ARC
  5
861
102
{ACAD_REACTORS
330
89C
102
}
330
1F
100
AcDbEntity
  8
furniture
  6
ACAD_ISO02W100
 62
     6
100
AcDbCircle
 10
2957.887884452059
 20
7308.385330336292
 30
0.0
 40
0.4319379520361445
100
AcDbArc
 50
123.5168028849369
 51
56.48446957487919
  0
ARC
  5
862
102
{ACAD_REACTORS
330
89C
102
}
330
1F
100
AcDbEntity
  8
furniture
  6
ACAD_ISO02W100
 62
     6
100
AcDbCircle
 10
2957.887884452059
 20
7308.385330336292
 30
0.0
 40
0.3962710191366848
100
AcDbArc
 50
127.0144975168442
 51
52.98212336617556
  0
ARC
  5
863
102
{ACAD_REACTORS
330
89C
102
}
330
1F
100
AcDbEntity
  8
furniture
  6
ACAD_ISO02W100
 62
     6
100
AcDbCircle
 10
2957.887884452059
 20
7308.385330336292
 30
0.0
 40
0.3231647354142155
100
AcDbArc
 50
137.5860191536473
 51
42.41397160738973
  0
ARC
  5
864
102
{ACAD_REACTORS
330
89C
102
}
330
1F
100
AcDbEntity
  8
furniture
  6
ACAD_ISO02W100
 62
     6
100
AcDbCircle
 10
2957.887884452059
 20
7308.385330336292
 30
0.0
 40
0.3100465276341395
100
AcDbArc
 50
140.2977229198781
 51
39.70228424905936
  0
ARC
  5
865
102
{ACAD_REACTORS
330
89C
102
}
330
1F
100
AcDbEntity
  8
furniture
  6
ACAD_ISO02W100
 62
     6
100
AcDbCircle
 10
2957.887884452059
 20
7308.385330336292
 30
0.0
 40
0.3005074292412631
100
AcDbArc
 50
142.5507260277507
 51
37.44960924496747
  0
ARC
  5
866
102
{ACAD_REACTORS
330
89C
102
}
330
1F
100
AcDbEntity
  8
furniture
  6
ACAD_ISO02W100
 62
     6
100
AcDbCircle
 10
2957.887884452059
 20
7308.385330336292
 30
0.0
 40
0.2861975516583458
100
AcDbArc
 50
146.4528431652542
 51
33.54771300549895
  0
ARC
  5
867
102
{ACAD_REACTORS
330
89C
102
}
330
1F
100
AcDbEntity
  8
furniture
  6
ACAD_ISO02W100
 62
     6
100
AcDbCircle
 10
2957.887884452059
 20
7308.385330336292
 30
0.0
 40
0.2504222036839976
100
AcDbArc
 50
162.3112460016458
 51
17.69017559050517
  0
ARC
  5
868
102
{ACAD_REACTORS
330
89C
102
}
330
1F
100
AcDbEntity
  8
furniture
  6
ACAD_ISO02W100
 62
     6
100
AcDbCircle
 10
2957.887884452059
 20
7308.385330336292
 30
0.0
 40
0.2469696599647632
100
AcDbArc
 50
238.6750207245959
 51
278.3640536688782
  0
ARC
  5
869
102
{ACAD_REACTORS
330
89C
102
}
330
1F
100
AcDbEntity
  8
furniture
  6
ACAD_ISO02W100
 62
     6
100
AcDbCircle
 10
2957.887884452059
 20
7308.385330336292
 30
0.0
 40
0.2384979597152882
100
AcDbArc
 50
180.0
 51
0.0
  0
ARC
  5
86B
102
{ACAD_REACTORS
330
89C
102
}
330
1F
100
AcDbEntity
  8
furniture
  6
ACAD_ISO02W100
 62
     6
100
AcDbCircle
 10
2957.510402300647
 20
7317.869362286987
 30
0.0
 40
0.0119248979857644
100
AcDbArc
 50
188.4237710965757
 51
208.7856315547537
  0
ARC
  5
86C
102
{ACAD_REACTORS
330
89C
102
}
330
1F
100
AcDbEntity
  8
furniture
  6
ACAD_ISO02W100
 62
     6
100
AcDbCircle
 10
2956.778868939383
 20
7317.460177703458
 30
0.0
 40
0.0119248979857644
100
AcDbArc
 50
179.9999930650224
 51
270.0
  0
ARC
  5
86D
102
{ACAD_REACTORS
330
89C
102
}
330
1F
100
AcDbEntity
  8
furniture
  6
ACAD_ISO02W100
 62
     6
100
AcDbCircle
 10
2957.2677897568
 20
7317.925248724903
 30
0.0
 40
0.1931833473693835
100
AcDbArc
 50
57.43306009709076
 51
302.5582487284
  0
ARC
  5
86E
330
1F
100
AcDbEntity
  8
0
  6
Continuous
 62
     8
100
AcDbCircle
 10
2956.778868939383
 20
7318.390319746349
 30
0.0
 40
0.0119248979857644
100
AcDbArc
 50
90.0
 51
180.0000069349776
  0
ARC
  5
86F
102
{ACAD_REACTORS
330
89C
102
}
330
1F
100
AcDbEntity
  8
furniture
  6
ACAD_ISO02W100
 62
     6
100
AcDbCircle
 10
2957.638288116701
 20
7317.636600603562
 30
0.0
 40
0.0119248979857644
100
AcDbArc
 50
208.7856315547537
 51
229.149186825502
  0
ARC
  5
870
102
{ACAD_REACTORS
330
89C
102
}
330
1F
100
AcDbEntity
  8
furniture
  6
ACAD_ISO02W100
 62
     6
100
AcDbCircle
 10
2957.887884452059
 20
7317.925248724903
 30
0.0
 40
0.3935216335302256
100
AcDbArc
 50
229.1497487990319
 51
232.6873695764575
  0
ARC
  5
871
102
{ACAD_REACTORS
330
89C
102
}
330
1F
100
AcDbEntity
  8
furniture
  6
ACAD_ISO02W100
 62
     6
100
AcDbCircle
 10
2957.887884452059
 20
7317.925248724903
 30
0.0
 40
0.3935216335302256
100
AcDbArc
 50
307.3104732557927
 51
8.421570589407066
  0
ARC
  5
872
102
{ACAD_REACTORS
330
89C
102
}
330
1F
100
AcDbEntity
  8
furniture
  6
ACAD_ISO02W100
 62
     6
100
AcDbCircle
 10
2957.887884452059
 20
7317.925248724903
 30
0.0
 40
0.3935216335302256
100
AcDbArc
 50
49.1497663586793
 51
188.4215656681482
  0
ARC
  5
873
102
{ACAD_REACTORS
330
89C
102
}
330
1F
100
AcDbEntity
  8
furniture
  6
ACAD_ISO02W100
 62
     6
100
AcDbCircle
 10
2957.887884452059
 20
7317.925248724903
 30
0.0
 40
0.3935216335302256
100
AcDbArc
 50
8.421592738325541
 51
229.1169931186241
  0
ARC
  5
874
102
{ACAD_REACTORS
330
89C
102
}
330
1F
100
AcDbEntity
  8
furniture
  6
ACAD_ISO02W100
 62
     6
100
AcDbCircle
 10
2957.887884452059
 20
7317.925248724903
 30
0.0
 40
0.3815967620097847
100
AcDbArc
 50
49.14975400336435
 51
188.4214967485278
  0
ARC
  5
875
102
{ACAD_REACTORS
330
89C
102
}
330
1F
100
AcDbEntity
  8
furniture
  6
ACAD_ISO02W100
 62
     6
100
AcDbCircle
 10
2957.887884452059
 20
7317.925248724903
 30
0.0
 40
0.3815967355444611
100
AcDbArc
 50
14.4811511194483
 51
43.1057925525891
  0
ARC
  5
876
102
{ACAD_REACTORS
330
89C
102
}
330
1F
100
AcDbEntity
  8
furniture
  6
ACAD_ISO02W100
 62
     6
100
AcDbCircle
 10
2957.887884452059
 20
7317.925248724903
 30
0.0
 40
0.3815967355444611
100
AcDbArc
 50
194.4811511194483
 51
223.1057925525891
  0
ARC
  5
877
102
{ACAD_REACTORS
330
89C
102
}
330
1F
100
AcDbEntity
  8
furniture
  6
ACAD_ISO02W100
 62
     6
100
AcDbCircle
 10
2957.887884452059
 20
7317.925248724903
 30
0.0
 40
0.3815967045317765
100
AcDbArc
 50
229.1497429478528
 51
231.3020757135118
  0
ARC
  5
878
102
{ACAD_REACTORS
330
89C
102
}
330
1F
100
AcDbEntity
  8
furniture
  6
ACAD_ISO02W100
 62
     6
100
AcDbCircle
 10
2957.887884452059
 20
7317.925248724903
 30
0.0
 40
0.3815967045317765
100
AcDbArc
 50
308.6853426848258
 51
8.421505157258179
  0
ARC
  5
879
102
{ACAD_REACTORS
330
89C
102
}
330
1F
100
AcDbEntity
  8
furniture
  6
ACAD_ISO02W100
 62
     6
100
AcDbCircle
 10
2957.887884452059
 20
7317.925248724903
 30
0.0
 40
0.2742726517645978
100
AcDbArc
 50
330.4585535727454
 51
209.575028266872
  0
ARC
  5
87A
102
{ACAD_REACTORS
330
89C
102
}
330
1F
100
AcDbEntity
  8
furniture
  6
ACAD_ISO02W100
 62
     6
100
AcDbCircle
 10
2957.887884452059
 20
7317.925248724903
 30
0.0
 40
0.262347755686817
100
AcDbArc
 50
335.4376768111303
 51
204.577246942262
  0
ARC
  5
87B
102
{ACAD_REACTORS
330
89C
102
}
330
1F
100
AcDbEntity
  8
furniture
  6
ACAD_ISO02W100
 62
     6
100
AcDbCircle
 10
2957.887884452059
 20
7317.925248724903
 30
0.0
 40
0.2384979597152882
100
AcDbArc
 50
0.0
 51
180.0
  0
ARC
  5
87C
102
{ACAD_REACTORS
330
89C
102
}
330
1F
100
AcDbEntity
  8
furniture
  6
ACAD_ISO02W100
 62
     6
100
AcDbCircle
 10
2958.265366603472
 20
7317.981135162812
 30
0.0
 40
0.0119248979857644
100
AcDbArc
 50
8.423933510170201
 51
28.78563155475371
  0
ARC
  5
87D
102
{ACAD_REACTORS
330
89C
102
}
330
1F
100
AcDbEntity
  8
furniture
  6
ACAD_ISO02W100
 62
     6
100
AcDbCircle
 10
2958.137480787426
 20
7318.213896846238
 30
0.0
 40
0.0119248979857644
100
AcDbArc
 50
28.7856315538636
 51
49.14976627684861
  0
ARC
  5
883
102
{ACAD_REACTORS
330
89C
102
}
330
1F
100
AcDbEntity
  8
furniture
  6
ACAD_ISO02W100
 62
     6
100
AcDbCircle
 10
2957.154477889136
 20
7319.320461789238
 30
0.0
 40
0.0119248979857644
100
AcDbArc
 50
181.4999999995925
 51
270.0
  0
ARC
  5
888
102
{ACAD_REACTORS
330
89C
102
}
330
1F
100
AcDbEntity
  8
furniture
  6
ACAD_ISO02W100
 62
     6
100
AcDbCircle
 10
2959.369476917647
 20
7317.460177703458
 30
0.0
 40
0.0119248979857644
100
AcDbArc
 50
320.4224154054969
 51
357.2022232089095
  0
ARC
  5
889
102
{ACAD_REACTORS
330
89C
102
}
330
1F
100
AcDbEntity
  8
furniture
  6
ACAD_ISO02W100
 62
     6
100
AcDbCircle
 10
2959.369476917647
 20
7318.390319746349
 30
0.0
 40
0.0119248979857644
100
AcDbArc
 50
2.79777679109052
 51
90.0
  0
ARC
  5
88A
330
1F
100
AcDbEntity
  8
0
  6
Continuous
 62
     8
100
AcDbCircle
 10
2960.344413437127
 20
7315.401940311642
 30
0.0
 40
0.1192489798576441
100
AcDbArc
 50
307.9999999995142
 51
0.0
  0
ARC
  5
88B
102
{ACAD_REACTORS
330
89C
102
}
330
1F
100
AcDbEntity
  8
furniture
  6
ACAD_ISO02W100
 62
     6
100
AcDbCircle
 10
2958.621291014991
 20
7319.320461789238
 30
0.0
 40
0.0119248979857644
100
AcDbArc
 50
270.0
 51
358.5000000004075
  0
ARC
  5
88C
330
1F
100
AcDbEntity
  8
0
  6
Continuous
 62
     8
100
AcDbCircle
 10
2960.451737518999
 20
7315.475874679155
 30
0.0
 40
0.0119248979857644
100
AcDbArc
 50
0.0
 51
90.0
  0
LWPOLYLINE
  5
89D
330
1F
100
AcDbEntity
  8
furniture
  6
ACAD_ISO02W100
100
AcDbPolyline
 90
        5
 70
     0
 43
0.0
 10
2960.72366513918
 20
7319.547034850969
 10
2960.72366513918
 20
7317.547034850967
 10
2965.72366513918
 20
7317.547034850967
 10
2965.72366513918
 20
7319.547034850969
 10
2960.72366513918
 20
7319.547034850969
  0
LWPOLYLINE
  5
89E
330
1F
100
AcDbEntity
  8
furniture
  6
ACAD_ISO02W100
100
AcDbPolyline
 90
        4
 70
     0
 43
0.0
 10
2958.186006901703
 20
7319.133076171417
 10
2960.72366513918
 20
7319.133076171417
 10
2960.72366513918
 20
7318.856134018273
 10
2958.186006901703
 20
7318.856134018273
  0
LWPOLYLINE
  5
8A1
102
{ACAD_REACTORS
330
8B2
102
}
330
1F
100
AcDbEntity
  8
wallhatch
100
AcDbPolyline
 90
        7
 70
     0
 43
0.0
 10
2968.134744195639
 20
7319.547034850969
 10
2969.134744195639
 20
7319.547034850969
 10
2969.134744195639
 20
7298.547034850968
 10
2948.134744195639
 20
7298.547034850968
 10
2948.134744195639
 20
7299.547034850968
 10
2968.134744195639
 20
7299.547034850968
 10
2968.134744195639
 20
7304.547034850968
  0
LWPOLYLINE
  5
8B0
102
{ACAD_REACTORS
330
8B2
102
}
330
1F
100
AcDbEntity
  8
wallhatch
100
AcDbPolyline
 90
        7
 70
     0
 43
0.0
 10
2968.134744195639
 20
7319.547034850969
 10
2969.134744195639
 20
7319.547034850969
 10
2969.134744195639
 20
7298.547034850968
 10
2948.134744195639
 20
7298.547034850968
 10
2948.134744195639
 20
7299.547034850968
 10
2968.134744195639
 20
7299.547034850968
 10
2968.134744195639
 20
7304.547034850968
  0
HATCH
  5
8B2
330
1F
100
AcDbEntity
  8
wallhatch
 62
     8
100
AcDbHatch
 10
0.0
 20
0.0
 30
0.0
210
0.0
220
0.0
230
1.0
  2
SOLID
 70
     1
 71
     1
 91
        3
 92
       17
 93
        6
 72
     1
 10
2968.134744195639
 20
7319.547034850969
 11
2969.134744195639
 21
7319.547034850969
 72
     1
 10
2969.134744195639
 20
7319.547034850969
 11
2969.134744195639
 21
7298.547034850968
 72
     1
 10
2969.134744195639
 20
7298.547034850968
 11
2948.134744195639
 21
7298.547034850968
 72
     1
 10
2948.134744195639
 20
7298.547034850968
 11
2948.134744195639
 21
7299.547034850968
 72
     1
 10
2948.134744195639
 20
7299.547034850968
 11
2968.134744195639
 21
7299.547034850968
 72
     1
 10
2968.134744195639
 20
7299.547034850968
 11
2968.134744195639
 21
7319.547034850969
 97
        1
330
8A1
 92
       17
 93
        6
 72
     1
 10
2968.134744195639
 20
7319.547034850969
 11
2969.134744195639
 21
7319.547034850969
 72
     1
 10
2969.134744195639
 20
7319.547034850969
 11
2969.134744195639
 21
7298.547034850968
 72
     1
 10
2969.134744195639
 20
7298.547034850968
 11
2948.134744195639
 21
7298.547034850968
 72
     1
 10
2948.134744195639
 20
7298.547034850968
 11
2948.134744195639
 21
7299.547034850968
 72
     1
 10
2948.134744195639
 20
7299.547034850968
 11
2968.134744195639
 21
7299.547034850968
 72
     1
 10
2968.134744195639
 20
7299.547034850968
 11
2968.134744195639
 21
7319.547034850969
 97
        1
330
8B0
 92
       32
 93
        1
 72
     1
 10
2969.134744195639
 20
7298.547034850968
 11
2969.134744195639
 21
7319.547034850969
 97
        1
330
474
 75
     1
 76
     1
 98
        1
 10
0.0
 20
0.0
450
        0
451
        0
460
0.0
461
0.0
452
        0
462
0.0
453
        2
463
0.0
 63
     5
421
      255
463
1.0
 63
     2
421
 16776960
470
LINEAR
1001
GradientColor1ACI
1070
     5
1001
GradientColor2ACI
1070
     2
1001
ACAD
1010
0.0
1020
0.0
1030
0.0
  0
LINE
  5
8B5
330
1F
100
AcDbEntity
  8
wallhatch
100
AcDbLine
 10
2968.134744195639
 20
7319.547034850969
 30
0.0
 11
2968.134744195639
 21
7318.547034850968
 31
0.0
  0
LWPOLYLINE
  5
8BA
330
1F
100
AcDbEntity
  8
wall
100
AcDbPolyline
 90
        4
 70
     0
 43
0.0
 10
2968.134744195639
 20
7319.547034850969
 10
2968.134744195639
 20
7314.547034850967
 10
2969.134744195639
 20
7314.547034850967
 10
2969.134744195639
 20
7319.547034850969
  0
LWPOLYLINE
  5
8BB
330
1F
100
AcDbEntity
  8
wall
100
AcDbPolyline
 90
        3
 70
     0
 43
0.0
 10
2968.134744195639
 20
7299.547034850968
 10
2968.134744195639
 20
7304.547034850968
 10
2969.134744195639
 20
7304.547034850968
  0
LWPOLYLINE
  5
8BD
102
{ACAD_REACTORS
330
8C0
102
}
330
1F
100
AcDbEntity
  8
wall
100
AcDbPolyline
 90
        5
 70
     0
 43
0.0
 10
2968.134744195639
 20
7319.547034850969
 10
2969.134744195639
 20
7319.547034850969
 10
2969.134744195639
 20
7314.547034850967
 10
2968.134744195639
 20
7314.547034850967
 10
2968.134744195639
 20
7319.547034850969
  0
LWPOLYLINE
  5
8BE
102
{ACAD_REACTORS
330
8C0
330
FDD
330
FF5
330
100D
102
}
330
1F
100
AcDbEntity
  8
wall
100
AcDbPolyline
 90
        7
 70
     0
 43
0.0
 10
2948.134744195639
 20
7299.547034850968
 10
2968.134744195639
 20
7299.547034850968
 10
2968.134744195639
 20
7304.547034850968
 10
2969.134744195639
 20
7304.547034850968
 10
2969.134744195639
 20
7298.547034850968
 10
2948.134744195639
 20
7298.547034850968
 10
2948.134744195639
 20
7299.547034850968
  0
HATCH
  5
8C0
330
1F
100
AcDbEntity
  8
wallhatch
 62
     8
100
AcDbHatch
 10
0.0
 20
0.0
 30
0.0
210
0.0
220
0.0
230
1.0
  2
SOLID
 70
     1
 71
     1
 91
        2
 92
        1
 93
        4
 72
     1
 10
2968.134744195639
 20
7319.547034850969
 11
2969.134744195639
 21
7319.547034850969
 72
     1
 10
2969.134744195639
 20
7319.547034850969
 11
2969.134744195639
 21
7314.547034850967
 72
     1
 10
2969.134744195639
 20
7314.547034850967
 11
2968.134744195639
 21
7314.547034850967
 72
     1
 10
2968.134744195639
 20
7314.547034850967
 11
2968.134744195639
 21
7319.547034850969
 97
        1
330
8BD
 92
        1
 93
        6
 72
     1
 10
2948.134744195639
 20
7299.547034850968
 11
2968.134744195639
 21
7299.547034850968
 72
     1
 10
2968.134744195639
 20
7299.547034850968
 11
2968.134744195639
 21
7304.547034850968
 72
     1
 10
2968.134744195639
 20
7304.547034850968
 11
2969.134744195639
 21
7304.547034850968
 72
     1
 10
2969.134744195639
 20
7304.547034850968
 11
2969.134744195639
 21
7298.547034850968
 72
     1
 10
2969.134744195639
 20
7298.547034850968
 11
2948.134744195639
 21
7298.547034850968
 72
     1
 10
2948.134744195639
 20
7298.547034850968
 11
2948.134744195639
 21
7299.547034850968
 97
        1
330
8BE
 75
     1
 76
     1
 98
        1
 10
0.0
 20
0.0
450
        0
451
        0
460
0.0
461
0.0
452
        0
462
0.0
453
        2
463
0.0
 63
     5
421
      255
463
1.0
 63
     2
421
 16776960
470
LINEAR
1001
GradientColor1ACI
1070
     5
1001
GradientColor2ACI
1070
     2
1001
ACAD
1010
0.0
1020
0.0
1030
0.0
  0
LWPOLYLINE
  5
8C3
330
1F
100
AcDbEntity
  8
wall
100
AcDbPolyline
 90
        2
 70
     0
 43
0.0
 10
2969.134744195639
 20
7304.547034850968
 10
2969.134744195639
 20
7305.547034850969
  0
LWPOLYLINE
  5
8C5
102
{ACAD_REACTORS
330
100D
102
}
330
1F
100
AcDbEntity
  8
wall
100
AcDbPolyline
 90
        3
 70
     0
 43
0.0
 10
2968.134744195639
 20
7305.547034850969
 10
2968.134744195639
 20
7319.547034850969
 10
2948.134744195639
 20
7319.547034850969
  0
LWPOLYLINE
  5
8C6
102
{ACAD_REACTORS
330
8B2
102
}
330
1F
100
AcDbEntity
  8
wallhatch
100
AcDbPolyline
 90
        2
 70
     0
 43
0.0
 10
2968.134744195639
 20
7305.547034850969
 10
2968.134744195639
 20
7319.547034850969
  0
LWPOLYLINE
  5
8C7
102
{ACAD_REACTORS
330
8B2
102
}
330
1F
100
AcDbEntity
  8
wallhatch
100
AcDbPolyline
 90
        2
 70
     0
 43
0.0
 10
2968.134744195639
 20
7305.547034850969
 10
2968.134744195639
 20
7319.547034850969
  0
LWPOLYLINE
  5
8C9
330
1F
100
AcDbEntity
  8
wall
  6
ACAD_ISO02W100
100
AcDbPolyline
 90
        5
 70
     0
 43
0.0
 10
2969.134744195639
 20
7304.547034850968
 10
2959.134744195639
 20
7304.547034850968
 10
2959.134744195639
 20
7305.547034850969
 10
2968.134744195639
 20
7305.547034850969
 10
2969.134744195639
 20
7305.547034850969
  0
ARC
  5
8CA
102
{ACAD_REACTORS
330
100D
102
}
330
1F
100
AcDbEntity
  8
wall
  6
ACAD_ISO02W100
100
AcDbCircle
 10
2969.134744195639
 20
7304.547034850968
 30
0.0
 40
10.0
100
AcDbArc
 50
90.0
 51
180.0
  0
LWPOLYLINE
  5
8CB
330
1F
100
AcDbEntity
  8
wall
100
AcDbPolyline
 90
        2
 70
     0
 43
0.0
 10
2968.134744195639
 20
7305.547034850969
 10
2968.134744195639
 20
7304.547034850968
  0
LWPOLYLINE
  5
8CD
102
{ACAD_REACTORS
330
8D7
330
9C6
102
}
330
1F
100
AcDbEntity
  8
furniture
100
AcDbPolyline
 90
        8
 70
     0
 43
0.0
 10
3067.134744195639
 20
7312.547034850968
 10
3060.134744195639
 20
7312.547034850968
 10
3060.134744195639
 20
7302.547034850968
 10
3067.134744195639
 20
7302.547034850968
 10
3067.134744195639
 20
7292.547034850968
 10
3060.134744195639
 20
7292.547034850968
 10
3060.134744195639
 20
7302.547034850968
 10
3067.134744195639
 20
7302.547034850968
  0
LINE
  5
8CE
330
1F
100
AcDbEntity
  8
plant
100
AcDbLine
 10
3143.467092060852
 20
7321.547034850969
 30
0.0
 11
3186.467092060853
 21
7321.547034850969
 31
0.0
  0
LINE
  5
8CF
330
1F
100
AcDbEntity
  8
plant
100
AcDbLine
 10
3265.467092060852
 20
7321.547034850969
 30
0.0
 11
3265.467092060852
 21
7278.547034850969
 31
0.0
  0
LINE
  5
8D1
330
1F
100
AcDbEntity
  8
plant
100
AcDbLine
 10
3186.467092060853
 20
7278.547034850969
 30
0.0
 11
3186.467092060853
 21
7199.547034850969
 31
0.0
  0
LINE
  5
8D2
330
1F
100
AcDbEntity
  8
plant
100
AcDbLine
 10
3186.467092060853
 20
7199.547034850969
 30
0.0
 11
3263.467092060852
 21
7199.547034850969
 31
0.0
  0
LINE
  5
8D3
330
1F
100
AcDbEntity
  8
plant
100
AcDbLine
 10
3263.467092060852
 20
7199.547034850969
 30
0.0
 11
3263.467092060852
 21
7156.547034850969
 31
0.0
  0
LINE
  5
8D4
330
1F
100
AcDbEntity
  8
plant
100
AcDbLine
 10
3263.467092060852
 20
7156.547034850969
 30
0.0
 11
3143.467092060852
 21
7156.547034850969
 31
0.0
  0
LINE
  5
8D5
330
1F
100
AcDbEntity
  8
plant
100
AcDbLine
 10
3143.467092060852
 20
7156.547034850969
 30
0.0
 11
3143.467092060852
 21
7321.547034850969
 31
0.0
  0
LWPOLYLINE
  5
8D6
330
1F
100
AcDbEntity
  8
plant
100
AcDbPolyline
 90
        2
 70
     0
 43
0.0
 10
3186.467092060853
 20
7278.547034850969
 10
3186.467092060853
 20
7321.547034850969
  0
LWPOLYLINE
  5
8D8
102
{ACAD_REACTORS
330
8DA
330
9C7
102
}
330
1F
100
AcDbEntity
  8
furniture
100
AcDbPolyline
 90
        5
 70
     0
 43
0.0
 10
3060.134744195639
 20
7312.547034850968
 10
3050.134744195639
 20
7312.547034850968
 10
3050.134744195639
 20
7319.547034850969
 10
3060.134744195639
 20
7319.547034850966
 10
3060.134744195639
 20
7312.547034850968
  0
LWPOLYLINE
  5
8D9
102
{ACAD_REACTORS
330
8DA
330
9C7
102
}
330
1F
100
AcDbEntity
  8
furniture
100
AcDbPolyline
 90
        4
 70
     0
 43
0.0
 10
3050.134744195639
 20
7312.547034850968
 10
3040.134744195639
 20
7312.547034850968
 10
3040.134744195639
 20
7319.547034850969
 10
3050.134744195639
 20
7319.547034850969
  0
LWPOLYLINE
  5
8DC
102
{ACAD_REACTORS
330
9C7
330
E30
330
E62
102
}
330
1F
100
AcDbEntity
  8
furniture
100
AcDbPolyline
 90
        5
 70
     0
 43
0.0
 10
3040.134744195639
 20
7319.547034850964
 10
3040.134744195639
 20
7307.547034850964
 10
3016.134744195639
 20
7307.547034850964
 10
3016.134744195638
 20
7319.547034850963
 10
3040.134744195639
 20
7319.547034850963
  0
WIPEOUT
  5
903
102
{ACAD_REACTORS
330
917
330
918
330
9C7
102
}
330
1F
100
AcDbEntity
  8
furniture
 62
     6
160
              2516
310
D409000001000000CC09000006000000680000005E59A15C02B3A74065F1156DBD88BC400000000000000000C83BB90BE2B2A740E9E8F3531086BC4000000000000000000029C370E2B2A7409C210DFFF985BC4000000000000000008247AC0B25B3A740D6CE54820C86BC400000000000000000A24116B679B3A7405E14D2
310
341B86BC40000000000000000045BDD7E6EBB3A7405264401B2286BC400000000000000000DEFBBE944EB4A74079C307F91C86BC400000000000000000446822FB9AB4A7404C9F1C8C1186BC4000000000000000005214ABABFFB4A740E6E47E78F685BC400000000000000000B039D2573AB5A7405A974A21DE85BC400000
310
0000000000002214FFDA88B5A740DF6A7720AC85BC40000000000000000084548142B8B5A7407CFDA0357585BC4000000000000000001EF84156CAB5A7407D9EFF1F4185BC40000000000000000085CEF0EE9CB4A74054322EAA0782BC400000000000000000874C57077AB4A740DFF4E8F5E681BC40000000000000000073
310
EA57FB51B4A740179D8837CE81BC4000000000000000006168F87215B4A740E98D6809B581BC40000000000000000007F63282DBB3A740158B856BA581BC400000000000000000CF8A456480B3A740C40BC5AB9881BC4000000000000000001335668B2DB3A7403ACB13869781BC400000000000000000269B890DE2B2A740
310
4B74C8E59E81BC40000000000000000020EBCBE3A9B2A740C189E232AA81BC400000000000000000FD562C6D6FB2A74038245595BC81BC400000000000000000046E180B43B2A7407C1154D4D081BC400000000000000000ECBC3A0618B2A7401A2C761BED81BC400000000000000000DE7BA09216B2A74085ED107CE381BC
310
400000000000000000B0F4BBE8B8B1A740936B4278F77FBC400000000000000000E7BFA6724BB2A7406090ABE6B77FBC400000000000000000090562C1B9B2A740AAB7C6645F7FBC4000000000000000003440788AE6B2A7401055BC9C127FBC400000000000000000738492BDEFB2A7402341AC0ADB7EBC40000000000000
310
00003435207BD5B2A7404D06E3C07D7EBC400000000000000000729A363386B2A740E344CBB2257EBC40000000000000000040DD25E424B2A7405B9DC7A5E97DBC400000000000000000D81F429BAAB1A7401D6B0426BA7DBC400000000000000000AA34CEA859B0A7401971D816797DBC4000000000000000000DE6768F9E
310
AEA7407B396DA5337DBC4000000000000000007E9987AAD3ACA7400202C0D8FD7CBC400000000000000000DEB2D0B5B3AAA740BC6F31B3D47CBC4000000000000000006EBA8D658DA9A7406D15FA56C87CBC4000000000000000006F785A4C0BA8A740B267867CC27CBC4000000000000000008DD129047EA6A740727A20AF
310
C87CBC40000000000000000075D49953D6A4A740CAEE8509DD7CBC4000000000000000003A8DD2A5A9A3A740FD288E3AF47CBC400000000000000000AB5FA16EE6A2A74000D0CD41077DBC4000000000000000008EED84EAC1A1A740B0E98FC4297DBC4000000000000000002D111A1FC1A0A74029C6EB2A4E7DBC40000000
310
0000000000BA75E407639FA740C0C87361897DBC400000000000000000E9D072FD6B9EA740D46A0426BA7DBC4000000000000000003940CD8DCB9DA740850DA5F2FD7DBC400000000000000000B5C74A176E9DA740DD578705447EBC40000000000000000095AE17D73B9DA7402AB0A27B877EBC400000000000000000396C
310
22DB269DA740E340AC0ADB7EBC400000000000000000D96789D0379DA7403225CA45267FBC40000000000000000092C9B2C95A9DA7405CC37BF45C7FBC400000000000000000C6331C3B849DA74015BCA071867FBC400000000000000000716E870DF39DA74037A51E18CD7FBC400000000000000000D1FBF8AF5D9EA7404F
310
6B4278F77FBC40000000000000000069741406009EA74036ED107CE381BC400000000000000000583EDC5CF69DA740F65A21BFE681BC400000000000000000A41E1D0DC69DA7404B8883EFC981BC4000000000000000008611CD94459DA740FE77D9C1A181BC4000000000000000003DBB4E0DE99CA740E3CA13869781BC40
310
0000000000000000903D7141799CA74000B763589B81BC400000000000000000EA1633A5179CA74091104628AE81BC400000000000000000DD5EAE4D999BA7401903A26DE981BC400000000000000000BC21C4A9799BA740F5312EAA0782BC400000000000000000C0F772424C9AA740129EFF1F4185BC4000000000000000
310
008687069B649AA74065B7CF317F85BC4000000000000000006CF1AB35869AA74015F49E7FA585BC400000000000000000F8233947BD9AA740FD97D88BCD85BC4000000000000000006D17A349FB9AA740AEE0A5FBEB85BC400000000000000000EC5026DB4F9BA74073E5CBAB0786BC400000000000000000E1ABC2BB849B
310
A740EE5862481386BC400000000000000000EAE087DCFE9BA74033372D1A2186BC400000000000000000A49395D8549CA740DDE0902D2186BC4000000000000000002A225CCAB39CA740504A37181886BC4000000000000000007232D423FF9CA74013F00C480986BC400000000000000000FC2DC78E389DA740A07FCB83F8
310
85BC40000000000000000004B4FB8C349DA74094E8F3531086BC4000000000000000001396133C149DA74010F1156DBD88BC4000000000000000008C08E6173D9DA7408249C75DFA88BC400000000000000000E52D273C669DA740F495BB682589BC400000000000000000E20D5B4F969DA74054A46EC34C89BC4000000000
310
00000000578ADD0DD89DA740505624577789BC4000000000000000004CF93FC0489EA740F1DD2BDAAD89BC40000000000000000084263539B89EA740F32C45B6D489BC400000000000000000105BCB552D9FA740C0904FF2F189BC400000000000000000542632BDC3A0A7408C5884A9208ABC400000000000000000C1E36C
310
3848A3A7407A6F594B578ABC400000000000000000914A254292A4A740A99CF5456A8ABC40000000000000000020BC732C4EA6A740D0DC055E7A8ABC400000000000000000B2775A4C0BA8A740369828BD7F8ABC400000000000000000456EBDFB0EA9A740AD324EE97D8ABC40000000000000000069BFF9B729ABA7403E90
310
1D6F6E8ABC4000000000000000007252AE46C8ACA740DFB528B3578ABC400000000000000000B33783B560AEA7402498C0F2378ABC40000000000000000036BECD4CCAAFA740BF9505EF138ABC4000000000000000003E94E942E9B0A74005914FF2F189BC40000000000000000025272358BEB1A740F8A08F05B489BC4000
310
000000000000000465D78A3EB2A7409F5624577789BC400000000000000000A7764D7FCAB2A74075D649700B89BC4000000000000000005E59A15C02B3A74065F1156DBD88BC4000000000000000005E59A15C02B3A74065F1156DBD88BC400000000000000000
100
AcDbWipeout
 90
        0
 10
3034.895189343965
 20
7306.498980080757
 30
0.0
 11
-410.47371081007
 21
0.0000000000000503
 31
0.0
 12
-0.0000000000000503
 22
-410.47371081007
 32
0.0
 13
1.0
 23
1.0
340
0
 70
     7
280
     1
281
    50
282
    50
283
     0
290
     0
360
0
 71
     2
 91
      104
 14
-0.4966122644533155
 24
0.4957146236932525
 14
-0.4964584975555013
 24
0.4891949254086081
 14
-0.4964603755434549
 24
0.4889824075506915
 14
-0.4967772974822412
 24
0.4891585836899294
 14
-0.4971801555729724
 24
0.4892984489960638
 14
-0.4977234990839103
 24
0.489364113607221
 14
-0.498193037136657
 24
0.4893152592625701
 14
-0.4985565650736758
 24
0.4892065294863186
 14
-0.4990356684642325
 24
0.4889488563015703
 14
-0.4993148451069306
 24
0.4887172199515644
 14
-0.4996884245430261
 24
0.4882413670971843
 14
-0.4999139848700227
 24
0.4877187493707548
 14
-0.5
 24
0.4872230902148124
 14
-0.4985658548745891
 24
0.4793676443580968
 14
-0.4983997706328222
 24
0.4790564168526649
 14
-0.498209218759974
 24
0.4788209452259544
 14
-0.497921190706276
 24
0.4785813194896666
 14
-0.4976454968894069
 24
0.478432703611989
 14
-0.4972119424414926
 24
0.4783113781747325
 14
-0.496817737280831
 24
0.4783004605687423
 14
-0.4964585312711316
 24
0.4783706334017449
 14
-0.4961912950135644
 24
0.4784781804390176
 14
-0.4959131133143169
 24
0.478653136082535
 14
-0.4957019285983489
 24
0.4788458067400257
 14
-0.4954972346135822
 24
0.4791149114448328
 14
-0.4954903277096138
 24
0.4790233381452238
 14
-0.4950446553108108
 24
0.4743411062883144
 14
-0.495741919147481
 24
0.4737361582499693
 14
-0.4962667869238621
 24
0.4728938825694569
 14
-0.4964798862491931
 24
0.4721631966109701
 14
-0.4965236600803867
 24
0.471634362520504
 14
-0.4963987112825014
 24
0.4707465903532795
 14
-0.4960214751285386
 24
0.4699086194188985
 14
-0.4955584580314012
 24
0.4693371490033758
 14
-0.4949766001747504
 24
0.4688851267521854
 14
-0.493373331193594
 24
0.4682659939152849
 14
-0.4912649678830439
 24
0.4676051431064102
 14
-0.4890814470873956
 24
0.4670931630162049
 14
-0.4864931841361827
 24
0.4667015926942094
 14
-0.4850927750909771
 24
0.4665839673588862
 14
-0.4832556330460543
 24
0.4665282644955912
 14
-0.4813652771696344
 24
0.4665872442116994
 14
-0.4793492675742806
 24
0.4667809334446032
 14
-0.4779185710187105
 24
0.4670016343534943
 14
-0.4769896919034941
 24
0.4671827162438646
 14
-0.4755978355853391
 24
0.4675111360873525
 14
-0.4743759498991604
 24
0.4678575331113169
 14
-0.4727101408456531
 24
0.4684210304202871
 14
-0.4715346659173255
 24
0.468885126752023
 14
-0.4707712752572962
 24
0.4695303352285142
 14
-0.4703265579049321
 24
0.4701971882789145
 14
-0.4700874535445101
 24
0.4708391804700201
 14
-0.4699876060116665
 24
0.4716343625203617
 14
-0.4700682988061558
 24
0.472350293388788
 14
-0.4702347094695212
 24
0.4728706753536241
 14
-0.4704319045299062
 24
0.4732655016190878
 14
-0.4709592199531104
 24
0.473937841787476
 14
-0.4714666107811949
 24
0.4743411062881639
 14
-0.4710209383823269
 24
0.4790233381450506
 14
-0.4709749691341079
 24
0.4790543804938267
 14
-0.4707450922488958
 24
0.4787802022130962
 14
-0.4701338036171304
 24
0.4783978469538934
 14
-0.4696935288111199
 24
0.4783004605685503
 14
-0.4691615769777063
 24
0.4783368279632251
 14
-0.4686971253995185
 24
0.4785158517567194
 14
-0.4680959627521715
 24
0.4790799002714954
 14
-0.4679454112173448
 24
0.4793676443578854
 14
-0.4665112660918248
 24
0.4872230902145753
 14
-0.4666271097698614
 24
0.4878137718993978
 14
-0.4667870054702214
 24
0.4881782892244025
 14
-0.4670490339019734
 24
0.4885594014295835
 14
-0.4673440885258998
 24
0.4888490508232766
 14
-0.4677464837796147
 24
0.4891125428816323
 14
-0.4679980861146889
 24
0.4892230446932777
 14
-0.4685791982823492
 24
0.4893545572052412
 14
-0.4689883320130506
 24
0.4893552779757728
 14
-0.4694400987076041
 24
0.4892688363267657
 14
-0.4697986282928413
 24
0.4891278678530093
 14
-0.4700718347840534
 24
0.4889683092225411
 14
-0.4700527685363034
 24
0.4891949254084212
 14
-0.4698990016383892
 24
0.4957146236930635
 14
-0.4700934163039686
 24
0.4962945577393166
 14
-0.4702891772567065
 24
0.496704172033228
 14
-0.4705179288235359
 24
0.4970786849668107
 14
-0.4708307542137372
 24
0.4974838665107009
 14
-0.4713669906643906
 24
0.4980026253119854
 14
-0.4718974015127419
 24
0.4983724320452973
 14
-0.4724546448111281
 24
0.4986506408406953
 14
-0.4743884048065503
 24
0.499095207690052
 14
-0.4774549901516375
 24
0.4996151115488067
 14
-0.4790253840481798
 24
0.499795723617639
 14
-0.4811376313572954
 24
0.4999488812447711
 14
-0.4832556330458447
 24
0.5
 14
-0.4844912723937944
 24
0.499982608211544
 14
-0.487054694474299
 24
0.4998353193121203
 14
-0.4890272507775043
 24
0.4996189705287683
 14
-0.4909706653182432
 24
0.4993168083194989
 14
-0.4926911954423572
 24
0.4989740776663817
 14
-0.4940566212805368
 24
0.4986506408408475
 14
-0.4950705170481805
 24
0.4980613369263065
 14
-0.495680511877943
 24
0.497483866510876
 14
-0.4963464484745961
 24
0.49645702536603
 14
-0.4966122644533155
 24
0.4957146236932525
 14
-0.4966122644533155
 24
0.4957146236932525
  0
ARC
  5
904
102
{ACAD_REACTORS
330
917
330
918
330
9C7
102
}
330
1F
100
AcDbEntity
  8
furniture
 62
     6
100
AcDbCircle
 10
3028.022066905127
 20
7305.395937067828
 30
0.0
 40
10.01452420324818
100
AcDbArc
 50
249.7134097287633
 51
290.2865902721261
  0
LINE
  5
905
102
{ACAD_REACTORS
330
917
330
918
330
9C7
102
}
330
1F
100
AcDbEntity
  8
furniture
 62
     6
100
AcDbLine
 10
3032.957791666891
 20
7298.147235949675
 30
0.0
 11
3033.052378526483
 21
7301.423621123605
 31
0.0
  0
LINE
  5
906
102
{ACAD_REACTORS
330
917
330
918
330
9C7
102
}
330
1F
100
AcDbEntity
  8
furniture
 62
     6
100
AcDbLine
 10
3034.306510472499
 20
7298.029940497672
 30
0.0
 11
3034.895189343965
 21
7301.254394508545
 31
0.0
  0
ARC
  5
907
102
{ACAD_REACTORS
330
917
330
918
330
9C7
102
}
330
1F
100
AcDbEntity
  8
furniture
 62
     6
100
AcDbCircle
 10
3033.650365131568
 20
7298.298022156166
 30
0.0
 40
0.7087979148140146
100
AcDbArc
 50
192.2826853574922
 51
337.7765214287387
  0
ARC
  5
908
102
{ACAD_REACTORS
330
917
330
918
330
9C7
102
}
330
1F
100
AcDbEntity
  8
furniture
 62
     6
100
AcDbCircle
 10
3033.960745565276
 20
7301.197025131067
 30
0.0
 40
0.9362031942914899
100
AcDbArc
 50
3.513215809481979
 51
165.9931916523929
  0
LINE
  5
909
102
{ACAD_REACTORS
330
917
330
918
330
9C7
102
}
330
1F
100
AcDbEntity
  8
furniture
 62
     6
100
AcDbLine
 10
3022.539520847386
 20
7304.73994576583
 30
0.0
 11
3022.602638116574
 21
7302.063781017572
 31
0.0
  0
ARC
  5
90A
102
{ACAD_REACTORS
330
917
330
918
330
9C7
102
}
330
1F
100
AcDbEntity
  8
furniture
 62
     6
100
AcDbCircle
 10
3022.083388245036
 20
7301.197025130983
 30
0.0
 40
0.9362031942914899
100
AcDbArc
 50
14.00680834760703
 51
176.486784190518
  0
ARC
  5
90B
102
{ACAD_REACTORS
330
918
330
9C7
102
}
330
1F
100
AcDbEntity
  8
furniture
 62
     6
100
AcDbCircle
 10
3022.393768678785
 20
7298.298022156085
 30
0.0
 40
0.7087979148140146
100
AcDbArc
 50
202.2234785712612
 51
347.7173146425077
  0
LINE
  5
90C
102
{ACAD_REACTORS
330
918
330
9C7
102
}
330
1F
100
AcDbEntity
  8
furniture
 62
     6
100
AcDbLine
 10
3021.737623337859
 20
7298.029940497582
 30
0.0
 11
3021.148944466346
 21
7301.254394508449
 31
0.0
  0
LINE
  5
90D
102
{ACAD_REACTORS
330
917
330
918
330
9C7
102
}
330
1F
100
AcDbEntity
  8
furniture
 62
     6
100
AcDbLine
 10
3023.086342143465
 20
7298.147235949605
 30
0.0
 11
3022.991755283827
 21
7301.423621123534
 31
0.0
  0
ARC
  5
90E
102
{ACAD_REACTORS
330
917
330
918
330
9C7
102
}
330
1F
100
AcDbEntity
  8
furniture
 62
     6
100
AcDbCircle
 10
3028.022066905246
 20
7288.477909155537
 30
0.0
 40
18.02107092521936
100
AcDbArc
 50
75.75795208769179
 51
104.2420479132273
  0
ARC
  5
90F
102
{ACAD_REACTORS
330
918
330
9C7
102
}
330
1F
100
AcDbEntity
  8
furniture
 62
     6
100
AcDbCircle
 10
3024.271062725354
 20
7304.291871007151
 30
0.0
 40
1.788577162025107
100
AcDbArc
 50
112.4327041805041
 51
165.491701266356
  0
ARC
  5
910
102
{ACAD_REACTORS
330
918
330
9C7
102
}
330
1F
100
AcDbEntity
  8
furniture
 62
     6
100
AcDbCircle
 10
3031.773071084914
 20
7304.291871007205
 30
0.0
 40
1.788577162025107
100
AcDbArc
 50
14.50829873364396
 51
67.56729582037234
  0
LINE
  5
911
102
{ACAD_REACTORS
330
917
330
918
330
9C7
102
}
330
1F
100
AcDbEntity
  8
furniture
 62
     6
100
AcDbLine
 10
3033.504612962876
 20
7304.739945765908
 30
0.0
 11
3033.441495693729
 21
7302.063781017648
 31
0.0
  0
ARC
  5
912
102
{ACAD_REACTORS
330
917
330
918
330
9C7
102
}
330
1F
100
AcDbEntity
  8
furniture
 62
     6
100
AcDbCircle
 10
3023.896107041302
 20
7294.855631604997
 30
0.0
 40
1.320216428021048
100
AcDbArc
 50
60.31748196395754
 51
238.7349711339109
  0
ARC
  5
913
102
{ACAD_REACTORS
330
917
330
918
330
9C7
102
}
330
1F
100
AcDbEntity
  8
furniture
 62
     6
100
AcDbCircle
 10
3032.148026769104
 20
7294.855631605056
 30
0.0
 40
1.320216428021048
100
AcDbArc
 50
301.2650288668996
 51
119.6825180368663
  0
ARC
  5
914
102
{ACAD_REACTORS
330
917
330
918
330
9C7
102
}
330
1F
100
AcDbEntity
  8
furniture
 62
     6
100
AcDbCircle
 10
3028.022066905128
 20
7305.206646412561
 30
0.0
 40
12.44693381155179
100
AcDbArc
 50
247.261065161625
 51
292.7389348392495
  0
LINE
  5
915
330
1F
100
AcDbEntity
  8
F-FURN
 62
     6
100
AcDbLine
 10
3033.044087424393
 20
7297.888611848819
 30
0.0
 11
3032.861150621052
 21
7295.966678763647
 31
0.0
  0
LINE
  5
916
102
{ACAD_REACTORS
330
917
330
918
330
9C7
102
}
330
1F
100
AcDbEntity
  8
furniture
 62
     6
100
AcDbLine
 10
3023.000046385966
 20
7297.888611848748
 30
0.0
 11
3023.182983189335
 21
7295.966678763578
 31
0.0
  0
LWPOLYLINE
  5
919
102
{ACAD_REACTORS
330
FC5
330
FF5
102
}
330
1F
100
AcDbEntity
  8
furniture
100
AcDbPolyline
 90
        4
 70
     0
 43
0.0
 10
2948.134744195639
 20
7298.547034850968
 10
2949.134744195639
 20
7298.547034850968
 10
2949.134744195639
 20
7282.547034850968
 10
2948.134744195639
 20
7282.547034850968
  0
LWPOLYLINE
  5
91A
102
{ACAD_REACTORS
330
9C9
330
FAD
102
}
330
1F
100
AcDbEntity
  8
furniture
100
AcDbPolyline
 90
        4
 70
     1
 43
0.0
 10
2949.134744195639
 20
7282.547034850968
 10
2957.134744195639
 20
7282.547034850968
 10
2957.134744195639
 20
7298.547034850968
 10
2949.134744195639
 20
7298.547034850968
  0
ELLIPSE
  5
91D
102
{ACAD_REACTORS
330
3C2
330
9C9
102
}
330
1F
100
AcDbEntity
  8
furniture
100
AcDbEllipse
 10
2953.010283072842
 20
7293.389128834775
 30
0.0
 11
0.0
 21
4.511815185774139
 31
0.0
210
0.0
220
0.0
230
1.0
 40
0.7030502292258748
 41
1.615142621411988
 42
7.809642754678598
  0
SPLINE
  5
91E
102
{ACAD_REACTORS
330
9C9
102
}
330
1F
100
AcDbEntity
  8
furniture
100
AcDbSpline
210
0.0
220
0.0
230
1.0
 70
     8
 71
     3
 72
    39
 73
    35
 74
     0
 42
0.000000001
 43
0.0000000001
 40
1.620580581149534
 40
1.620580581149534
 40
1.620580581149534
 40
1.620580581149534
 40
2.004845332482513
 40
2.004845332482513
 40
2.405814398979015
 40
2.405814398979015
 40
2.806783465475517
 40
2.806783465475517
 40
3.20775253197202
 40
3.20775253197202
 40
3.608721598468522
 40
3.608721598468522
 40
4.009690664965025
 40
4.009690664965025
 40
4.410659731461527
 40
4.410659731461527
 40
4.81162879795803
 40
4.81162879795803
 40
5.212597864454532
 40
5.212597864454532
 40
5.613566930951034
 40
5.613566930951034
 40
6.014535997447537
 40
6.014535997447537
 40
6.283185307179586
 40
6.283185307179586
 40
6.283185307179586
 40
6.684154373676088
 40
6.684154373676088
 40
7.085123440172591
 40
7.085123440172591
 40
7.486092506669093
 40
7.486092506669093
 40
7.804199996977976
 40
7.804199996977976
 40
7.804199996977976
 40
7.804199996977976
 10
2950.541758964019
 20
7293.18911212294
 30
0.0
 10
2950.559879749331
 20
7292.675025171114
 30
0.0
 10
2950.648523843717
 20
7292.167087572142
 30
0.0
 10
2950.953855758014
 20
7291.230157374458
 30
0.0
 10
2951.175792098972
 20
7290.806594798211
 30
0.0
 10
2951.692626928954
 20
7290.141022565332
 30
0.0
 10
2951.985437717761
 20
7289.900225581449
 30
0.0
 10
2952.571466612974
 20
7289.610226859479
 30
0.0
 10
2952.863177986026
 20
7289.556659435686
 30
0.0
 10
2953.445448415944
 20
7289.611533532078
 30
0.0
 10
2953.74170224455
 20
7289.722146623926
 30
0.0
 10
2954.319685140887
 20
7290.136784188547
 30
0.0
 10
2954.598073302181
 20
7290.442834009862
 30
0.0
 10
2955.06074300353
 20
7291.219879883469
 30
0.0
 10
2955.243922701235
 20
7291.68944322081
 30
0.0
 10
2955.466467155572
 20
7292.706502345281
 30
0.0
 10
2955.505806206789
 20
7293.253143280683
 30
0.0
 10
2955.431028572671
 20
7294.321387130658
 30
0.0
 10
2955.31690425955
 20
7294.842279153535
 30
0.0
 10
2954.963632064909
 20
7295.761615298686
 30
0.0
 10
2954.724758470041
 20
7296.158907279911
 30
0.0
 10
2954.186702952042
 20
7296.7647567585
 30
0.0
 10
2953.890167149994
 20
7296.972496887274
 30
0.0
 10
2953.400570074247
 20
7297.164216181503
 30
0.0
 10
2953.20517661893
 20
7297.200944020549
 30
0.0
 10
2953.010283072842
 20
7297.200944020549
 30
0.0
 10
2952.719397221252
 20
7297.200944020549
 30
0.0
 10
2952.425412453868
 20
7297.119548455096
 30
0.0
 10
2951.841929706235
 20
7296.767711105186
 30
0.0
 10
2951.555152176282
 20
7296.493990715844
 30
0.0
 10
2951.063507844715
 20
7295.771164761863
 30
0.0
 10
2950.860197377314
 20
7295.323455968939
 30
0.0
 10
2950.619765868139
 20
7294.436193839871
 30
0.0
 10
2950.55702883873
 20
7294.014665125709
 30
0.0
 10
2950.541878818876
 20
7293.589112122941
 30
0.0
  0
LINE
  5
923
102
{ACAD_REACTORS
330
9C9
102
}
330
1F
100
AcDbEntity
  8
furniture
100
AcDbLine
 10
2952.003941082953
 20
7293.18911212294
 30
0.0
 11
2949.134744195639
 21
7293.18911212294
 31
0.0
  0
LINE
  5
924
330
1F
100
AcDbEntity
  8
furniture
100
AcDbLine
 10
2949.134744195639
 20
7293.18911212294
 30
0.0
 11
2949.134744195639
 21
7293.589112122939
 31
0.0
  0
LINE
  5
925
330
1F
100
AcDbEntity
  8
furniture
100
AcDbLine
 10
2949.134744195639
 20
7293.589112122939
 30
0.0
 11
2952.003941082953
 21
7293.589112122939
 31
0.0
  0
LINE
  5
926
330
1F
100
AcDbEntity
  8
furniture
100
AcDbLine
 10
2952.003941082953
 20
7293.589112122939
 30
0.0
 11
2952.003941082953
 21
7293.18911212294
 31
0.0
  0
LWPOLYLINE
  5
990
102
{ACAD_REACTORS
330
9C9
102
}
330
1F
100
AcDbEntity
  8
furniture
100
AcDbPolyline
 90
        4
 70
     1
 43
0.0
 10
2949.134744195639
 20
7293.589112122939
 10
2952.003941082953
 20
7293.589112122939
 10
2952.003941082953
 20
7293.18911212294
 10
2949.134744195639
 20
7293.18911212294
  0
LWPOLYLINE
  5
998
330
1F
100
AcDbEntity
  8
wall
100
AcDbPolyline
 90
        2
 70
     0
 43
0.0
 10
2948.134744195639
 20
7278.547034850967
 10
2960.134744195639
 20
7278.547034850967
  0
LWPOLYLINE
  5
999
330
1F
100
AcDbEntity
  8
wall
100
AcDbPolyline
 90
        3
 70
     0
 43
0.0
 10
2960.134744195639
 20
7278.547034850967
 10
2960.134744195639
 20
7276.547034850968
 10
2948.134744195639
 20
7276.547034850968
  0
LWPOLYLINE
  5
99A
330
1F
100
AcDbEntity
  8
wall
100
AcDbPolyline
 90
        4
 70
     0
 43
0.0
 10
2989.134744195639
 20
7276.547034850968
 10
2980.134744195639
 20
7276.547034850968
 10
2980.134744195639
 20
7278.547034850967
 10
2989.134744195639
 20
7278.547034850967
  0
LWPOLYLINE
  5
99B
330
1F
100
AcDbEntity
  8
wall
100
AcDbPolyline
 90
       16
 70
     0
 43
0.0
 10
2980.134744195639
 20
7278.547034850967
 10
2991.134744195639
 20
7278.547034850967
 10
2991.134744195639
 20
7286.547034850967
 10
2993.134744195639
 20
7286.547034850967
 10
2993.134744195639
 20
7278.547034850967
 10
3070.134744195639
 20
7278.547034850967
 10
3070.134744195639
 20
7276.547034850968
 10
3068.134744195639
 20
7276.547034850968
 10
3068.134744195639
 20
7260.547034850969
 10
3066.134744195639
 20
7260.547034850969
 10
3066.134744195639
 20
7276.547034850968
 10
2991.134744195639
 20
7276.547034850968
 10
2991.134744195639
 20
7260.547034850969
 10
2989.134744195639
 20
7260.547034850969
 10
2989.134744195639
 20
7276.547034850968
 10
2980.134744195639
 20
7276.547034850968
  0
LINE
  5
99C
330
1F
100
AcDbEntity
  8
wall
100
AcDbLine
 10
2960.134744195639
 20
7278.547034850967
 30
0.0
 11
2948.134744195639
 21
7278.547034850967
 31
0.0
  0
LWPOLYLINE
  5
99D
102
{ACAD_REACTORS
330
3C8
102
}
330
1F
100
AcDbEntity
  8
wall
100
AcDbPolyline
 90
        3
 70
     0
 43
0.0
 10
2980.134744195639
 20
7276.547034850968
 10
2989.134744195639
 20
7276.547034850968
 10
2989.134744195639
 20
7201.547034850968
  0
LINE
  5
99E
330
1F
100
AcDbEntity
  8
wall
100
AcDbLine
 10
2960.134744195639
 20
7276.547034850968
 30
0.0
 11
2948.134744195639
 21
7276.547034850968
 31
0.0
  0
LWPOLYLINE
  5
99F
330
1F
100
AcDbEntity
  8
wall
100
AcDbPolyline
 90
        3
 70
     0
 43
0.0
 10
2960.134744195639
 20
7276.547034850968
 10
2948.134744195639
 20
7276.547034850968
 10
2948.134744195639
 20
7201.547034850968
  0
LINE
  5
9A0
330
1F
100
AcDbEntity
  8
door
100
AcDbLine
 10
2960.134744195639
 20
7276.547034850968
 30
0.0
 11
2980.134744195639
 21
7276.547034850968
 31
0.0
  0
LINE
  5
9A1
330
1F
100
AcDbEntity
  8
wall
100
AcDbLine
 10
2980.134744195639
 20
7276.547034850968
 30
0.0
 11
2980.134744195639
 21
7278.547034850967
 31
0.0
  0
LINE
  5
9A2
330
1F
100
AcDbEntity
  8
door
100
AcDbLine
 10
2980.134744195639
 20
7278.547034850967
 30
0.0
 11
2960.134744195639
 21
7278.547034850967
 31
0.0
  0
LWPOLYLINE
  5
9A3
330
1F
100
AcDbEntity
  8
door
  6
DASHED
100
AcDbPolyline
 90
        4
 70
     0
 43
0.0
 10
2980.134744195639
 20
7276.547034850968
 10
2980.134744195639
 20
7296.547034850968
 10
2978.134744195639
 20
7296.547034850968
 10
2978.134744195639
 20
7276.547034850968
  0
ARC
  5
9A4
330
1F
100
AcDbEntity
  8
door
  6
DASHED
100
AcDbCircle
 10
2980.134744195639
 20
7276.547034850968
 30
0.0
 40
20.0
100
AcDbArc
 50
90.0
 51
180.0
  0
LWPOLYLINE
  5
9A8
102
{ACAD_REACTORS
330
9AE
102
}
330
1F
100
AcDbEntity
  8
furniture
100
AcDbPolyline
 90
        5
 70
     0
 43
0.0
 10
2963.134744195638
 20
7261.97658410447
 10
2989.134744195639
 20
7261.97658410447
 10
2989.134744195639
 20
7219.976584104469
 10
2963.134744195638
 20
7219.976584104469
 10
2963.134744195638
 20
7261.97658410447
  0
LINE
  5
9A9
102
{ACAD_REACTORS
330
9AE
102
}
330
1F
100
AcDbEntity
  8
furniture
100
AcDbLine
 10
2964.134744195639
 20
7220.976584104469
 30
0.0
 11
2988.134744195639
 21
7220.976584104469
 31
0.0
  0
LINE
  5
9AA
102
{ACAD_REACTORS
330
9AE
102
}
330
1F
100
AcDbEntity
  8
furniture
100
AcDbLine
 10
2988.134744195639
 20
7220.976584104469
 30
0.0
 11
2988.134744195639
 21
7260.976584104469
 31
0.0
  0
LINE
  5
9AB
102
{ACAD_REACTORS
330
9AE
102
}
330
1F
100
AcDbEntity
  8
furniture
100
AcDbLine
 10
2988.134744195639
 20
7260.976584104469
 30
0.0
 11
2964.134744195639
 21
7260.976584104469
 31
0.0
  0
LINE
  5
9AC
102
{ACAD_REACTORS
330
9AE
102
}
330
1F
100
AcDbEntity
  8
furniture
100
AcDbLine
 10
2964.134744195639
 20
7260.976584104469
 30
0.0
 11
2964.134744195639
 21
7220.976584104469
 31
0.0
  0
LWPOLYLINE
  5
9AD
102
{ACAD_REACTORS
330
9AE
102
}
330
1F
100
AcDbEntity
  8
furniture
100
AcDbPolyline
 90
        4
 70
     1
 43
0.0
 10
2967.134744195639
 20
7252.501234916164
 10
2985.134744195639
 20
7252.501234916164
 10
2985.134744195639
 20
7259.9551892304
 10
2967.134744195639
 20
7259.9551892304
  0
LWPOLYLINE
  5
9AF
102
{ACAD_REACTORS
330
111D
102
}
330
1F
100
AcDbEntity
  8
wall
100
AcDbPolyline
 90
        2
 70
     0
 43
0.0
 10
2951.134744195556
 20
7156.547034850968
 10
2988.134744195639
 20
7156.547034850968
  0
LWPOLYLINE
  5
9B0
330
1F
100
AcDbEntity
  8
wall
100
AcDbPolyline
 90
        4
 70
     0
 43
0.0
 10
2989.134744195639
 20
7199.547034850969
 10
2979.134744195638
 20
7199.547034850969
 10
2979.134744195638
 20
7201.547034850968
 10
2989.134744195639
 20
7201.547034850968
  0
LWPOLYLINE
  5
9B1
330
1F
100
AcDbEntity
  8
wall
100
AcDbPolyline
 90
        2
 70
     0
 43
0.0
 10
2989.134744195639
 20
7199.547034850969
 10
2979.134744195638
 20
7199.547034850969
  0
LWPOLYLINE
  5
9B2
330
1F
100
AcDbEntity
  8
wall
100
AcDbPolyline
 90
        4
 70
     0
 43
0.0
 10
2948.134744195639
 20
7201.547034850968
 10
2951.134744195639
 20
7201.547034850968
 10
2951.134744195639
 20
7199.547034850969
 10
2948.134744195639
 20
7199.547034850969
  0
LWPOLYLINE
  5
9B3
102
{ACAD_REACTORS
330
3C8
102
}
330
1F
100
AcDbEntity
  8
wall
100
AcDbPolyline
 90
        3
 70
     0
 43
0.0
 10
2991.134744195639
 20
7199.547034850969
 10
3066.134744195639
 20
7199.547034850969
 10
3066.134744195639
 20
7197.547034850969
  0
LWPOLYLINE
  5
9B4
330
1F
100
AcDbEntity
  8
wall
100
AcDbPolyline
 90
        2
 70
     0
 43
0.0
 10
2989.134744195639
 20
7201.547034850968
 10
2989.134744195639
 20
7215.547034850968
  0
LWPOLYLINE
  5
9B5
330
1F
100
AcDbEntity
  8
wall
100
AcDbPolyline
 90
        2
 70
     0
 43
0.0
 10
2989.134744195639
 20
7201.547034850968
 10
2989.134744195639
 20
7276.547034850968
  0
LWPOLYLINE
  5
9BE
102
{ACAD_REACTORS
330
9D5
102
}
330
1F
100
AcDbEntity
  8
furniture
100
AcDbPolyline
 90
        5
 70
     0
 43
0.0
 10
2989.134744195639
 20
7261.976584104466
 10
2979.134744195638
 20
7261.976584104466
 10
2979.134744195638
 20
7268.976584104468
 10
2989.134744195639
 20
7268.976584104464
 10
2989.134744195639
 20
7261.976584104466
  0
LWPOLYLINE
  5
9BF
102
{ACAD_REACTORS
330
9D5
102
}
330
1F
100
AcDbEntity
  8
furniture
100
AcDbPolyline
 90
        4
 70
     0
 43
0.0
 10
2979.134744195638
 20
7261.976584104466
 10
2969.134744195639
 20
7261.976584104466
 10
2969.134744195639
 20
7268.976584104468
 10
2979.134744195638
 20
7268.976584104468
  0
LWPOLYLINE
  5
9C0
102
{ACAD_REACTORS
330
3C8
102
}
330
1F
100
AcDbEntity
  8
wall
100
AcDbPolyline
 90
        2
 70
     0
 43
0.0
 10
2948.134744195639
 20
7201.547034850968
 10
2948.134744195639
 20
7276.547034850968
  0
LWPOLYLINE
  5
9C1
102
{ACAD_REACTORS
330
B34
330
F95
102
}
330
1F
100
AcDbEntity
  8
wall
100
AcDbPolyline
 90
       11
 70
     0
 43
0.0
 10
2948.134744195639
 20
7199.547034850969
 10
2948.134744195639
 20
7158.547034850968
 10
2951.134744195639
 20
7158.547034850968
 10
2951.134744195639
 20
7156.547034850969
 10
2946.135355822581
 20
7156.49173782913
 10
2946.134744195639
 20
7321.547034850969
 10
3010.134744195639
 20
7321.547034850969
 10
3010.134744195639
 20
7319.547034850969
 10
2993.134744195639
 20
7319.547034850967
 10
2993.134744195639
 20
7311.547034850967
 10
2991.134744195639
 20
7311.552903860921
  0
LWPOLYLINE
  5
9C2
330
1F
100
AcDbEntity
  8
wall
100
AcDbPolyline
 90
        2
 70
     0
 43
0.0
 10
2948.134744195639
 20
7201.547034850968
 10
2948.134744195639
 20
7276.547034850968
  0
WIPEOUT
  5
9C3
330
1F
100
AcDbEntity
  8
wall
160
               140
310
8C0000000100000084000000060000000500000030F330FD4426A7407E766A01FA5DBC40000000000000000030F330FD4426A7407D766A01FA33BC40000000000000000030F330FD445AA7407A766A01FA33BC40000000000000000030F330FD445AA7407E766A01FA5DBC40000000000000000030F330FD4426A7407E766A
310
01FA5DBC400000000000000000
100
AcDbWipeout
 90
        0
 10
2963.134744195638
 20
7219.976584104466
 30
0.0
 11
42.00000000000272
 21
0.0
 31
0.0
 12
0.0
 22
42.00000000000272
 32
0.0
 13
1.0
 23
1.0
340
0
 70
     7
280
     1
281
    50
282
    50
283
     0
290
     0
360
0
 71
     2
 91
        5
 14
-0.5
 24
-0.5
 14
-0.5
 24
0.4999999999999432
 14
0.1190476190475778
 24
0.5
 14
0.1190476190475778
 24
-0.5
 14
-0.5
 24
-0.5
  0
WIPEOUT
  5
9C4
102
{ACAD_REACTORS
330
9C6
102
}
330
1F
100
AcDbEntity
  8
furniture
160
               260
310
0401000001000000FC000000060000000A00000030F330FD444AA840AEDA790A8C7DBC40000000000000000030F330FD444AA840AFDA790A8C97BC40000000000000000030F330FD44F6A740AFDA790A8C97BC40000000000000000030F330FD44F6A740AEDA790A8C7DBC40000000000000000030F330FD44F6A740AEDA79
310
0A8C7CBC40000000000000000030F330FD44E8A740AEDA790A8C7CBC40000000000000000040F330FD44E8A740ACDA790A8C97BC40000000000000000030F330FD44F6A740AFDA790A8C97BC40000000000000000030F330FD44F6A740AEDA790A8C7DBC40000000000000000030F330FD444AA840AEDA790A8C7DBC400000
310
000000000000
100
AcDbWipeout
 90
        0
 10
3060.134744195639
 20
7292.547034850968
 30
0.0
 11
49.0
 21
0.0
 31
0.0
 12
0.0
 22
49.0
 32
0.0
 13
1.0
 23
1.0
340
0
 70
     7
280
     1
281
    50
282
    50
283
     0
290
     0
360
0
 71
     2
 91
       10
 14
0.5
 24
0.4795918367346986
 14
0.5
 24
-0.0510204081632821
 14
-0.3571428571428541
 24
-0.0510204081632821
 14
-0.3571428571428541
 24
0.4795918367346986
 14
-0.3571428571428541
 24
0.5
 14
-0.5
 24
0.5
 14
-0.4999999999998508
 24
-0.0510204081632253
 14
-0.3571428571428541
 24
-0.0510204081632821
 14
-0.3571428571428541
 24
0.4795918367346986
 14
0.5
 24
0.4795918367346986
  0
WIPEOUT
  5
9C5
102
{ACAD_REACTORS
330
9C7
102
}
330
1F
100
AcDbEntity
  8
furniture
160
               236
310
EC00000001000000E4000000060000000900000022F330FD4490A740ACDA790A8C97BC40000000000000000022F330FD4490A740AEDA790A8C8BBC40000000000000000024F330FD44C0A740AEDA790A8C8BBC40000000000000000024F330FD44C0A740ACDA790A8C97BC40000000000000000022F330FD44E8A740ACDA79
310
0A8C97BC40000000000000000022F330FD44E8A740B1DA790A8C90BC40000000000000000024F330FD44C0A740B1DA790A8C90BC40000000000000000024F330FD44C0A740ACDA790A8C97BC40000000000000000022F330FD4490A740ACDA790A8C97BC400000000000000000
100
AcDbWipeout
 90
        0
 10
3016.134744195632
 20
7307.547034850967
 30
0.0
 11
44.00000000000045
 21
0.0
 31
0.0
 12
0.0
 22
44.00000000000045
 32
0.0
 13
1.0
 23
1.0
340
0
 70
     7
280
     1
281
    50
282
    50
283
     0
290
     0
360
0
 71
     2
 91
        9
 14
-0.5
 24
0.2272727272727764
 14
-0.5
 24
0.5
 14
0.045454545454561
 24
0.5
 14
0.045454545454561
 24
0.2272727272727764
 14
0.5
 24
0.2272727272727764
 14
0.5
 24
0.3863636363635692
 14
0.045454545454561
 24
0.3863636363635692
 14
0.045454545454561
 24
0.2272727272727764
 14
-0.5
 24
0.2272727272727764
  0
WIPEOUT
  5
9C8
102
{ACAD_REACTORS
330
9C9
102
}
330
1F
100
AcDbEntity
  8
furniture
160
               140
310
8C0000000100000084000000060000000500000030F330FD441AA740AEDA790A8C72BC40000000000000000030F330FD441AA740AEDA790A8C82BC40000000000000000030F330FD4408A740AEDA790A8C82BC40000000000000000030F330FD4408A740AEDA790A8C72BC40000000000000000030F330FD441AA740AEDA79
310
0A8C72BC400000000000000000
100
AcDbWipeout
 90
        0
 10
2948.134744195639
 20
7282.547034850968
 30
0.0
 11
16.0
 21
0.0
 31
0.0
 12
0.0
 22
16.0
 32
0.0
 13
1.0
 23
1.0
340
0
 70
     7
280
     1
281
    50
282
    50
283
     0
290
     0
360
0
 71
     2
 91
        5
 14
0.0625
 24
0.5
 14
0.0625
 24
-0.5
 14
-0.5
 24
-0.5
 14
-0.5
 24
0.5
 14
0.0625
 24
0.5
  0
WIPEOUT
  5
9CA
102
{ACAD_REACTORS
330
9D5
102
}
330
1F
100
AcDbEntity
  8
furniture
160
               140
310
8C0000000100000084000000060000000500000030F330FD4432A7407D766A01FA64BC40000000000000000030F330FD4432A7407E766A01FA5DBC40000000000000000030F330FD445AA7407E766A01FA5DBC40000000000000000030F330FD445AA7407B766A01FA64BC40000000000000000030F330FD4432A7407D766A
310
01FA64BC400000000000000000
100
AcDbWipeout
 90
        0
 10
2969.134744195639
 20
7261.97658410447
 30
0.0
 11
20.0
 21
0.0
 31
0.0
 12
0.0
 22
20.0
 32
0.0
 13
1.0
 23
1.0
340
0
 70
     7
280
     1
281
    50
282
    50
283
     0
290
     0
360
0
 71
     2
 91
        5
 14
-0.5
 24
0.1500000000000341
 14
-0.5
 24
0.5
 14
0.5
 24
0.5
 14
0.5
 24
0.1500000000001478
 14
-0.5
 24
0.1500000000000341
  0
LWPOLYLINE
  5
9CC
330
1F
100
AcDbEntity
  8
wall
100
AcDbPolyline
 90
        2
 70
     0
 43
0.0
 10
2989.134744195639
 20
7201.547034850968
 10
2989.134744195639
 20
7215.547034850968
  0
LWPOLYLINE
  5
9D9
102
{ACAD_REACTORS
330
9DC
330
9DF
102
}
330
1F
100
AcDbEntity
  8
furniture
  6
ByBlock
100
AcDbPolyline
 90
        5
 70
     0
 43
0.0
 10
2989.134744195639
 20
7219.976584104466
 10
2989.134744195639
 20
7207.976584104466
 10
2987.134744195639
 20
7207.976584104466
 10
2987.13474419564
 20
7219.976584104466
 10
2989.134744195639
 20
7219.976584104469
  0
LWPOLYLINE
  5
9DB
102
{ACAD_REACTORS
330
9DC
330
9DF
102
}
330
1F
100
AcDbEntity
  8
furniture
  6
ACAD_ISO02W100
100
AcDbPolyline
 90
        4
 70
     1
 43
0.0
 10
2963.134744195638
 20
7219.976584104469
 10
2987.134744195639
 20
7219.976584104469
 10
2987.134744195639
 20
7207.976584104466
 10
2963.134744195638
 20
7207.976584104466
  0
WIPEOUT
  5
9DE
102
{ACAD_REACTORS
330
9DF
102
}
330
1F
100
AcDbEntity
  8
furniture
  6
ByBlock
160
               140
310
8C0000000100000084000000060000000500000033F330FD4456A7407A766A01FA33BC40000000000000000030F330FD445AA7407E766A01FA33BC40000000000000000030F330FD445AA7407A766A01FA27BC40000000000000000030F330FD4456A7407A766A01FA27BC40000000000000000033F330FD4456A7407A766A
310
01FA33BC400000000000000000
100
AcDbWipeout
 90
        0
 10
2987.134744195639
 20
7207.976584104466
 30
0.0
 11
12.00000000000273
 21
0.0
 31
0.0
 12
0.0
 22
12.00000000000273
 32
0.0
 13
1.0
 23
1.0
340
0
 70
     7
280
     1
281
    50
282
    50
283
     0
290
     0
360
0
 71
     2
 91
        5
 14
-0.4999999999998864
 24
-0.4999999999997727
 14
-0.3333333333333712
 24
-0.5
 14
-0.3333333333333712
 24
0.5
 14
-0.5
 24
0.5
 14
-0.4999999999998864
 24
-0.4999999999997727
  0
LWPOLYLINE
  5
9E0
330
1F
100
AcDbEntity
  8
windoes
  6
ByBlock
100
AcDbPolyline
 90
        2
 70
     0
 43
0.0
 10
2948.134744195639
 20
7201.547034850968
 10
2946.135188866236
 20
7201.547027441439
  0
LWPOLYLINE
  5
9E3
102
{ACAD_REACTORS
330
9E9
330
F95
102
}
330
1F
100
AcDbEntity
  8
door
  6
ByBlock
100
AcDbPolyline
 90
        4
 70
     1
 43
0.0
 10
2948.134744195639
 20
7201.547034850968
 10
2946.134744195639
 20
7201.547034850968
 10
2946.134744195639
 20
7202.547034850969
 10
2948.134744195639
 20
7202.547034850969
  0
LWPOLYLINE
  5
9E4
102
{ACAD_REACTORS
330
9E9
330
F95
102
}
330
1F
100
AcDbEntity
  8
door
  6
ByBlock
100
AcDbPolyline
 90
        4
 70
     1
 43
0.0
 10
2948.134744195639
 20
7276.547034850968
 10
2946.134744195639
 20
7276.547034850968
 10
2946.134744195639
 20
7275.547034850967
 10
2948.134744195639
 20
7275.547034850967
  0
LWPOLYLINE
  5
9E5
102
{ACAD_REACTORS
330
9E9
102
}
330
1F
100
AcDbEntity
  8
door
  6
ByBlock
100
AcDbPolyline
 90
        2
 70
     0
 43
0.0
 10
2948.134744195639
 20
7276.547034850968
 10
2948.134744195639
 20
7201.547034850968
  0
LWPOLYLINE
  5
9E6
102
{ACAD_REACTORS
330
9E9
102
}
330
1F
100
AcDbEntity
  8
door
  6
ByBlock
100
AcDbPolyline
 90
        2
 70
     0
 43
0.0
 10
2946.134744195639
 20
7201.547034850968
 10
2946.134910947103
 20
7276.547034850968
  0
LWPOLYLINE
  5
9E8
102
{ACAD_REACTORS
330
9E9
102
}
330
1F
100
AcDbEntity
  8
door
  6
ByBlock
100
AcDbPolyline
 90
        2
 70
     0
 43
0.0
 10
2947.134744195638
 20
7275.547034850967
 10
2947.134744195638
 20
7202.547034850969
  0
LWPOLYLINE
  5
9EB
330
1F
100
AcDbEntity
  8
wall
  6
ByBlock
100
AcDbPolyline
 90
        4
 70
     0
 43
0.0
 10
2989.134744195639
 20
7199.547034850969
 10
2989.134744195639
 20
7196.547034850969
 10
2991.134744195639
 20
7196.547034850969
 10
2991.134744195639
 20
7199.547034850969
  0
LWPOLYLINE
  5
9ED
102
{ACAD_REACTORS
330
3C8
102
}
330
1F
100
AcDbEntity
  8
wall
100
AcDbPolyline
 90
        3
 70
     0
 43
0.0
 10
2988.134744195639
 20
7158.547034850968
 10
2948.134744195639
 20
7158.547034850968
 10
2948.134744195639
 20
7199.547034850969
  0
LWPOLYLINE
  5
9EE
102
{ACAD_REACTORS
330
111D
102
}
330
1F
100
AcDbEntity
  8
wall
100
AcDbPolyline
 90
        2
 70
     0
 43
0.0
 10
2988.134744195639
 20
7158.546912521839
 10
2988.134744195639
 20
7156.547034850969
  0
LWPOLYLINE
  5
9F0
330
1F
100
AcDbEntity
  8
wall
  6
ByBlock
100
AcDbPolyline
 90
        2
 70
     0
 43
0.0
 10
2991.134799087102
 20
7161.54691565857
 10
2991.134803792066
 20
7158.546917226899
  0
LWPOLYLINE
  5
9F1
330
1F
100
AcDbEntity
  8
wall
  6
ByBlock
100
AcDbPolyline
 90
        2
 70
     0
 43
0.0
 10
2989.134744195639
 20
7158.546912521839
 10
2988.134744195639
 20
7158.546912521839
  0
LWPOLYLINE
  5
9F2
330
1F
100
AcDbEntity
  8
wall
  6
ByBlock
100
AcDbPolyline
 90
        2
 70
     0
 43
0.0
 10
2989.134744195639
 20
7161.547034850967
 10
2989.134744195639
 20
7158.546912521839
  0
LWPOLYLINE
  5
9F3
330
1F
100
AcDbEntity
  8
wall
  6
ByBlock
100
AcDbPolyline
 90
        5
 70
     0
 43
0.0
 10
2989.134744195639
 20
7158.546912521839
 10
2989.134744195639
 20
7161.546912521838
 10
2991.134799087102
 20
7161.54691565857
 10
2991.134803792073
 20
7158.546912521839
 10
2991.134744195639
 20
7158.546912521839
  0
LWPOLYLINE
  5
9F5
330
1F
100
AcDbEntity
  8
door
  6
ByBlock
100
AcDbPolyline
 90
        6
 70
     0
 43
0.0
 10
2951.134744195639
 20
7201.547034850968
 10
2979.134744195638
 20
7201.547034850968
 10
2979.134744195638
 20
7199.547034850969
 10
2951.134744195639
 20
7199.547034850969
 10
2951.134744195639
 20
7201.547034850968
 10
2953.134744195639
 20
7201.547034850968
  0
LWPOLYLINE
  5
9F9
330
1F
100
AcDbEntity
  8
door
  6
ACAD_ISO02W100
100
AcDbPolyline
 90
        4
 70
     0
 43
0.0
 10
2953.134744195639
 20
7201.547034850968
 10
2953.134744195639
 20
7173.547034850968
 10
2951.134744195639
 20
7173.547034850968
 10
2951.134744195639
 20
7201.547034850968
  0
ARC
  5
9FA
330
1F
100
AcDbEntity
  8
door
  6
ACAD_ISO02W100
100
AcDbCircle
 10
2952.134744195639
 20
7200.547034850966
 30
0.0
 40
27.01851217221252
100
AcDbArc
 50
267.8789036033384
 51
357.8789036033424
  0
LWPOLYLINE
  5
9FB
102
{ACAD_REACTORS
330
3BF
102
}
330
1F
100
AcDbEntity
  8
wall
100
AcDbPolyline
 90
        5
 70
     0
 43
0.0
 10
3109.134744195639
 20
7278.547034850967
 10
3109.134744195639
 20
7319.547034850969
 10
2993.134744195639
 20
7319.547034850962
 10
2993.134744195639
 20
7311.547034850967
 10
2992.486412790772
 20
7311.516345553345
  0
LWPOLYLINE
  5
9FC
102
{ACAD_REACTORS
330
3C8
102
}
330
1F
100
AcDbEntity
  8
wall
100
AcDbPolyline
 90
       11
 70
     0
 43
0.0
 10
3109.134744195639
 20
7276.547034850968
 10
3109.134744195639
 20
7201.547034850968
 10
3106.134744195639
 20
7201.547034850968
 10
3106.134744195639
 20
7199.547034850969
 10
3109.134744195639
 20
7199.547034850969
 10
3109.134744195639
 20
7158.547034850968
 10
3068.134744195639
 20
7158.547034850968
 10
3068.134744195639
 20
7160.547034850967
 10
3066.134744195639
 20
7160.547034850968
 10
3066.134744195639
 20
7158.547034850968
 10
2991.134744195639
 20
7158.547034850968
  0
LWPOLYLINE
  5
9FD
102
{ACAD_REACTORS
330
EAA
102
}
330
1F
100
AcDbEntity
  8
door
  6
Continuous
100
AcDbPolyline
 90
        4
 70
     1
 43
0.0
 10
3070.134744195639
 20
7278.547034850967
 10
3107.13474419564
 20
7278.547034850967
 10
3107.13474419564
 20
7276.547034850968
 10
3070.134744195639
 20
7276.547034850968
  0
LWPOLYLINE
  5
9FE
102
{ACAD_REACTORS
330
3BF
102
}
330
1F
100
AcDbEntity
  8
wall
100
AcDbPolyline
 90
        4
 70
     0
 43
0.0
 10
2992.486412790772
 20
7286.547034850967
 10
2993.134744195639
 20
7286.547034850967
 10
2993.134744195639
 20
7278.547034850967
 10
3070.134744195639
 20
7278.547034850967
  0
LWPOLYLINE
  5
9FF
102
{ACAD_REACTORS
330
3C2
102
}
330
1F
100
AcDbEntity
  8
wall
100
AcDbPolyline
 90
        3
 70
     0
 43
0.0
 10
2991.134744195639
 20
7286.547034850967
 10
2991.134744195639
 20
7278.547034850967
 10
2980.134744195639
 20
7278.547034850967
  0
LWPOLYLINE
  5
A00
102
{ACAD_REACTORS
330
E7A
102
}
330
1F
100
AcDbEntity
  8
door
  6
Continuous
100
AcDbPolyline
 90
        4
 70
     1
 43
0.0
 10
2991.134744195639
 20
7311.552903860921
 10
2992.486412790772
 20
7311.552903860921
 10
2992.486412790772
 20
7286.547034850967
 10
2991.134744195639
 20
7286.547034850967
  0
LWPOLYLINE
  5
A01
102
{ACAD_REACTORS
330
E92
102
}
330
1F
100
AcDbEntity
  8
door
  6
Continuous
100
AcDbPolyline
 90
        4
 70
     1
 43
0.0
 10
2960.134744195639
 20
7278.547034850967
 10
2980.134744195639
 20
7278.547034850967
 10
2980.134744195639
 20
7276.547034850968
 10
2960.134744195639
 20
7276.547034850968
  0
LWPOLYLINE
  5
A02
102
{ACAD_REACTORS
330
A05
102
}
330
1F
100
AcDbEntity
  8
plant
  6
Continuous
100
AcDbPolyline
 90
        7
 70
     0
 43
0.0
 10
3143.467092060852
 20
7321.547034850969
 10
3186.467092060853
 20
7321.547034850969
 10
3186.467092060852
 20
7199.547034850969
 10
3263.467092060852
 20
7199.547034850969
 10
3263.467092060852
 20
7156.547034850969
 10
3143.467092060852
 20
7156.547034850969
 10
3143.467092060852
 20
7321.547034850969
  0
HATCH
  5
A05
330
1F
100
AcDbEntity
  8
plant
  6
Continuous
 62
     3
100
AcDbHatch
 10
0.0
 20
0.0
 30
0.0
210
0.0
220
0.0
230
1.0
  2
ANSI36
 70
     0
 71
     1
 91
        1
 92
        1
 93
        6
 72
     1
 10
3143.467092060852
 20
7321.547034850969
 11
3186.467092060853
 21
7321.547034850969
 72
     1
 10
3186.467092060853
 20
7321.547034850969
 11
3186.467092060852
 21
7199.547034850969
 72
     1
 10
3186.467092060852
 20
7199.547034850969
 11
3263.467092060852
 21
7199.547034850969
 72
     1
 10
3263.467092060852
 20
7199.547034850969
 11
3263.467092060852
 21
7156.547034850969
 72
     1
 10
3263.467092060852
 20
7156.547034850969
 11
3143.467092060852
 21
7156.547034850969
 72
     1
 10
3143.467092060852
 20
7156.547034850969
 11
3143.467092060852
 21
7321.547034850969
 97
        1
330
A02
 75
     1
 76
     1
 52
0.0
 41
2.1
 77
     0
 78
     1
 53
45.0
 43
0.0
 44
0.0
 45
3.53597584767098
 46
12.96524477479359
 79
     4
 49
16.66875
 49
-3.333749999999999
 49
0.0
 49
-3.333749999999999
 98
        1
 10
0.0
 20
0.0
1001
GradientColor1ACI
1070
     5
1001
GradientColor2ACI
1070
     2
1001
ACAD
1010
0.0
1020
0.0
1030
0.0
  0
WIPEOUT
  5
A0B
330
1F
100
AcDbEntity
  8
door
  6
Continuous
160
               140
310
8C0000000100000084000000060000000500000030F330FD440EA740AEDA790A8C21BC40000000000000000030F330FD4446A740AEDA790A8C21BC40000000000000000030F330FD4446A740AEDA790A8C1FBC40000000000000000030F330FD440EA740AEDA790A8C1FBC40000000000000000030F330FD440EA740AEDA79
310
0A8C21BC400000000000000000
100
AcDbWipeout
 90
        0
 10
2951.134744195639
 20
7199.547034850969
 30
0.0
 11
28.0
 21
0.0
 31
0.0
 12
0.0
 22
28.0
 32
0.0
 13
1.0
 23
1.0
340
0
 70
     7
280
     1
281
    50
282
    50
283
     0
290
     0
360
0
 71
     2
 91
        5
 14
-0.5
 24
0.4285714285714449
 14
0.5
 24
0.4285714285714449
 14
0.5
 24
0.5
 14
-0.5
 24
0.5
 14
-0.5
 24
0.4285714285714449
  0
LWPOLYLINE
  5
A2B
330
1F
100
AcDbEntity
  8
wall
  6
Continuous
100
AcDbPolyline
 90
        4
 70
     0
 43
0.0
 10
3068.134744195639
 20
7197.547034850969
 10
3068.134744195635
 20
7191.274885403547
 10
3066.134744195635
 20
7191.274885403547
 10
3066.134744195635
 20
7197.547034850969
  0
LWPOLYLINE
  5
A2C
102
{ACAD_REACTORS
330
3C8
102
}
330
1F
100
AcDbEntity
  8
wall
100
AcDbPolyline
 90
        7
 70
     0
 43
0.0
 10
3068.134744195639
 20
7197.547034850969
 10
3068.134744195639
 20
7199.547034850969
 10
3071.134744195639
 20
7199.547034850969
 10
3071.134744195639
 20
7201.547034850968
 10
3068.134744195639
 20
7201.547034850968
 10
3068.134744195639
 20
7276.547034850968
 10
3070.134744195639
 20
7276.547034850968
  0
LWPOLYLINE
  5
A2D
330
1F
100
AcDbEntity
  8
wall
100
AcDbPolyline
 90
        4
 70
     0
 43
0.0
 10
3066.134744195639
 20
7197.547034850969
 10
3066.134744195639
 20
7199.547034850969
 10
3052.134744195639
 20
7199.547034850969
 10
3052.134744195639
 20
7201.547034850968
  0
CIRCLE
  5
A43
102
{ACAD_REACTORS
330
A4A
330
A84
102
}
330
1F
100
AcDbEntity
  8
furniture
 62
     6
 48
10.0
100
AcDbCircle
 10
3030.899118712301
 20
7178.116921279377
 30
0.0
 40
0.5546716184438077
  0
CIRCLE
  5
A44
102
{ACAD_REACTORS
330
A4A
330
A84
102
}
330
1F
100
AcDbEntity
  8
furniture
 62
     6
 48
10.0
100
AcDbCircle
 10
3029.789775475412
 20
7165.914145673612
 30
0.0
 40
0.5546716184438077
  0
ARC
  5
A45
102
{ACAD_REACTORS
330
A4A
330
A84
102
}
330
1F
100
AcDbEntity
  8
furniture
 62
     6
 48
10.0
100
AcDbCircle
 10
3024.492536497489
 20
7172.912434107594
 30
0.0
 40
0.739562157925077
100
AcDbArc
 50
68.68218745361533
 51
351.3178125463011
  0
ARC
  5
A46
102
{ACAD_REACTORS
330
A4A
330
A84
102
}
330
1F
100
AcDbEntity
  8
furniture
 62
     6
 48
10.0
100
AcDbCircle
 10
3030.897332661896
 20
7176.610244897218
 30
0.0
 40
0.4622263487031732
100
AcDbArc
 50
300.0000000002909
 51
120.0000000002908
  0
LINE
  5
A47
102
{ACAD_REACTORS
330
A4A
330
A84
102
}
330
1F
100
AcDbEntity
  8
furniture
 62
     6
 48
10.0
100
AcDbLine
 10
3031.128445836248
 20
7176.209945136943
 30
0.0
 11
3024.72364967184
 21
7172.512134347319
 31
0.0
  0
LINE
  5
A48
102
{ACAD_REACTORS
330
A4A
330
A84
102
}
330
1F
100
AcDbEntity
  8
furniture
 62
     6
 48
10.0
100
AcDbLine
 10
3030.666219487545
 20
7177.010544657495
 30
0.0
 11
3024.261423323137
 21
7173.312733867867
 31
0.0
  0
ARC
  5
A49
102
{ACAD_REACTORS
330
A4A
330
A84
102
}
330
1F
100
AcDbEntity
  8
furniture
 62
     6
 48
10.0
100
AcDbCircle
 10
3024.492536497489
 20
7172.912434107594
 30
0.0
 40
0.4622263487031732
100
AcDbArc
 50
120.0000000002908
 51
300.0000000002909
  0
CIRCLE
  5
A4B
102
{ACAD_REACTORS
330
A83
330
A84
102
}
330
1F
100
AcDbEntity
  8
furniture
 62
     6
100
AcDbCircle
 10
2999.00203029571
 20
7165.73551189832
 30
0.0
 40
3.86021504643473
  0
CIRCLE
  5
A4C
102
{ACAD_REACTORS
330
A83
330
A84
102
}
330
1F
100
AcDbEntity
  8
furniture
 62
     6
100
AcDbCircle
 10
2999.00203029571
 20
7165.73551189832
 30
0.0
 40
3.02103786242718
  0
LINE
  5
A4D
102
{ACAD_REACTORS
330
A83
330
A84
102
}
330
1F
100
AcDbEntity
  8
furniture
 62
     6
100
AcDbLine
 10
2999.00203029571
 20
7162.714474035893
 30
0.0
 11
2999.00203029571
 21
7160.700448794274
 31
0.0
  0
LINE
  5
A4E
102
{ACAD_REACTORS
330
A83
330
A84
102
}
330
1F
100
AcDbEntity
  8
furniture
 62
     6
100
AcDbLine
 10
2999.00203029571
 20
7168.756549760747
 30
0.0
 11
2999.00203029571
 21
7170.770575002364
 31
0.0
  0
LINE
  5
A4F
102
{ACAD_REACTORS
330
A83
330
A84
102
}
330
1F
100
AcDbEntity
  8
furniture
 62
     6
100
AcDbLine
 10
3002.023068158137
 20
7165.73551189832
 30
0.0
 11
3004.037093399755
 21
7165.73551189832
 31
0.0
  0
LINE
  5
A50
102
{ACAD_REACTORS
330
A83
330
A84
102
}
330
1F
100
AcDbEntity
  8
furniture
 62
     6
100
AcDbLine
 10
2995.980992433283
 20
7165.73551189832
 30
0.0
 11
2993.966967191664
 21
7165.73551189832
 31
0.0
  0
CIRCLE
  5
A51
102
{ACAD_REACTORS
330
A83
330
A84
102
}
330
1F
100
AcDbEntity
  8
furniture
 62
     6
100
AcDbCircle
 10
3004.383494896528
 20
7174.701195643113
 30
0.0
 40
0.8391771840075501
  0
LWPOLYLINE
  5
A52
102
{ACAD_REACTORS
330
A83
330
A84
330
F0E
330
F65
102
}
330
1F
100
AcDbEntity
  8
furniture
 62
     6
100
AcDbPolyline
 90
        4
 70
     1
 43
0.0
 10
3022.39409429992
 20
7158.547034850968
 10
3022.39409429992
 20
7177.218727195136
 10
2991.134744195639
 20
7177.218727195136
 10
2991.134744195639
 20
7158.547034850968
  0
CIRCLE
  5
A53
102
{ACAD_REACTORS
330
A83
330
A84
102
}
330
1F
100
AcDbEntity
  8
furniture
 62
     6
100
AcDbCircle
 10
3014.526808199849
 20
7165.73551189832
 30
0.0
 40
3.86021504643473
  0
CIRCLE
  5
A54
102
{ACAD_REACTORS
330
A83
330
A84
102
}
330
1F
100
AcDbEntity
  8
furniture
 62
     6
100
AcDbCircle
 10
3014.526808199849
 20
7165.73551189832
 30
0.0
 40
3.02103786242718
  0
LINE
  5
A55
102
{ACAD_REACTORS
330
A83
330
A84
102
}
330
1F
100
AcDbEntity
  8
furniture
 62
     6
100
AcDbLine
 10
3014.526808199849
 20
7162.714474035893
 30
0.0
 11
3014.526808199849
 21
7160.700448794274
 31
0.0
  0
LINE
  5
A56
102
{ACAD_REACTORS
330
A83
330
A84
102
}
330
1F
100
AcDbEntity
  8
furniture
 62
     6
100
AcDbLine
 10
3014.526808199849
 20
7168.756549760747
 30
0.0
 11
3014.526808199849
 21
7170.770575002364
 31
0.0
  0
LINE
  5
A57
102
{ACAD_REACTORS
330
A83
330
A84
102
}
330
1F
100
AcDbEntity
  8
furniture
 62
     6
100
AcDbLine
 10
3011.505770337422
 20
7165.73551189832
 30
0.0
 11
3009.491745095804
 21
7165.73551189832
 31
0.0
  0
LINE
  5
A58
102
{ACAD_REACTORS
330
A83
330
A84
102
}
330
1F
100
AcDbEntity
  8
furniture
 62
     6
100
AcDbLine
 10
3017.547846062277
 20
7165.73551189832
 30
0.0
 11
3019.561871303894
 21
7165.73551189832
 31
0.0
  0
CIRCLE
  5
A59
102
{ACAD_REACTORS
330
A83
330
A84
102
}
330
1F
100
AcDbEntity
  8
furniture
 62
     6
100
AcDbCircle
 10
3009.14534359903
 20
7174.701195643113
 30
0.0
 40
0.8391771840075501
  0
LINE
  5
A5A
102
{ACAD_REACTORS
330
A84
330
F0E
102
}
330
1F
100
AcDbEntity
  8
furniture
 62
     6
 48
10.0
100
AcDbLine
 10
3022.394153896163
 20
7158.518524094363
 30
0.0
 11
3022.394153896163
 21
7184.403199621738
 31
0.0
  0
LINE
  5
A5B
102
{ACAD_REACTORS
330
A84
330
F26
102
}
330
1F
100
AcDbEntity
  8
furniture
 62
     6
 48
10.0
100
AcDbLine
 10
3022.394153896163
 20
7184.403199621738
 30
0.0
 11
3037.185397054664
 21
7184.403199621738
 31
0.0
  0
LINE
  5
A5C
102
{ACAD_REACTORS
330
A84
330
F26
102
}
330
1F
100
AcDbEntity
  8
furniture
 62
     6
 48
10.0
100
AcDbLine
 10
3037.185397054664
 20
7184.403199621738
 30
0.0
 11
3037.185397054664
 21
7158.518524094363
 31
0.0
  0
LINE
  5
A5D
102
{ACAD_REACTORS
330
A84
102
}
330
1F
100
AcDbEntity
  8
furniture
 62
     6
 48
10.0
100
AcDbLine
 10
3037.185397054664
 20
7158.518524094363
 30
0.0
 11
3022.394153896163
 21
7158.518524094363
 31
0.0
  0
ARC
  5
A5E
102
{ACAD_REACTORS
330
A84
102
}
330
1F
100
AcDbEntity
  8
furniture
 62
     6
 48
10.0
100
AcDbCircle
 10
3034.227148422964
 20
7174.788891568714
 30
0.0
 40
1.8489053948133
100
AcDbArc
 50
269.9999999999859
 51
359.9999999999718
  0
LINE
  5
A5F
102
{ACAD_REACTORS
330
A84
102
}
330
1F
100
AcDbEntity
  8
furniture
 62
     6
 48
10.0
100
AcDbLine
 10
3036.076053817777
 20
7174.788891568713
 30
0.0
 11
3036.076053817777
 21
7181.444950990038
 31
0.0
  0
ARC
  5
A60
102
{ACAD_REACTORS
330
A84
102
}
330
1F
100
AcDbEntity
  8
furniture
 62
     6
 48
10.0
100
AcDbCircle
 10
3034.227148422964
 20
7181.44495099004
 30
0.0
 40
1.8489053948133
100
AcDbArc
 50
359.9999999999718
 51
90.0
  0
LINE
  5
A61
102
{ACAD_REACTORS
330
A84
102
}
330
1F
100
AcDbEntity
  8
furniture
 62
     6
 48
10.0
100
AcDbLine
 10
3034.227148422964
 20
7183.293856384851
 30
0.0
 11
3027.571089001638
 21
7183.293856384851
 31
0.0
  0
ARC
  5
A62
102
{ACAD_REACTORS
330
A84
102
}
330
1F
100
AcDbEntity
  8
furniture
 62
     6
 48
10.0
100
AcDbCircle
 10
3027.571089001638
 20
7181.44495099004
 30
0.0
 40
1.848905394812391
100
AcDbArc
 50
90.00000000001408
 51
180.0000000000281
  0
LINE
  5
A63
102
{ACAD_REACTORS
330
A84
102
}
330
1F
100
AcDbEntity
  8
furniture
 62
     6
 48
10.0
100
AcDbLine
 10
3025.722183606826
 20
7181.444950990038
 30
0.0
 11
3025.722183606826
 21
7174.788891568713
 31
0.0
  0
ARC
  5
A64
102
{ACAD_REACTORS
330
A84
102
}
330
1F
100
AcDbEntity
  8
furniture
 62
     6
 48
10.0
100
AcDbCircle
 10
3027.571089001638
 20
7174.788891568713
 30
0.0
 40
1.848905394812391
100
AcDbArc
 50
180.0
 51
270.0
  0
LINE
  5
A65
102
{ACAD_REACTORS
330
A84
102
}
330
1F
100
AcDbEntity
  8
furniture
 62
     6
 48
10.0
100
AcDbLine
 10
3027.571089001638
 20
7172.9399861739
 30
0.0
 11
3034.227148422964
 21
7172.9399861739
 31
0.0
  0
ARC
  5
A66
102
{ACAD_REACTORS
330
A84
102
}
330
1F
100
AcDbEntity
  8
furniture
 62
     6
 48
10.0
100
AcDbCircle
 10
3023.68838767253
 20
7183.108965845369
 30
0.0
 40
0.7395621579244108
100
AcDbArc
 50
89.99999999989432
 51
179.9999999998591
  0
LINE
  5
A67
102
{ACAD_REACTORS
330
A84
102
}
330
1F
100
AcDbEntity
  8
furniture
 62
     6
 48
10.0
100
AcDbLine
 10
3022.948825514606
 20
7183.10896584537
 30
0.0
 11
3022.948825514606
 21
7159.812757870731
 31
0.0
  0
ARC
  5
A68
102
{ACAD_REACTORS
330
A84
102
}
330
1F
100
AcDbEntity
  8
furniture
 62
     6
 48
10.0
100
AcDbCircle
 10
3023.688387672532
 20
7159.812757870729
 30
0.0
 40
0.739562157925775
100
AcDbArc
 50
179.9999999999295
 51
269.9999999999648
  0
LINE
  5
A69
102
{ACAD_REACTORS
330
A84
102
}
330
1F
100
AcDbEntity
  8
furniture
 62
     6
 48
10.0
100
AcDbLine
 10
3023.688387672532
 20
7159.073195712804
 30
0.0
 11
3035.891163278295
 21
7159.073195712804
 31
0.0
  0
ARC
  5
A6A
102
{ACAD_REACTORS
330
A84
102
}
330
1F
100
AcDbEntity
  8
furniture
 62
     6
 48
10.0
100
AcDbCircle
 10
3035.891163278294
 20
7159.812757870728
 30
0.0
 40
0.7395621579244108
100
AcDbArc
 50
270.0000000000704
 51
0.0000000001409218
  0
LINE
  5
A6B
102
{ACAD_REACTORS
330
A84
102
}
330
1F
100
AcDbEntity
  8
furniture
 62
     6
 48
10.0
100
AcDbLine
 10
3036.630725436219
 20
7159.812757870731
 30
0.0
 11
3036.630725436219
 21
7183.10896584537
 31
0.0
  0
ARC
  5
A6C
102
{ACAD_REACTORS
330
A84
102
}
330
1F
100
AcDbEntity
  8
furniture
 62
     6
 48
10.0
100
AcDbCircle
 10
3035.891163278296
 20
7183.108965845369
 30
0.0
 40
0.7395621579235013
100
AcDbArc
 50
0.0000000000704609
 51
90.00000000007046
  0
LINE
  5
A6D
102
{ACAD_REACTORS
330
A84
102
}
330
1F
100
AcDbEntity
  8
furniture
 62
     6
 48
10.0
100
AcDbLine
 10
3035.891163278295
 20
7183.848528003292
 30
0.0
 11
3023.688387672532
 21
7183.848528003292
 31
0.0
  0
LINE
  5
A6E
102
{ACAD_REACTORS
330
A84
102
}
330
1F
100
AcDbEntity
  8
furniture
 62
     6
 48
10.0
100
AcDbLine
 10
3036.076053817777
 20
7169.9817375422
 30
0.0
 11
3036.076053817777
 21
7161.846553805023
 31
0.0
  0
ARC
  5
A6F
102
{ACAD_REACTORS
330
A84
102
}
330
1F
100
AcDbEntity
  8
furniture
 62
     6
 48
10.0
100
AcDbCircle
 10
3034.227148422964
 20
7161.846553805024
 30
0.0
 40
1.848905394812845
100
AcDbArc
 50
269.9999999999859
 51
359.9999999999718
  0
LINE
  5
A70
102
{ACAD_REACTORS
330
A84
102
}
330
1F
100
AcDbEntity
  8
furniture
 62
     6
 48
10.0
100
AcDbLine
 10
3034.227148422964
 20
7159.997648410211
 30
0.0
 11
3025.352402527863
 21
7159.997648410211
 31
0.0
  0
ARC
  5
A71
102
{ACAD_REACTORS
330
A84
102
}
330
1F
100
AcDbEntity
  8
furniture
 62
     6
 48
10.0
100
AcDbCircle
 10
3025.352402527862
 20
7161.846553805023
 30
0.0
 40
1.848905394812391
100
AcDbArc
 50
180.0
 51
270.0000000000141
  0
LINE
  5
A72
102
{ACAD_REACTORS
330
A84
102
}
330
1F
100
AcDbEntity
  8
furniture
 62
     6
 48
10.0
100
AcDbLine
 10
3023.50349713305
 20
7161.846553805023
 30
0.0
 11
3023.50349713305
 21
7169.9817375422
 31
0.0
  0
ARC
  5
A73
102
{ACAD_REACTORS
330
A84
102
}
330
1F
100
AcDbEntity
  8
furniture
 62
     6
 48
10.0
100
AcDbCircle
 10
3025.352402527861
 20
7169.9817375422
 30
0.0
 40
1.848905394811936
100
AcDbArc
 50
89.99999999997182
 51
180.0
  0
LINE
  5
A74
102
{ACAD_REACTORS
330
A84
102
}
330
1F
100
AcDbEntity
  8
furniture
 62
     6
 48
10.0
100
AcDbLine
 10
3025.352402527863
 20
7171.830642937012
 30
0.0
 11
3034.227148422964
 21
7171.830642937012
 31
0.0
  0
ARC
  5
A75
102
{ACAD_REACTORS
330
A84
102
}
330
1F
100
AcDbEntity
  8
furniture
 62
     6
 48
10.0
100
AcDbCircle
 10
3034.227148422965
 20
7169.981737542198
 30
0.0
 40
1.848905394812391
100
AcDbArc
 50
0.0000000000281844
 51
90.00000000002819
  0
WIPEOUT
  5
A85
330
1F
100
AcDbEntity
  8
furniture
  6
Continuous
160
               188
310
BC00000001000000B4000000060000000700000030F330FD445EA740DB6581FE3709BC40000000000000000030F330FD445EA740AEDA790A8CF6BB4000000000000000001CDD5CEC5EBAA7407ABBFEBD84F6BB4000000000000000001CDD5CEC5EBAA740202517386710BC400000000000000000381B8ACEC99CA740202517
310
386710BC4000000000000000006463BAC6C99CA740DB6581FE3709BC40000000000000000030F330FD445EA740DB6581FE3709BC400000000000000000
100
AcDbWipeout
 90
        0
 10
2991.134744195639
 20
7158.518524094363
 30
0.0
 11
46.05065285902492
 21
0.0
 31
0.0
 12
0.0
 22
46.05065285902492
 32
0.0
 13
1.0
 23
1.0
340
0
 70
     7
280
     1
281
    50
282
    50
283
     0
290
     0
360
0
 71
     2
 91
        7
 14
-0.5
 24
0.0939209991654195
 14
-0.5
 24
0.4993808826838518
 14
0.5
 24
0.5
 14
0.5
 24
-0.0620913911170078
 14
0.1788049193616956
 24
-0.0620913911170078
 14
0.178803625216247
 24
0.0939209991654195
 14
-0.5
 24
0.0939209991654195
  0
LWPOLYLINE
  5
A89
102
{ACAD_REACTORS
330
A8D
330
A90
330
F7D
102
}
330
1F
100
AcDbEntity
  8
furniture
  6
Continuous
100
AcDbPolyline
 90
        4
 70
     0
 43
0.0
 10
3057.189370158849
 20
7178.008940260849
 10
3057.189370158849
 20
7158.54702082174
 10
3037.727450719739
 20
7158.54702082174
 10
3037.727450719739
 20
7178.008940260849
  0
LWPOLYLINE
  5
A8B
102
{ACAD_REACTORS
330
A8D
330
A90
102
}
330
1F
100
AcDbEntity
  8
furniture
  6
Continuous
100
AcDbPolyline
 90
        6
 70
     1
 43
0.0
 10
3038.612083421517
 20
7178.893572962627
 10
3056.304737457071
 20
7178.893572962627
 42
-0.4142135623730951
 10
3057.189370158849
 20
7178.008940260849
 10
3057.189370158849
 20
7177.124307559072
 10
3037.727450719739
 20
7177.124307559072
 10
3037.727450719739
 20
7178.008940260849
 42
-0.4142135623730951
  0
WIPEOUT
  5
A8E
102
{ACAD_REACTORS
330
A90
102
}
330
1F
100
AcDbEntity
  8
furniture
  6
Continuous
160
               140
310
8C0000000100000084000000060000000500000084A41FF560E2A7409A7B8E098CF6BB40000000000000000084A41FF560E2A74026D2A3F3ED0ABC400000000000000000352F65297CBBA740FA60B266E20ABC400000000000000000CA3B6B7474BBA7409A7B8E098CF6BB40000000000000000084A41FF560E2A7409A7B8E
310
098CF6BB400000000000000000
100
AcDbWipeout
 90
        0
 10
3037.727450705574
 20
7158.54702082174
 30
0.0
 11
20.38247807848897
 21
0.0
 31
0.0
 12
0.0
 22
20.38247807848897
 32
0.0
 13
1.0
 23
1.0
340
0
 70
     7
280
     1
281
    50
282
    50
283
     0
290
     0
360
0
 71
     2
 91
        5
 14
0.4548357841556765
 24
0.5
 14
0.4548357841556765
 24
-0.5
 14
-0.4992614923919626
 24
-0.4977863647705523
 14
-0.5
 24
0.5
 14
0.4548357841556765
 24
0.5
  0
CIRCLE
  5
A93
102
{ACAD_REACTORS
330
A9B
330
106D
102
}
330
1F
100
AcDbEntity
  8
furniture
  6
Continuous
100
AcDbCircle
 10
3094.134744195638
 20
7225.678191812446
 30
0.0
 40
11.76457771131512
  0
HATCH
  5
A9B
330
1F
100
AcDbEntity
  8
furniture
  6
Continuous
 62
     9
100
AcDbHatch
 10
0.0
 20
0.0
 30
0.0
210
0.0
220
0.0
230
1.0
  2
SOLID
 70
     1
 71
     1
 91
        1
 92
        1
 93
        1
 72
     2
 10
3094.134744195638
 20
7225.678191812446
 40
11.76457771131512
 50
0.0
 51
360.0
 73
     1
 97
        1
330
A93
 75
     1
 76
     1
 98
        1
 10
667.3888343708339
 20
1558.541351509918
450
        0
451
        0
460
0.0
461
0.0
452
        0
462
0.0
453
        2
463
0.0
 63
     5
421
      255
463
1.0
 63
     2
421
 16776960
470
LINEAR
1001
GradientColor1ACI
1070
     5
1001
GradientColor2ACI
1070
     2
1001
ACAD
1010
0.0
1020
0.0
1030
0.0
  0
LWPOLYLINE
  5
A9E
102
{ACAD_REACTORS
330
AA3
330
AA7
330
1055
102
}
330
1F
100
AcDbEntity
  8
furniture
  6
Continuous
100
AcDbPolyline
 90
        4
 70
     1
 43
0.0
 10
3081.397174261547
 20
7232.114435395472
 10
3069.397174261547
 20
7232.114435395472
 10
3069.397174261547
 20
7222.114435395472
 10
3081.397174261547
 20
7222.114435395472
  0
LWPOLYLINE
  5
A9F
102
{ACAD_REACTORS
330
AA2
330
AA6
330
103D
102
}
330
1F
100
AcDbEntity
  8
furniture
  6
Continuous
100
AcDbPolyline
 90
        4
 70
     1
 43
0.0
 10
3088.464769265489
 20
7212.825193913983
 10
3098.464769265489
 20
7212.825193913983
 10
3098.464769265489
 20
7200.825193913982
 10
3088.464769265489
 20
7200.825193913982
  0
LWPOLYLINE
  5
AA0
102
{ACAD_REACTORS
330
AA2
330
AA6
330
103D
102
}
330
1F
100
AcDbEntity
  8
furniture
  6
Continuous
100
AcDbPolyline
 90
        4
 70
     1
 43
0.0
 10
3088.464769265489
 20
7200.825193913982
 10
3098.464769265489
 20
7200.825193913982
 10
3098.464769265489
 20
7202.825193913984
 10
3088.464769265489
 20
7202.825193913984
  0
LWPOLYLINE
  5
AA1
102
{ACAD_REACTORS
330
AA3
330
AA7
330
1055
102
}
330
1F
100
AcDbEntity
  8
furniture
  6
Continuous
100
AcDbPolyline
 90
        4
 70
     1
 43
0.0
 10
3069.397174261547
 20
7232.114435395472
 10
3071.397174261547
 20
7232.114435395472
 10
3071.397174261547
 20
7222.114435395472
 10
3069.397174261547
 20
7222.114435395472
  0
WIPEOUT
  5
AA4
102
{ACAD_REACTORS
330
AA6
102
}
330
1F
100
AcDbEntity
  8
furniture
  6
Continuous
160
               140
310
8C00000001000000840000000600000005000000ECB63CF6ED20A8406A89E83FD32CBC400000000000000000ECB63CF6ED34A8406A89E83FD32CBC400000000000000000ECB63CF6ED34A8406A89E83FD320BC400000000000000000ECB63CF6ED20A8406A89E83FD320BC400000000000000000ECB63CF6ED20A8406A89E8
310
3FD32CBC400000000000000000
100
AcDbWipeout
 90
        0
 10
3088.464769265489
 20
7200.825193913982
 30
0.0
 11
12.0
 21
0.0
 31
0.0
 12
0.0
 22
12.0
 32
0.0
 13
1.0
 23
1.0
340
0
 70
     7
280
     1
281
    50
282
    50
283
     0
290
     0
360
0
 71
     2
 91
        5
 14
-0.5
 24
-0.5
 14
0.3333333333333144
 24
-0.5
 14
0.3333333333333144
 24
0.5
 14
-0.5
 24
0.5
 14
-0.5
 24
-0.5
  0
WIPEOUT
  5
AA5
102
{ACAD_REACTORS
330
AA7
102
}
330
1F
100
AcDbEntity
  8
furniture
  6
Continuous
160
               140
310
8C0000000100000084000000060000000500000051C06C5ACBFAA7400E59A34B1D40BC40000000000000000050C06C5ACB12A8400E59A34B1D40BC40000000000000000050C06C5ACB12A8400E59A34B1D36BC40000000000000000051C06C5ACBFAA7400E59A34B1D36BC40000000000000000051C06C5ACBFAA7400E59A3
310
4B1D40BC400000000000000000
100
AcDbWipeout
 90
        0
 10
3069.397174261547
 20
7222.114435395472
 30
0.0
 11
12.0
 21
0.0
 31
0.0
 12
0.0
 22
12.0
 32
0.0
 13
1.0
 23
1.0
340
0
 70
     7
280
     1
281
    50
282
    50
283
     0
290
     0
360
0
 71
     2
 91
        5
 14
-0.4999999999999716
 24
-0.3333333333333712
 14
0.5
 24
-0.3333333333333712
 14
0.5
 24
0.5
 14
-0.4999999999999716
 24
0.5
 14
-0.4999999999999716
 24
-0.3333333333333712
  0
LWPOLYLINE
  5
AA9
102
{ACAD_REACTORS
330
B1C
102
}
330
1F
100
AcDbEntity
  8
wall2
  6
Continuous
100
AcDbPolyline
 90
        9
 70
     0
 43
0.0
 10
2951.134744195639
 20
7201.547034850968
 10
2951.134744195639
 20
7199.547034850969
 10
2948.134744195639
 20
7199.547034850969
 10
2948.134744195639
 20
7158.547034850968
 10
2951.134744195639
 20
7158.547034850968
 10
2951.156863004375
 20
7156.547279501745
 10
2946.135355822581
 20
7156.49173782913
 10
2946.134744195639
 20
7201.547034850968
 10
2951.134744195639
 20
7201.547034850968
  0
LWPOLYLINE
  5
AAB
102
{ACAD_REACTORS
330
DCC
102
}
330
1F
100
AcDbEntity
  8
wall2
  6
Continuous
100
AcDbPolyline
 90
       13
 70
     0
 43
0.0
 10
2989.134744195639
 20
7215.547034850968
 10
2991.134744195639
 20
7215.547034850968
 10
2991.134744195639
 20
7201.547034850968
 10
3005.134744195639
 20
7201.547034850968
 10
3005.134744195639
 20
7199.547034850969
 10
2991.134744195639
 20
7199.547034850969
 10
2991.134744195639
 20
7196.547034850969
 10
2989.134744195639
 20
7196.547034850969
 10
2989.134744195639
 20
7199.547034850969
 10
2979.134744195638
 20
7199.547034850969
 10
2979.134744195638
 20
7201.547034850968
 10
2989.134744195639
 20
7201.547034850968
 10
2989.134744195639
 20
7215.547034850968
  0
LWPOLYLINE
  5
AAC
102
{ACAD_REACTORS
330
ABC
330
DCC
330
DE8
102
}
330
1F
100
AcDbEntity
  8
wall2
  6
Continuous
100
AcDbPolyline
 90
       13
 70
     0
 43
0.0
 10
3052.134744195639
 20
7201.547034850968
 10
3052.134744195639
 20
7199.547034850969
 10
3066.134744195639
 20
7199.547034850969
 10
3066.134744195639
 20
7191.274885403547
 10
3068.134744195635
 20
7191.274885403545
 10
3068.134744195639
 20
7199.547034850969
 10
3071.134744195639
 20
7199.547034850969
 10
3071.134744195639
 20
7201.547034850968
 10
3068.134744195639
 20
7201.547034850968
 10
3068.134744195639
 20
7215.547034850968
 10
3066.134744195639
 20
7215.547034850968
 10
3066.134744195639
 20
7201.547034850968
 10
3052.134744195639
 20
7201.547034850968
  0
LWPOLYLINE
  5
AAD
102
{ACAD_REACTORS
330
EDE
102
}
330
1F
100
AcDbEntity
  8
wall2
  6
Continuous
100
AcDbPolyline
 90
       18
 70
     0
 43
0.0
 10
3070.134744195639
 20
7276.547034850968
 10
3070.134744195639
 20
7278.547034850967
 10
2993.134744195639
 20
7278.547034850967
 10
2993.134744195639
 20
7286.547034850967
 10
2991.134744195639
 20
7286.547034850967
 10
2991.134744195639
 20
7278.547034850967
 10
2980.134744195639
 20
7278.547034850967
 10
2980.134744195639
 20
7276.547034850968
 10
2989.134744195639
 20
7276.547034850968
 10
2989.134744195639
 20
7260.547034850969
 10
2991.134744195639
 20
7260.547034850969
 10
2991.134744195639
 20
7276.547034850968
 10
3066.134744195639
 20
7276.547034850968
 10
3066.134744195639
 20
7260.547034850969
 10
3068.134744195639
 20
7260.547034850969
 10
3068.134744195639
 20
7276.547034850968
 10
3070.134744195639
 20
7276.547034850968
 10
3070.134744195639
 20
7278.547034850967
  0
LWPOLYLINE
  5
AAE
102
{ACAD_REACTORS
330
B34
330
FDD
102
}
330
1F
100
AcDbEntity
  8
wall2
  6
Continuous
100
AcDbPolyline
 90
       13
 70
     0
 43
0.0
 10
2960.134744195639
 20
7278.547034850967
 10
2960.134744195639
 20
7276.547034850968
 10
2946.134744195639
 20
7276.547034850968
 10
2946.134744195639
 20
7321.547034850969
 10
3010.134744195639
 20
7321.547034850969
 10
3010.134744195639
 20
7319.547034850963
 10
2993.134744195639
 20
7319.547034850962
 10
2993.111268357984
 20
7311.547103740931
 10
2991.134744195848
 20
7311.552903860921
 10
2991.134744195848
 20
7319.547034850969
 10
2948.134744195639
 20
7319.547034850969
 10
2948.134744195639
 20
7278.547034850967
 10
2960.134744195639
 20
7278.547034850967
  0
HATCH
  5
AB1
330
1F
100
AcDbEntity
  8
wallhatch
  6
Continuous
 62
     8
100
AcDbHatch
 10
0.0
 20
0.0
 30
0.0
210
0.0
220
0.0
230
1.0
  2
SOLID
 70
     1
 71
     0
 91
        5
 92
        1
 93
       12
 72
     1
 10
2960.134744195639
 20
7278.547034850967
 11
2960.134744195639
 21
7276.547034850968
 72
     1
 10
2960.134744195639
 20
7276.547034850968
 11
2946.134744195639
 21
7276.547034850968
 72
     1
 10
2946.134744195639
 20
7276.547034850968
 11
2946.134744195639
 21
7321.547034850969
 72
     1
 10
2946.134744195639
 20
7321.547034850969
 11
3010.134744195639
 21
7321.547034850969
 72
     1
 10
3010.134744195639
 20
7321.547034850969
 11
3010.134744195639
 21
7319.547034850963
 72
     1
 10
3010.134744195639
 20
7319.547034850963
 11
2993.134744195639
 21
7319.547034850962
 72
     1
 10
2993.134744195639
 20
7319.547034850962
 11
2993.111268357984
 21
7311.547103740931
 72
     1
 10
2993.111268357984
 20
7311.547103740931
 11
2991.134744195848
 21
7311.552903860921
 72
     1
 10
2991.134744195848
 20
7311.552903860921
 11
2991.134744195848
 21
7319.547034850969
 72
     1
 10
2991.134744195848
 20
7319.547034850969
 11
2948.134744195639
 21
7319.547034850969
 72
     1
 10
2948.134744195639
 20
7319.547034850969
 11
2948.134744195639
 21
7278.547034850967
 72
     1
 10
2948.134744195639
 20
7278.547034850967
 11
2960.134744195639
 21
7278.547034850967
 97
        0
 92
        1
 93
        8
 72
     1
 10
2951.134744195639
 20
7201.547034850968
 11
2951.134744195639
 21
7199.547034850969
 72
     1
 10
2951.134744195639
 20
7199.547034850969
 11
2948.134744195639
 21
7199.547034850969
 72
     1
 10
2948.134744195639
 20
7199.547034850969
 11
2948.134744195639
 21
7158.547034850968
 72
     1
 10
2948.134744195639
 20
7158.547034850968
 11
2951.134744195639
 21
7158.547034850968
 72
     1
 10
2951.134744195639
 20
7158.547034850968
 11
2951.156863004375
 21
7156.547279501745
 72
     1
 10
2951.156863004375
 20
7156.547279501745
 11
2946.135355822581
 21
7156.49173782913
 72
     1
 10
2946.135355822581
 20
7156.49173782913
 11
2946.134744195639
 21
7201.547034850968
 72
     1
 10
2946.134744195639
 20
7201.547034850968
 11
2951.134744195639
 21
7201.547034850968
 97
        0
 92
        1
 93
       12
 72
     1
 10
2989.134744195639
 20
7215.547034850968
 11
2991.134744195639
 21
7215.547034850968
 72
     1
 10
2991.134744195639
 20
7215.547034850968
 11
2991.134744195639
 21
7201.547034850968
 72
     1
 10
2991.134744195639
 20
7201.547034850968
 11
3005.134744195639
 21
7201.547034850968
 72
     1
 10
3005.134744195639
 20
7201.547034850968
 11
3005.134744195639
 21
7199.547034850969
 72
     1
 10
3005.134744195639
 20
7199.547034850969
 11
2991.134744195639
 21
7199.547034850969
 72
     1
 10
2991.134744195639
 20
7199.547034850969
 11
2991.134744195639
 21
7196.547034850969
 72
     1
 10
2991.134744195639
 20
7196.547034850969
 11
2989.134744195639
 21
7196.547034850969
 72
     1
 10
2989.134744195639
 20
7196.547034850969
 11
2989.134744195639
 21
7199.547034850969
 72
     1
 10
2989.134744195639
 20
7199.547034850969
 11
2979.134744195638
 21
7199.547034850969
 72
     1
 10
2979.134744195638
 20
7199.547034850969
 11
2979.134744195638
 21
7201.547034850968
 72
     1
 10
2979.134744195638
 20
7201.547034850968
 11
2989.134744195639
 21
7201.547034850968
 72
     1
 10
2989.134744195639
 20
7201.547034850968
 11
2989.134744195639
 21
7215.547034850968
 97
        0
 92
        1
 93
       16
 72
     1
 10
3070.134744195639
 20
7276.547034850968
 11
3070.134744195639
 21
7278.547034850967
 72
     1
 10
3070.134744195639
 20
7278.547034850967
 11
2993.134744195639
 21
7278.547034850967
 72
     1
 10
2993.134744195639
 20
7278.547034850967
 11
2993.134744195639
 21
7286.547034850967
 72
     1
 10
2993.134744195639
 20
7286.547034850967
 11
2991.134744195639
 21
7286.547034850967
 72
     1
 10
2991.134744195639
 20
7286.547034850967
 11
2991.134744195639
 21
7278.547034850967
 72
     1
 10
2991.134744195639
 20
7278.547034850967
 11
2980.134744195639
 21
7278.547034850967
 72
     1
 10
2980.134744195639
 20
7278.547034850967
 11
2980.134744195639
 21
7276.547034850968
 72
     1
 10
2980.134744195639
 20
7276.547034850968
 11
2989.134744195639
 21
7276.547034850968
 72
     1
 10
2989.134744195639
 20
7276.547034850968
 11
2989.134744195639
 21
7260.547034850969
 72
     1
 10
2989.134744195639
 20
7260.547034850969
 11
2991.134744195639
 21
7260.547034850969
 72
     1
 10
2991.134744195639
 20
7260.547034850969
 11
2991.134744195639
 21
7276.547034850968
 72
     1
 10
2991.134744195639
 20
7276.547034850968
 11
3066.134744195639
 21
7276.547034850968
 72
     1
 10
3066.134744195639
 20
7276.547034850968
 11
3066.134744195639
 21
7260.547034850969
 72
     1
 10
3066.134744195639
 20
7260.547034850969
 11
3068.134744195639
 21
7260.547034850969
 72
     1
 10
3068.134744195639
 20
7260.547034850969
 11
3068.134744195639
 21
7276.547034850968
 72
     1
 10
3068.134744195639
 20
7276.547034850968
 11
3070.134744195639
 21
7276.547034850968
 97
        0
 92
       33
 93
       20
 72
     1
 10
2991.134744195639
 20
7161.546915658483
 11
2989.134744195639
 21
7161.547034850967
 72
     1
 10
2989.134744195639
 20
7161.547034850967
 11
2989.134744195639
 21
7158.546912521839
 72
     1
 10
2989.134744195639
 20
7158.546912521839
 11
2988.134744195639
 21
7158.546912521839
 72
     1
 10
2988.134744195639
 20
7158.546912521839
 11
2988.134744195639
 21
7156.547034850969
 72
     1
 10
2988.134744195639
 20
7156.547034850969
 11
3111.134744195639
 21
7156.547034850968
 72
     1
 10
3111.134744195639
 20
7156.547034850968
 11
3111.134744195639
 21
7321.547034850969
 72
     1
 10
3111.134744195639
 20
7321.547034850969
 11
3081.134744195639
 21
7321.547034850969
 72
     1
 10
3081.134744195639
 20
7321.547034850969
 11
3081.134744195639
 21
7319.547034850969
 72
     1
 10
3081.134744195639
 20
7319.547034850969
 11
3109.134744195639
 21
7319.547034850969
 72
     1
 10
3109.134744195639
 20
7319.547034850969
 11
3109.134744195639
 21
7201.547034850968
 72
     1
 10
3109.134744195639
 20
7201.547034850968
 11
3106.134744195639
 21
7201.547034850968
 72
     1
 10
3106.134744195639
 20
7201.547034850968
 11
3106.134744195639
 21
7199.547034850969
 72
     1
 10
3106.134744195639
 20
7199.547034850969
 11
3109.134744195639
 21
7199.547034850969
 72
     1
 10
3109.134744195639
 20
7199.547034850969
 11
3109.134744195639
 21
7158.547034850968
 72
     1
 10
3109.134744195639
 20
7158.547034850968
 11
3068.134744195639
 21
7158.547034850968
 72
     1
 10
3068.134744195639
 20
7158.547034850968
 11
3068.134744195639
 21
7160.547034850968
 72
     1
 10
3068.134744195639
 20
7160.547034850968
 11
3066.134744195639
 21
7160.547034850967
 72
     1
 10
3066.134744195639
 20
7160.547034850967
 11
3066.134744195639
 21
7158.547034850968
 72
     1
 10
3066.134744195639
 20
7158.547034850968
 11
2991.134744195639
 21
7158.547034850968
 72
     1
 10
2991.134744195639
 20
7158.547034850968
 11
2991.134922977262
 21
7161.546915647829
 97
        0
 75
     1
 76
     1
 98
        1
 10
0.0
 20
0.0
450
        0
451
        0
460
0.0
461
0.0
452
        0
462
0.0
453
        2
463
0.0
 63
     5
421
      255
463
1.0
 63
     2
421
 16776960
470
LINEAR
1001
GradientColor1ACI
1070
     5
1001
GradientColor2ACI
1070
     2
1001
ACAD
1010
0.0
1020
0.0
1030
0.0
  0
HATCH
  5
AB4
330
1F
100
AcDbEntity
  8
wallhatch
  6
Continuous
 62
     9
370
   100
100
AcDbHatch
 10
0.0
 20
0.0
 30
0.0
210
0.0
220
0.0
230
1.0
  2
SOLID
 70
     1
 71
     0
 91
       27
 92
        1
 93
        2
 72
     1
 10
3066.134744195639
 20
7158.547034850968
 11
2991.134744195639
 21
7158.547034850968
 72
     1
 10
2991.134744195639
 20
7158.547034850968
 11
3066.134744195639
 21
7158.547034850968
 97
        0
 92
       33
 93
        2
 72
     1
 10
3066.134744195639
 20
7160.547034850968
 11
3066.134744195639
 21
7158.547034850968
 72
     1
 10
3066.134744195639
 20
7160.547034850967
 11
3066.134744195639
 21
7158.547034850968
 97
        0
 92
       33
 93
        2
 72
     1
 10
3068.13474419564
 20
7160.547034850967
 11
3066.134744195639
 21
7160.547034850968
 72
     1
 10
3068.134744195639
 20
7160.547034850968
 11
3066.134744195639
 21
7160.547034850967
 97
        0
 92
       49
 93
        2
 72
     1
 10
3068.134744195639
 20
7160.547034850967
 11
3066.134744195639
 21
7160.547034850968
 72
     1
 10
3068.134744195639
 20
7160.547034850967
 11
3066.134744195639
 21
7160.547034850967
 97
        0
 92
       33
 93
        2
 72
     1
 10
3068.134744195639
 20
7158.547034850968
 11
3068.134744195639
 21
7160.547034850968
 72
     1
 10
3068.134744195639
 20
7158.547034850968
 11
3068.13474419564
 21
7160.547034850967
 97
        0
 92
       49
 93
        2
 72
     1
 10
3068.134744195639
 20
7158.547034850968
 11
3068.134744195639
 21
7160.547034850967
 72
     1
 10
3068.134744195639
 20
7158.547034850968
 11
3068.134744195639
 21
7160.547034850967
 97
        0
 92
       49
 93
        2
 72
     1
 10
3109.134744195639
 20
7158.547034850968
 11
3068.134744195639
 21
7158.547034850968
 72
     1
 10
3109.134744195639
 20
7158.547034850968
 11
3068.134744195639
 21
7158.547034850968
 97
        0
 92
       49
 93
        2
 72
     1
 10
3109.134744195639
 20
7158.547034850968
 11
3068.134744195639
 21
7158.547034850968
 72
     1
 10
3109.134744195639
 20
7158.547034850968
 11
3068.134744195639
 21
7158.547034850968
 97
        0
 92
       49
 93
        2
 72
     1
 10
3109.134744195639
 20
7199.547034850969
 11
3109.134744195639
 21
7158.547034850968
 72
     1
 10
3109.134744195639
 20
7199.547034850969
 11
3109.134744195639
 21
7158.547034850968
 97
        0
 92
       49
 93
        2
 72
     1
 10
3109.134744195639
 20
7199.547034850969
 11
3109.134744195639
 21
7158.547034850968
 72
     1
 10
3109.134744195639
 20
7199.547034850969
 11
3109.134744195639
 21
7158.547034850968
 97
        0
 92
       49
 93
        2
 72
     1
 10
3106.134744195639
 20
7199.547034850969
 11
3109.134744195639
 21
7199.547034850969
 72
     1
 10
3106.134744195639
 20
7199.547034850969
 11
3109.134744195639
 21
7199.547034850969
 97
        0
 92
       49
 93
        2
 72
     1
 10
3106.134744195639
 20
7199.547034850969
 11
3109.134744195639
 21
7199.547034850969
 72
     1
 10
3106.134744195639
 20
7199.547034850969
 11
3109.134744195639
 21
7199.547034850969
 97
        0
 92
       49
 93
        2
 72
     1
 10
3106.134744195639
 20
7201.547034850968
 11
3106.134744195639
 21
7199.547034850969
 72
     1
 10
3106.134744195639
 20
7201.547034850968
 11
3106.134744195639
 21
7199.547034850969
 97
        0
 92
       49
 93
        2
 72
     1
 10
3106.134744195639
 20
7201.547034850968
 11
3106.134744195639
 21
7199.547034850969
 72
     1
 10
3106.134744195639
 20
7201.547034850968
 11
3106.134744195639
 21
7199.547034850969
 97
        0
 92
       49
 93
        2
 72
     1
 10
3109.134744195639
 20
7201.547034850968
 11
3106.134744195639
 21
7201.547034850968
 72
     1
 10
3109.134744195639
 20
7201.547034850968
 11
3106.134744195639
 21
7201.547034850968
 97
        0
 92
       49
 93
        2
 72
     1
 10
3109.134744195639
 20
7201.547034850968
 11
3106.134744195639
 21
7201.547034850968
 72
     1
 10
3109.134744195639
 20
7201.547034850968
 11
3106.134744195639
 21
7201.547034850968
 97
        0
 92
       33
 93
        6
 72
     1
 10
3107.13474419564
 20
7276.547034850968
 11
3109.134744195639
 21
7276.547034850968
 72
     1
 10
3109.134744195639
 20
7276.547034850968
 11
3109.134744195639
 21
7201.547034850968
 72
     1
 10
3109.134744195639
 20
7319.547034850969
 11
3109.134744195639
 21
7201.547034850968
 72
     1
 10
3109.134744195639
 20
7319.547034850969
 11
3109.134744195639
 21
7278.547034850967
 72
     1
 10
3109.134744195639
 20
7278.547034850967
 11
3107.134744195639
 21
7278.547034850967
 72
     1
 10
3107.134744195639
 20
7278.547034850967
 11
3107.13474419564
 21
7276.547034850968
 97
        0
 92
       49
 93
        2
 72
     1
 10
3109.134744195639
 20
7276.547034850968
 11
3109.134744195639
 21
7201.547034850968
 72
     1
 10
3109.134744195639
 20
7276.547034850968
 11
3109.134744195639
 21
7201.547034850968
 97
        0
 92
       33
 93
        2
 72
     1
 10
3081.134744195639
 20
7319.547034850969
 11
3109.134744195639
 21
7319.547034850969
 72
     1
 10
3081.134744195639
 20
7319.547034850969
 11
3109.134744195639
 21
7319.547034850969
 97
        0
 92
       33
 93
        2
 72
     1
 10
3081.134744195639
 20
7321.547034850969
 11
3081.134744195639
 21
7319.547034850969
 72
     1
 10
3081.134744195639
 20
7321.547034850969
 11
3081.134744195639
 21
7319.547034850969
 97
        0
 92
       33
 93
        2
 72
     1
 10
3111.134744195639
 20
7321.547034850969
 11
3081.134744195639
 21
7321.547034850969
 72
     1
 10
3111.134744195639
 20
7321.547034850969
 11
3081.134744195639
 21
7321.547034850969
 97
        0
 92
       33
 93
        2
 72
     1
 10
3111.134744195639
 20
7156.547034850968
 11
3111.134744195639
 21
7321.547034850969
 72
     1
 10
3111.134744195639
 20
7156.547034850969
 11
3111.134744195639
 21
7321.547034850969
 97
        0
 92
       33
 93
        2
 72
     1
 10
2988.134744195639
 20
7156.547034850969
 11
3111.134744195639
 21
7156.547034850969
 72
     1
 10
2988.134744195639
 20
7156.547034850969
 11
3111.134744195639
 21
7156.547034850968
 97
        0
 92
       33
 93
        2
 72
     1
 10
2988.134744195639
 20
7158.546912521839
 11
2988.134744195639
 21
7156.547034850969
 72
     1
 10
2988.134744195639
 20
7158.546912521839
 11
2988.134744195639
 21
7156.547034850969
 97
        0
 92
       33
 93
        2
 72
     1
 10
2989.134744195639
 20
7158.546912521839
 11
2988.134744195639
 21
7158.546912521839
 72
     1
 10
2989.134744195639
 20
7158.546912521839
 11
2988.134744195639
 21
7158.546912521839
 97
        0
 92
       33
 93
        4
 72
     1
 10
2991.134744190497
 20
7161.546915658483
 11
2989.134744195639
 21
7161.546912521838
 72
     1
 10
2989.134744195639
 20
7161.546912521838
 11
2989.134744195639
 21
7158.546912521839
 72
     1
 10
2989.134744195639
 20
7161.547034850967
 11
2989.134744195639
 21
7158.546912521839
 72
     1
 10
2989.134744195639
 20
7161.547034850967
 11
2991.134744195639
 21
7161.546915658483
 97
        0
 92
       48
 93
        1
 72
     1
 10
3109.134744195639
 20
7276.547034850968
 11
3109.134744195639
 21
7201.547034850968
 97
        0
 75
     1
 76
     1
 98
        1
 10
0.0
 20
0.0
450
        0
451
        0
460
0.0
461
0.0
452
        0
462
0.0
453
        2
463
0.0
 63
     5
421
      255
463
1.0
 63
     2
421
 16776960
470
LINEAR
1001
GradientColor1ACI
1070
     5
1001
GradientColor2ACI
1070
     2
1001
ACAD
1010
0.0
1020
0.0
1030
0.0
  0
LWPOLYLINE
  5
AB6
102
{ACAD_REACTORS
330
AB9
330
D9B
330
E00
330
E18
330
EC6
102
}
330
1F
100
AcDbEntity
  8
wall2
  6
Continuous
100
AcDbPolyline
 90
        7
 70
     0
 43
0.0
 10
3081.134744195639
 20
7321.547034850969
 10
3081.134744195639
 20
7319.547034850969
 10
3109.134744195639
 20
7319.547034850969
 10
3109.134744195639
 20
7278.547034850967
 10
3107.13474419564
 20
7278.547034850967
 10
3107.080650599461
 20
7276.547034850968
 10
3109.134744195639
 20
7276.547034850968
  0
LWPOLYLINE
  5
AB7
102
{ACAD_REACTORS
330
AB9
330
F4B
102
}
330
1F
100
AcDbEntity
  8
wall2
  6
Continuous
100
AcDbPolyline
 90
       18
 70
     0
 43
0.0
 10
3111.134744195639
 20
7276.547034850968
 10
3111.134744195639
 20
7156.547034850969
 10
2988.134744195639
 20
7156.547034850968
 10
2988.134744195639
 20
7158.546912521839
 10
2989.134744195639
 20
7158.546912521839
 10
2989.134744195639
 20
7161.546912521838
 10
2991.134799087102
 20
7161.54691565857
 10
2991.134803791881
 20
7158.547034850968
 10
3066.134744195639
 20
7158.547034850968
 10
3066.134744195639
 20
7160.547034850967
 10
3068.134744195639
 20
7160.547034850967
 10
3068.134744195639
 20
7158.547034850968
 10
3109.134744195639
 20
7158.547034850968
 10
3109.134744195639
 20
7199.547034850969
 10
3106.134744195639
 20
7199.547034850969
 10
3106.134744195639
 20
7201.547034850968
 10
3109.134744195639
 20
7201.547034850968
 10
3109.134744195639
 20
7276.547034850968
  0
HATCH
  5
AB9
330
1F
100
AcDbEntity
  8
wallhatch
  6
Continuous
 62
     8
100
AcDbHatch
 10
0.0
 20
0.0
 30
0.0
210
0.0
220
0.0
230
1.0
  2
SOLID
 70
     1
 71
     1
 91
        2
 92
        1
 93
        8
 72
     1
 10
3081.134744195639
 20
7321.547034850969
 11
3081.134744195639
 21
7319.547034850969
 72
     1
 10
3081.134744195639
 20
7319.547034850969
 11
3109.134744195639
 21
7319.547034850969
 72
     1
 10
3109.134744195639
 20
7319.547034850969
 11
3109.134744195639
 21
7278.547034850967
 72
     1
 10
3109.134744195639
 20
7278.547034850967
 11
3107.13474419564
 21
7278.547034850967
 72
     1
 10
3107.13474419564
 20
7278.547034850967
 11
3107.080650599461
 21
7276.547034850968
 72
     1
 10
3107.080650599461
 20
7276.547034850968
 11
3111.134744195639
 21
7276.547034850968
 72
     1
 10
3111.134744195639
 20
7276.547034850968
 11
3111.134744195639
 21
7321.547034850969
 72
     1
 10
3111.134744195639
 20
7321.547034850969
 11
3081.134744195639
 21
7321.547034850969
 97
        1
330
AB6
 92
        1
 93
       18
 72
     1
 10
3109.134744195639
 20
7276.547034850968
 11
3111.134744195639
 21
7276.547034850968
 72
     1
 10
3111.134744195639
 20
7276.547034850968
 11
3111.134744195639
 21
7156.547034850969
 72
     1
 10
3111.134744195639
 20
7156.547034850969
 11
2988.134744195639
 21
7156.547034850968
 72
     1
 10
2988.134744195639
 20
7156.547034850968
 11
2988.134744195639
 21
7158.546912521839
 72
     1
 10
2988.134744195639
 20
7158.546912521839
 11
2989.134744195639
 21
7158.546912521839
 72
     1
 10
2989.134744195639
 20
7158.546912521839
 11
2989.134744195639
 21
7161.546912521838
 72
     1
 10
2989.134744195639
 20
7161.546912521838
 11
2991.134799087102
 21
7161.54691565857
 72
     1
 10
2991.134799087102
 20
7161.54691565857
 11
2991.134803791881
 21
7158.547034850968
 72
     1
 10
2991.134803791881
 20
7158.547034850968
 11
3066.134744195639
 21
7158.547034850968
 72
     1
 10
3066.134744195639
 20
7158.547034850968
 11
3066.134744195639
 21
7160.547034850967
 72
     1
 10
3066.134744195639
 20
7160.547034850967
 11
3068.134744195639
 21
7160.547034850967
 72
     1
 10
3068.134744195639
 20
7160.547034850967
 11
3068.134744195639
 21
7158.547034850968
 72
     1
 10
3068.134744195639
 20
7158.547034850968
 11
3109.134744195639
 21
7158.547034850968
 72
     1
 10
3109.134744195639
 20
7158.547034850968
 11
3109.134744195639
 21
7199.547034850969
 72
     1
 10
3109.134744195639
 20
7199.547034850969
 11
3106.134744195639
 21
7199.547034850969
 72
     1
 10
3106.134744195639
 20
7199.547034850969
 11
3106.134744195639
 21
7201.547034850968
 72
     1
 10
3106.134744195639
 20
7201.547034850968
 11
3109.134744195639
 21
7201.547034850968
 72
     1
 10
3109.134744195639
 20
7201.547034850968
 11
3109.134744195639
 21
7276.547034850968
 97
        1
330
AB7
 75
     1
 76
     1
 98
        1
 10
0.0
 20
0.0
450
        0
451
        0
460
0.0
461
0.0
452
        0
462
0.0
453
        2
463
0.0
 63
     5
421
      255
463
1.0
 63
     2
421
 16776960
470
LINEAR
1001
GradientColor1ACI
1070
     5
1001
GradientColor2ACI
1070
     2
1001
ACAD
1010
0.0
1020
0.0
1030
0.0
  0
LWPOLYLINE
  5
ABA
102
{ACAD_REACTORS
330
AB9
330
D9B
102
}
330
1F
100
AcDbEntity
  8
wall2
  6
Continuous
100
AcDbPolyline
 90
        3
 70
     0
 43
0.0
 10
3111.134744195639
 20
7276.547034850968
 10
3111.134744195639
 20
7321.547034850969
 10
3081.134744195639
 20
7321.547034850969
  0
HATCH
  5
ABC
330
1F
100
AcDbEntity
  8
wallhatch
  6
Continuous
 62
     8
100
AcDbHatch
 10
0.0
 20
0.0
 30
0.0
210
0.0
220
0.0
230
1.0
  2
SOLID
 70
     1
 71
     1
 91
        1
 92
        1
 93
       12
 72
     1
 10
3052.134744195639
 20
7201.547034850968
 11
3052.134744195639
 21
7199.547034850969
 72
     1
 10
3052.134744195639
 20
7199.547034850969
 11
3066.134744195639
 21
7199.547034850969
 72
     1
 10
3066.134744195639
 20
7199.547034850969
 11
3066.134744195639
 21
7191.274885403547
 72
     1
 10
3066.134744195639
 20
7191.274885403547
 11
3068.134744195635
 21
7191.274885403545
 72
     1
 10
3068.134744195635
 20
7191.274885403545
 11
3068.134744195639
 21
7199.547034850969
 72
     1
 10
3068.134744195639
 20
7199.547034850969
 11
3071.134744195639
 21
7199.547034850969
 72
     1
 10
3071.134744195639
 20
7199.547034850969
 11
3071.134744195639
 21
7201.547034850968
 72
     1
 10
3071.134744195639
 20
7201.547034850968
 11
3068.134744195639
 21
7201.547034850968
 72
     1
 10
3068.134744195639
 20
7201.547034850968
 11
3068.134744195639
 21
7215.547034850968
 72
     1
 10
3068.134744195639
 20
7215.547034850968
 11
3066.134744195639
 21
7215.547034850968
 72
     1
 10
3066.134744195639
 20
7215.547034850968
 11
3066.134744195639
 21
7201.547034850968
 72
     1
 10
3066.134744195639
 20
7201.547034850968
 11
3052.134744195639
 21
7201.547034850968
 97
        1
330
AAC
 75
     1
 76
     1
 98
        1
 10
0.0
 20
0.0
450
        0
451
        0
460
0.0
461
0.0
452
        0
462
0.0
453
        2
463
0.0
 63
     5
421
      255
463
1.0
 63
     2
421
 16776960
470
LINEAR
1001
GradientColor1ACI
1070
     5
1001
GradientColor2ACI
1070
     2
1001
ACAD
1010
0.0
1020
0.0
1030
0.0
  0
LWPOLYLINE
  5
ABF
102
{ACAD_REACTORS
330
AC2
102
}
330
1F
100
AcDbEntity
  8
floorhatch
  6
Continuous
100
AcDbPolyline
 90
        7
 70
     0
 43
0.0
 10
3186.467092060853
 20
7321.547034850969
 10
3308.467092060852
 20
7321.547034850969
 10
3308.467092060852
 20
7201.547034850969
 10
3265.467092060852
 20
7201.547034850969
 10
3265.467092060852
 20
7278.547034850969
 10
3186.467092060853
 20
7278.547034850969
 10
3186.467092060853
 20
7321.547034850969
  0
HATCH
  5
AC2
330
1F
100
AcDbEntity
  8
floorhatch
  6
Continuous
 62
     8
440
 33554687
100
AcDbHatch
 10
0.0
 20
0.0
 30
0.0
210
0.0
220
0.0
230
1.0
  2
ANSI37
 70
     0
 71
     1
 91
        1
 92
        1
 93
        6
 72
     1
 10
3186.467092060853
 20
7321.547034850969
 11
3308.467092060852
 21
7321.547034850969
 72
     1
 10
3308.467092060852
 20
7321.547034850969
 11
3308.467092060852
 21
7201.547034850969
 72
     1
 10
3308.467092060852
 20
7201.547034850969
 11
3265.467092060852
 21
7201.547034850969
 72
     1
 10
3265.467092060852
 20
7201.547034850969
 11
3265.467092060852
 21
7278.547034850969
 72
     1
 10
3265.467092060852
 20
7278.547034850969
 11
3186.467092060853
 21
7278.547034850969
 72
     1
 10
3186.467092060853
 20
7278.547034850969
 11
3186.467092060853
 21
7321.547034850969
 97
        1
330
ABF
 75
     1
 76
     1
 52
45.0
 41
4.0
 77
     0
 78
     2
 53
90.0
 43
3186.467092060853
 44
7321.547034850969
 45
-12.7
 46
0.0
 79
     0
 53
180.0
 43
3186.467092060853
 44
7321.547034850969
 45
-0.0000000000000009
 46
-12.7
 79
     0
 98
        1
 10
0.0
 20
0.0
1001
GradientColor1ACI
1070
     5
1001
GradientColor2ACI
1070
     2
1001
ACAD
1010
3186.467092060853
1020
7321.547034850969
1030
0.0
  0
DIMENSION
  5
B05
102
{ACAD_XDICTIONARY
360
B12
102
}
102
{ACAD_REACTORS
330
B1C
102
}
330
1F
100
AcDbEntity
  8
dim
  6
Continuous
100
AcDbDimension
280
     0
  2
*D7
 10
3111.13852518332
 20
7145.265041099516
 30
0.0
 11
3028.638193760811
 21
7147.13882495112
 31
0.0
 70
    33
 71
     5
 42
164.9993976390333
 73
     0
 74
     0
 75
     0
  3
ISO-25
100
AcDbAlignedDimension
 13
2946.135355822581
 23
7156.49173782913
 33
0.0
 14
3111.134744195639
 24
7156.547034850968
 34
0.0
  0
DIMENSION
  5
B1D
102
{ACAD_XDICTIONARY
360
B2A
102
}
102
{ACAD_REACTORS
330
B34
102
}
330
1F
100
AcDbEntity
  8
dim
  6
Continuous
100
AcDbDimension
280
     0
  2
*D8
 10
2928.94011831092
 20
7321.547034850971
 30
0.0
 11
2927.038685841618
 21
7239.047034850969
 31
0.0
 70
    32
 71
     5
 42
165.0
 73
     0
 74
     0
 75
     0
  3
ISO-25
100
AcDbAlignedDimension
 13
2946.135355617673
 23
7156.547034850968
 33
0.0
 14
2946.135355617673
 24
7321.547034850969
 34
0.0
 50
90.0
100
AcDbRotatedDimension
  0
LWPOLYLINE
  5
CB8
330
1F
100
AcDbEntity
  8
furniture
  6
ACAD_ISO02W100
100
AcDbPolyline
 90
        5
 70
     0
 43
0.0
 10
3109.134744195639
 20
7319.547034850969
 10
3100.582960899573
 20
7319.547034850967
 10
3100.582960899575
 20
7296.520388815719
 10
3109.134744195639
 20
7296.520388815719
 10
3109.13474419564
 20
7319.547034850969
  0
DIMENSION
  5
D80
102
{ACAD_XDICTIONARY
360
D8F
102
}
102
{ACAD_REACTORS
330
D9B
102
}
330
1F
100
AcDbEntity
  8
dim
100
AcDbDimension
280
     0
  2
*D9
 10
3122.104611479279
 20
7321.547034850971
 30
0.0
 11
3120.22449551748
 21
7327.999968002401
 31
0.0
 70
    32
 71
     5
 42
2.0
 73
     0
 74
     0
 75
     0
  3
ISO-25
100
AcDbAlignedDimension
 13
3109.134744195639
 23
7319.547034850969
 33
0.0
 14
3109.134744195639
 24
7321.547034850969
 34
0.0
 50
90.0
100
AcDbRotatedDimension
  0
DIMENSION
  5
D9D
102
{ACAD_XDICTIONARY
360
DAA
102
}
102
{ACAD_REACTORS
330
DB4
102
}
330
1F
100
AcDbEntity
  8
dim
100
AcDbDimension
280
     0
  2
*D10
 10
3081.134744195639
 20
7331.578285863955
 30
0.0
 11
3045.634744195639
 21
7333.458401825756
 31
0.0
 70
    32
 71
     5
 42
71.0
 73
     0
 74
     0
 75
     0
  3
ISO-25
100
AcDbAlignedDimension
 13
3010.134744195639
 23
7321.547034850969
 33
0.0
 14
3081.134744195639
 24
7321.547034850969
 34
0.0
100
AcDbRotatedDimension
  0
DIMENSION
  5
DB5
102
{ACAD_XDICTIONARY
360
DC2
102
}
102
{ACAD_REACTORS
330
DCC
102
}
330
1F
100
AcDbEntity
  8
dim
100
AcDbDimension
280
     0
  2
*D11
 10
3066.134744195639
 20
7191.978427641238
 30
0.0
 11
3028.634744195639
 21
7193.874744148742
 31
0.0
 70
    32
 71
     5
 42
75.0
 73
     0
 74
     0
 75
     0
  3
ISO-25
100
AcDbAlignedDimension
 13
2991.134744195639
 23
7199.547034850969
 33
0.0
 14
3066.134744195639
 24
7199.547034850969
 34
0.0
100
AcDbRotatedDimension
  0
DIMENSION
  5
DCD
102
{ACAD_XDICTIONARY
360
DDC
102
}
102
{ACAD_REACTORS
330
DE8
102
}
330
1F
100
AcDbEntity
  8
dim
100
AcDbDimension
280
     0
  2
*D12
 10
3074.041162708956
 20
7199.547034850971
 30
0.0
 11
3072.161046747157
 21
7193.094101699536
 31
0.0
 70
    32
 71
     5
 42
2.0
 73
     0
 74
     0
 75
     0
  3
ISO-25
100
AcDbAlignedDimension
 13
3071.134744195639
 23
7201.547034850968
 33
0.0
 14
3071.134744195639
 24
7199.547034850969
 34
0.0
 50
90.0
100
AcDbRotatedDimension
  0
DIMENSION
  5
DE9
102
{ACAD_XDICTIONARY
360
DF6
102
}
102
{ACAD_REACTORS
330
E00
102
}
330
1F
100
AcDbEntity
  8
dim
100
AcDbDimension
280
     0
  2
*D13
 10
3120.619050681658
 20
7293.547034850972
 30
0.0
 11
3118.717618212356
 21
7286.04703485097
 31
0.0
 70
    32
 71
     5
 42
15.0
 73
     0
 74
     0
 75
     0
  3
ISO-25
100
AcDbAlignedDimension
 13
3109.134744195639
 23
7278.547034850967
 33
0.0
 14
3109.134744195639
 24
7293.547034850968
 34
0.0
 50
90.0
100
AcDbRotatedDimension
  0
DIMENSION
  5
E01
102
{ACAD_XDICTIONARY
360
E0E
102
}
102
{ACAD_REACTORS
330
E18
102
}
330
1F
100
AcDbEntity
  8
dim
100
AcDbDimension
280
     0
  2
*D14
 10
3124.781254153613
 20
7319.547034850971
 30
0.0
 11
3122.87982168431
 21
7306.547034850969
 31
0.0
 70
    32
 71
     5
 42
26.0
 73
     0
 74
     0
 75
     0
  3
ISO-25
100
AcDbAlignedDimension
 13
3109.134744195639
 23
7293.547034850968
 33
0.0
 14
3109.13474419564
 24
7319.547034850969
 34
0.0
 50
90.0
100
AcDbRotatedDimension
  0
DIMENSION
  5
E19
102
{ACAD_XDICTIONARY
360
E26
102
}
102
{ACAD_REACTORS
330
E30
102
}
330
1F
100
AcDbEntity
  8
dim
100
AcDbDimension
280
     0
  2
*D15
 10
3040.134744195639
 20
7291.636324290192
 30
0.0
 11
3028.134744195639
 21
7293.516440251993
 31
0.0
 70
    32
 71
     5
 42
24.0
 73
     0
 74
     0
 75
     0
  3
ISO-25
100
AcDbAlignedDimension
 13
3016.134744195639
 23
7307.547034850968
 33
0.0
 14
3040.134744195639
 24
7307.547034850968
 34
0.0
100
AcDbRotatedDimension
  0
DIMENSION
  5
E31
330
1F
100
AcDbEntity
  8
dim
100
AcDbDimension
280
     0
  2
*D16
 10
3050.190890673793
 20
7309.392880387402
 30
0.0
 11
3045.158769125627
 21
7311.209562754036
 31
0.0
 70
    33
 71
     5
 42
10.00142723043609
 73
     0
 74
     0
 75
     0
  3
ISO-25
100
AcDbAlignedDimension
 13
3040.134744195639
 23
7312.547034850971
 33
0.0
 14
3050.134744195639
 24
7312.715992377302
 34
0.0
  0
DIMENSION
  5
E3E
330
1F
100
AcDbEntity
  8
dim
100
AcDbDimension
280
     0
  2
*D17
 10
3060.134744195639
 20
7309.477765164773
 30
0.0
 11
3055.134744195639
 21
7311.379197634078
 31
0.0
 70
    32
 71
     5
 42
10.0
 73
     0
 74
     0
 75
     0
  3
ISO-25
100
AcDbAlignedDimension
 13
3050.134744195639
 23
7312.715992377302
 33
0.0
 14
3060.134744195639
 24
7312.715992377302
 34
0.0
100
AcDbRotatedDimension
  0
DIMENSION
  5
E4B
102
{ACAD_XDICTIONARY
360
E58
102
}
102
{ACAD_REACTORS
330
E62
102
}
330
1F
100
AcDbEntity
  8
dim
100
AcDbDimension
280
     0
  2
*D18
 10
3012.906543377726
 20
7319.547034850966
 30
0.0
 11
3011.026427415926
 21
7313.547034850964
 31
0.0
 70
    32
 71
     5
 42
11.99999999999818
 73
     0
 74
     0
 75
     0
  3
ISO-25
100
AcDbAlignedDimension
 13
3016.134744195632
 23
7307.547034850964
 33
0.0
 14
3016.134744195638
 24
7319.547034850963
 34
0.0
 50
90.0
100
AcDbRotatedDimension
  0
DIMENSION
  5
E63
102
{ACAD_XDICTIONARY
360
E70
102
}
102
{ACAD_REACTORS
330
E7A
102
}
330
1F
100
AcDbEntity
  8
dim
100
AcDbDimension
280
     0
  2
*D19
 10
2987.851177066934
 20
7311.552903860925
 30
0.0
 11
2985.723789618096
 21
7299.049969355945
 31
0.0
 70
    32
 71
     5
 42
25.00586900995313
 73
     0
 74
     0
 75
     0
  3
ISO-25
100
AcDbAlignedDimension
 13
2991.134744195639
 23
7286.547034850967
 33
0.0
 14
2991.134744195639
 24
7311.552903860921
 34
0.0
 50
90.0
100
AcDbRotatedDimension
  0
DIMENSION
  5
E7B
102
{ACAD_XDICTIONARY
360
E88
102
}
102
{ACAD_REACTORS
330
E92
102
}
330
1F
100
AcDbEntity
  8
dim
100
AcDbDimension
280
     0
  2
*D20
 10
2960.134744195639
 20
7274.983582578629
 30
0.0
 11
2970.134744195639
 21
7276.885015047934
 31
0.0
 70
    32
 71
     5
 42
20.0
 73
     0
 74
     0
 75
     0
  3
ISO-25
100
AcDbAlignedDimension
 13
2980.134744195639
 23
7276.547034850968
 33
0.0
 14
2960.134744195639
 24
7276.547034850968
 34
0.0
100
AcDbRotatedDimension
  0
DIMENSION
  5
E93
102
{ACAD_XDICTIONARY
360
EA0
102
}
102
{ACAD_REACTORS
330
EAA
102
}
330
1F
100
AcDbEntity
  8
dim
100
AcDbDimension
280
     0
  2
*D21
 10
3107.13474419564
 20
7283.331216425212
 30
0.0
 11
3088.634744195639
 21
7285.233501554817
 31
0.0
 70
    32
 71
     5
 42
37.00000000000091
 73
     0
 74
     0
 75
     0
  3
ISO-25
100
AcDbAlignedDimension
 13
3070.134744195639
 23
7278.547034850967
 33
0.0
 14
3107.13474419564
 24
7278.547034850967
 34
0.0
100
AcDbRotatedDimension
  0
DIMENSION
  5
EAB
102
{ACAD_XDICTIONARY
360
EBA
102
}
102
{ACAD_REACTORS
330
EC6
102
}
330
1F
100
AcDbEntity
  8
dim
100
AcDbDimension
280
     0
  2
*D22
 10
3107.13474419564
 20
7279.920045144397
 30
0.0
 11
3100.681811044208
 21
7281.800161106197
 31
0.0
 70
    32
 71
     5
 42
1.99999999999909
 73
     0
 74
     0
 75
     0
  3
ISO-25
100
AcDbAlignedDimension
 13
3109.134744195639
 23
7278.547034850967
 33
0.0
 14
3107.13474419564
 24
7278.547034850967
 34
0.0
100
AcDbRotatedDimension
  0
DIMENSION
  5
EC7
102
{ACAD_XDICTIONARY
360
ED4
102
}
102
{ACAD_REACTORS
330
EDE
102
}
330
1F
100
AcDbEntity
  8
dim
100
AcDbDimension
280
     0
  2
*D23
 10
3070.134744195639
 20
7283.331216425212
 30
0.0
 11
3031.634744195639
 21
7285.206216425212
 31
0.0
 70
    32
 71
     5
 42
77.0
 73
     0
 74
     0
 75
     0
  3
ISO-25
100
AcDbAlignedDimension
 13
2993.134744195639
 23
7278.547034850967
 33
0.0
 14
3070.134744195639
 24
7278.547034850967
 34
0.0
100
AcDbRotatedDimension
  0
DIMENSION
  5
EDF
102
{ACAD_XDICTIONARY
360
EEC
102
}
102
{ACAD_REACTORS
330
EF6
102
}
330
1F
100
AcDbEntity
  8
dim
100
AcDbDimension
280
     0
  2
*D24
 10
2996.926242607726
 20
7215.547034850972
 30
0.0
 11
2995.029926100224
 21
7238.047034850969
 31
0.0
 70
    32
 71
     5
 42
45.0
 73
     0
 74
     0
 75
     0
  3
ISO-25
100
AcDbAlignedDimension
 13
2991.134744195639
 23
7260.547034850969
 33
0.0
 14
2991.134744195639
 24
7215.547034850968
 34
0.0
 50
90.0
100
AcDbRotatedDimension
  0
DIMENSION
  5
EF7
102
{ACAD_XDICTIONARY
360
F04
102
}
102
{ACAD_REACTORS
330
F0E
102
}
330
1F
100
AcDbEntity
  8
dim
100
AcDbDimension
280
     0
  2
*D25
 10
3022.394153896163
 20
7186.539820009054
 30
0.0
 11
3006.764449045901
 21
7188.667207457895
 31
0.0
 70
    32
 71
     5
 42
31.25940970052397
 73
     0
 74
     0
 75
     0
  3
ISO-25
100
AcDbAlignedDimension
 13
2991.134744195639
 23
7177.218727195136
 33
0.0
 14
3022.394153896163
 24
7177.218727195136
 34
0.0
100
AcDbRotatedDimension
  0
DIMENSION
  5
F0F
102
{ACAD_XDICTIONARY
360
F1C
102
}
102
{ACAD_REACTORS
330
F26
102
}
330
1F
100
AcDbEntity
  8
dim
100
AcDbDimension
280
     0
  2
*D26
 10
3037.185397054664
 20
7187.184298248159
 30
0.0
 11
3029.789775475413
 21
7189.311685696999
 31
0.0
 70
    32
 71
     5
 42
14.79124315850095
 73
     0
 74
     0
 75
     0
  3
ISO-25
100
AcDbAlignedDimension
 13
3022.394153896163
 23
7184.403199621738
 33
0.0
 14
3037.185397054664
 24
7184.403199621738
 34
0.0
100
AcDbRotatedDimension
  0
DIMENSION
  5
F27
330
1F
100
AcDbEntity
  8
dim
100
AcDbDimension
280
     0
  2
*D27
 10
3057.12762630352
 20
7183.780393431948
 30
0.0
 11
3047.435064812114
 21
7185.907780880789
 31
0.0
 70
    32
 71
     5
 42
19.38512298281466
 73
     0
 74
     0
 75
     0
  3
ISO-25
100
AcDbAlignedDimension
 13
3037.742503320706
 23
7178.884379528691
 33
0.0
 14
3057.12762630352
 24
7179.180151466855
 34
0.0
100
AcDbRotatedDimension
  0
DIMENSION
  5
F34
102
{ACAD_XDICTIONARY
360
F41
102
}
102
{ACAD_REACTORS
330
F4B
102
}
330
1F
100
AcDbEntity
  8
dim
100
AcDbDimension
280
     0
  2
*D28
 10
2986.854442455728
 20
7158.547034850972
 30
0.0
 11
2984.727055006889
 21
7167.882881023054
 31
0.0
 70
    32
 71
     5
 42
18.67169234416815
 73
     0
 74
     0
 75
     0
  3
ISO-25
100
AcDbAlignedDimension
 13
2991.134744195639
 23
7177.218727195136
 33
0.0
 14
2991.134744195639
 24
7158.547034850968
 34
0.0
 50
90.0
100
AcDbRotatedDimension
  0
DIMENSION
  5
F4C
102
{ACAD_XDICTIONARY
360
F5A
102
}
102
{ACAD_REACTORS
330
F65
102
}
330
1F
100
AcDbEntity
  8
dim
100
AcDbDimension
280
     0
  2
*D29
 10
3019.24696642875
 20
7177.218753301019
 30
0.0
 11
3017.11952618755
 21
7170.854514468008
 31
0.0
 70
    33
 71
     5
 42
7.184472426850334
 73
     0
 74
     0
 75
     0
  3
ISO-25
100
AcDbAlignedDimension
 13
3022.394153896163
 23
7184.403199621738
 33
0.0
 14
3022.39409429992
 24
7177.218727195136
 34
0.0
  0
DIMENSION
  5
F66
102
{ACAD_XDICTIONARY
360
F73
102
}
102
{ACAD_REACTORS
330
F7D
102
}
330
1F
100
AcDbEntity
  8
dim
100
AcDbDimension
280
     0
  2
*D30
 10
3061.136061012937
 20
7158.547020821742
 30
0.0
 11
3059.008673564098
 21
7168.738259860984
 31
0.0
 70
    33
 71
     5
 42
20.38247807848893
 73
     0
 74
     0
 75
     0
  3
ISO-25
100
AcDbAlignedDimension
 13
3057.189370144684
 23
7178.929498900228
 33
0.0
 14
3057.189370158849
 24
7158.54702082174
 34
0.0
  0
DIMENSION
  5
F7E
102
{ACAD_XDICTIONARY
360
F8B
102
}
102
{ACAD_REACTORS
330
F95
102
}
330
1F
100
AcDbEntity
  8
dim
100
AcDbDimension
280
     0
  2
*D31
 10
2941.394408656611
 20
7276.547034850972
 30
0.0
 11
2939.49809214911
 21
7239.047034850969
 31
0.0
 70
    32
 71
     5
 42
75.0
 73
     0
 74
     0
 75
     0
  3
ISO-25
100
AcDbAlignedDimension
 13
2946.135188866209
 23
7201.547034850968
 33
0.0
 14
2946.134744195639
 24
7276.547034850968
 34
0.0
 50
90.0
100
AcDbRotatedDimension
  0
DIMENSION
  5
F96
102
{ACAD_XDICTIONARY
360
FA3
102
}
102
{ACAD_REACTORS
330
FAD
102
}
330
1F
100
AcDbEntity
  8
dim
100
AcDbDimension
280
     0
  2
*D32
 10
2960.730645148208
 20
7298.592037643508
 30
0.0
 11
2962.727034290448
 21
7290.614637182028
 31
0.0
 70
    33
 71
     5
 42
16.00113024692382
 73
     0
 74
     0
 75
     0
  3
ISO-25
100
AcDbAlignedDimension
 13
2957.134744195639
 23
7282.547034850968
 33
0.0
 14
2956.944562232719
 24
7298.547034850968
 34
0.0
  0
DIMENSION
  5
FAE
102
{ACAD_XDICTIONARY
360
FBB
102
}
102
{ACAD_REACTORS
330
FC5
102
}
330
1F
100
AcDbEntity
  8
dim
100
AcDbDimension
280
     0
  2
*D33
 10
2957.134744195639
 20
7280.66173913703
 30
0.0
 11
2952.634744195639
 21
7282.563171606334
 31
0.0
 70
    32
 71
     5
 42
9.0
 73
     0
 74
     0
 75
     0
  3
ISO-25
100
AcDbAlignedDimension
 13
2948.134744195639
 23
7282.547034850968
 33
0.0
 14
2957.134744195639
 24
7282.547034850968
 34
0.0
100
AcDbRotatedDimension
  0
DIMENSION
  5
FC6
102
{ACAD_XDICTIONARY
360
FD3
102
}
102
{ACAD_REACTORS
330
FDD
102
}
330
1F
100
AcDbEntity
  8
dim
100
AcDbDimension
280
     0
  2
*D34
 10
2972.276758156618
 20
7319.547034850971
 30
0.0
 11
2970.396642194819
 21
7309.047034850969
 31
0.0
 70
    32
 71
     5
 42
21.0
 73
     0
 74
     0
 75
     0
  3
ISO-25
100
AcDbAlignedDimension
 13
2969.134744195639
 23
7298.547034850968
 33
0.0
 14
2969.134744195639
 24
7319.547034850969
 34
0.0
 50
90.0
100
AcDbRotatedDimension
  0
DIMENSION
  5
FDE
102
{ACAD_XDICTIONARY
360
FEB
102
}
102
{ACAD_REACTORS
330
FF5
102
}
330
1F
100
AcDbEntity
  8
dim
100
AcDbDimension
280
     0
  2
*D35
 10
2969.099184854431
 20
7301.954760433183
 30
0.0
 11
2958.578111561273
 21
7303.717061572971
 31
0.0
 70
    33
 71
     5
 42
21.00131924594098
 73
     0
 74
     0
 75
     0
  3
ISO-25
100
AcDbAlignedDimension
 13
2948.134744195639
 23
7298.547034850968
 33
0.0
 14
2969.134744195639
 24
7298.782428287418
 34
0.0
  0
DIMENSION
  5
FF6
102
{ACAD_XDICTIONARY
360
1003
102
}
102
{ACAD_REACTORS
330
100D
102
}
330
1F
100
AcDbEntity
  8
dim
100
AcDbDimension
280
     0
  2
*D36
 10
2965.889975065563
 20
7304.547034850973
 30
0.0
 11
2963.762587616724
 21
7309.521972036503
 31
0.0
 70
    32
 71
     5
 42
9.949874371066471
 73
     0
 74
     0
 75
     0
  3
ISO-25
100
AcDbAlignedDimension
 13
2968.134744195639
 23
7314.496909222035
 33
0.0
 14
2968.134744195639
 24
7304.547034850968
 34
0.0
 50
90.0
100
AcDbRotatedDimension
  0
DIMENSION
  5
100E
102
{ACAD_XDICTIONARY
360
101B
102
}
102
{ACAD_REACTORS
330
1025
102
}
330
1F
100
AcDbEntity
  8
dim
100
AcDbDimension
280
     0
  2
*D37
 10
3088.634744195639
 20
7184.581621096852
 30
0.0
 11
3097.134744195639
 21
7186.461737058653
 31
0.0
 70
    32
 71
     5
 42
17.0
 73
     0
 74
     0
 75
     0
  3
ISO-25
100
AcDbAlignedDimension
 13
3105.634744195639
 23
7179.047034850968
 33
0.0
 14
3088.634744195639
 24
7179.047034850968
 34
0.0
100
AcDbRotatedDimension
  0
DIMENSION
  5
1026
102
{ACAD_XDICTIONARY
360
1033
102
}
102
{ACAD_REACTORS
330
103D
102
}
330
1F
100
AcDbEntity
  8
dim
100
AcDbDimension
280
     0
  2
*D38
 10
3086.658629483723
 20
7200.825193913987
 30
0.0
 11
3084.778513521923
 21
7206.825193913984
 31
0.0
 70
    32
 71
     5
 42
12.0
 73
     0
 74
     0
 75
     0
  3
ISO-25
100
AcDbAlignedDimension
 13
3088.464769265489
 23
7212.825193913983
 33
0.0
 14
3088.464769265489
 24
7200.825193913982
 34
0.0
 50
90.0
100
AcDbRotatedDimension
  0
DIMENSION
  5
103E
102
{ACAD_XDICTIONARY
360
104B
102
}
102
{ACAD_REACTORS
330
1055
102
}
330
1F
100
AcDbEntity
  8
dim
100
AcDbDimension
280
     0
  2
*D39
 10
3081.397174261547
 20
7219.115794722836
 30
0.0
 11
3075.397174261547
 21
7220.995910684637
 31
0.0
 70
    32
 71
     5
 42
12.0
 73
     0
 74
     0
 75
     0
  3
ISO-25
100
AcDbAlignedDimension
 13
3069.397174261547
 23
7222.114435395472
 33
0.0
 14
3081.397174261547
 24
7222.114435395472
 34
0.0
100
AcDbRotatedDimension
  0
DIMENSION
  5
1056
102
{ACAD_XDICTIONARY
360
1063
102
}
102
{ACAD_REACTORS
330
106D
102
}
330
1F
100
AcDbEntity
  8
dim
100
AcDbDimension
280
     0
  2
*D40
 10
3094.134744195638
 20
7240.122752107549
 30
0.0
 11
3088.252455339981
 21
7242.250139556389
 31
0.0
 70
    32
 71
     5
 42
11.76457771131527
 73
     0
 74
     0
 75
     0
  3
ISO-25
100
AcDbAlignedDimension
 13
3082.370166484323
 23
7225.678191812446
 33
0.0
 14
3094.134744195638
 24
7225.678191812446
 34
0.0
100
AcDbRotatedDimension
  0
DIMENSION
  5
106E
102
{ACAD_XDICTIONARY
360
107B
102
}
102
{ACAD_REACTORS
330
1085
102
}
330
1F
100
AcDbEntity
  8
dim
100
AcDbDimension
280
     0
  2
*D41
 10
3052.134744195639
 20
7206.961073818208
 30
0.0
 11
3028.634744195639
 21
7208.836073818209
 31
0.0
 70
    32
 71
     5
 42
47.0
 73
     0
 74
     0
 75
     0
  3
ISO-25
100
AcDbAlignedDimension
 13
3005.134744195639
 23
7201.547034850968
 33
0.0
 14
3052.134744195639
 24
7201.547034850968
 34
0.0
100
AcDbRotatedDimension
  0
DIMENSION
  5
1106
102
{ACAD_XDICTIONARY
360
1113
102
}
102
{ACAD_REACTORS
330
111D
102
}
330
1F
100
AcDbEntity
  8
dim
100
AcDbDimension
280
     0
  2
*D42
 10
2988.134744195639
 20
7153.18358186895
 30
0.0
 11
2969.634744195598
 21
7155.085866998554
 31
0.0
 70
    32
 71
     5
 42
37.00000000008231
 73
     0
 74
     0
 75
     0
  3
ISO-25
100
AcDbAlignedDimension
 13
2951.134744195556
 23
7156.547034850968
 33
0.0
 14
2988.134744195639
 24
7156.547034850969
 34
0.0
100
AcDbRotatedDimension
  0
DIMENSION
  5
111E
330
1F
100
AcDbEntity
  8
dim
100
AcDbDimension
280
     0
  2
*D43
 10
2951.134744195556
 20
7153.447716291397
 30
0.0
 11
2948.635049906615
 21
7155.3440327989
 31
0.0
 70
    32
 71
     5
 42
4.999388577883564
 73
     0
 74
     0
 75
     0
  3
ISO-25
100
AcDbAlignedDimension
 13
2946.135355617673
 23
7156.547034850968
 33
0.0
 14
2951.134744195556
 24
7156.547034850968
 34
0.0
100
AcDbRotatedDimension
  0
VIEWPORT
  5
41E
102
{ACAD_XDICTIONARY
360
41F
102
}
330
D2
100
AcDbEntity
 67
     1
  8
0
100
AcDbViewport
 10
83.59060772678958
 20
90.30047778775212
 30
0.0
 40
474.7419962286985
 41
222.1799998055001
 68
     1
 69
     1
 12
83.59060772678958
 22
90.30047778775212
 13
0.0
 23
0.0
 14
10.0
 24
10.0
 15
10.0
 25
10.0
 16
0.0
 26
0.0
 36
1.0
 17
0.0
 27
0.0
 37
0.0
 42
50.0
 43
0.0
 44
0.0
 45
222.1799998055001
 50
0.0
 51
0.0
 72
  1000
 90
   819232
  1

281
     0
 71
     1
 74
     0
110
0.0
120
0.0
130
0.0
111
1.0
121
0.0
131
0.0
112
0.0
122
1.0
132
0.0
 79
     0
146
0.0
170
     0
 61
     5
348
F5
292
     1
282
     1
141
0.0
142
0.0
 63
   250
421
  3355443
  0
VIEWPORT
  5
422
102
{ACAD_XDICTIONARY
360
423
102
}
330
D2
100
AcDbEntity
 67
     1
  8
wall
100
AcDbViewport
 10
124.9335911814006
 20
103.8414805020632
 30
0.0
 40
234.6098732196804
 41
204.9136483919435
 68
     2
 69
     2
 12
3236.620980967698
 22
7225.823362227647
 13
0.0
 23
0.0
 14
10.0
 24
10.0
 15
10.0
 25
10.0
 16
0.0
 26
0.0
 36
1.0
 17
0.0
 27
0.0
 37
0.0
 42
50.0
 43
0.0
 44
0.0
 45
194.110419858591
 50
0.0
 51
0.0
 72
  1000
 90
   819808
  1

281
     0
 71
     1
 74
     0
110
0.0
120
0.0
130
0.0
111
1.0
121
0.0
131
0.0
112
0.0
122
1.0
132
0.0
 79
     0
146
0.0
170
     0
 61
     5
348
F5
292
     1
282
     1
141
0.0
142
0.0
 63
   250
421
  3355443
  0
ENDSEC
  0
SECTION
  2
OBJECTS
  0
DICTIONARY
  5
C
330
0
100
AcDbDictionary
281
     1
  3
ACAD_CIP_PREVIOUS_PRODUCT_INFO
350
216
  3
ACAD_COLOR
350
6B
  3
ACAD_DETAILVIEWSTYLE
350
21B
  3
ACAD_GROUP
350
D
  3
ACAD_LAST_SAVED_VERSION_INFO
350
3C9
  3
ACAD_LAYOUT
350
1A
  3
ACAD_MATERIAL
350
6A
  3
ACAD_MLEADERSTYLE
350
12D
  3
ACAD_MLINESTYLE
350
17
  3
ACAD_PLOTSETTINGS
350
19
  3
ACAD_PLOTSTYLENAME
350
E
  3
ACAD_SCALELIST
350
10C
  3
ACAD_SECTIONVIEWSTYLE
350
219
  3
ACAD_TABLESTYLE
350
7E
  3
ACAD_VISUALSTYLE
350
EF
  3
ACAD_WIPEOUT_VARS
350
8FE
  3
ACDB_RECOMPOSE_DATA
350
1135
  3
AcDbVariableDictionary
350
5E
  3
ASE_INDEX_DICTIONARY
350
AD9
  0
DICTIONARY
  5
1FF
330
2
100
AcDbDictionary
280
     1
281
     1
  3
ACAD_LAYERSTATES
360
200
  0
DICTIONARY
  5
13C
330
10
100
AcDbDictionary
280
     1
281
     1
  0
DICTIONARY
  5
8F7
330
8F6
100
AcDbDictionary
280
     1
281
     1
  0
DICTIONARY
  5
1CE
330
1F
100
AcDbDictionary
280
     1
281
     1
  3
ACAD_SORTENTS
360
2D8
  0
DICTIONARY
  5
47B
330
47A
100
AcDbDictionary
280
     1
281
     1
  0
DICTIONARY
  5
480
330
47F
100
AcDbDictionary
280
     1
281
     1
  3
ACAD_SORTENTS
360
481
  0
DICTIONARY
  5
486
330
485
100
AcDbDictionary
280
     1
281
     1
  3
ACAD_SORTENTS
360
487
  0
DICTIONARY
  5
8DE
330
8DD
100
AcDbDictionary
280
     1
281
     1
  3
ACAD_SORTENTS
360
8DF
  0
DICTIONARY
  5
A0D
330
A0C
100
AcDbDictionary
280
     1
281
     1
  3
ACAD_SORTENTS
360
A0E
  0
DICTIONARY
  5
A96
330
A94
100
AcDbDictionary
280
     1
281
     1
  3
ACAD_SORTENTS
360
A97
  0
DICTIONARY
  5
BD8
330
BD7
100
AcDbDictionary
280
     1
281
     1
  3
ASDK_XREC_ANNOTATION_SCALE_INFO
360
BD9
  0
DICTIONARY
  5
BDC
330
BDB
100
AcDbDictionary
280
     1
281
     1
  3
ASDK_XREC_ANNOTATION_SCALE_INFO
360
BDD
  0
DICTIONARY
  5
B12
330
B05
100
AcDbDictionary
280
     1
281
     1
  3
ACAD_DIMASSOC
360
B1C
  0
DICTIONARY
  5
B2A
330
B1D
100
AcDbDictionary
280
     1
281
     1
  3
ACAD_DIMASSOC
360
B34
  0
DICTIONARY
  5
D8F
330
D80
100
AcDbDictionary
280
     1
281
     1
  3
ACAD_DIMASSOC
360
D9B
  0
DICTIONARY
  5
DAA
330
D9D
100
AcDbDictionary
280
     1
281
     1
  3
ACAD_DIMASSOC
360
DB4
  0
DICTIONARY
  5
DC2
330
DB5
100
AcDbDictionary
280
     1
281
     1
  3
ACAD_DIMASSOC
360
DCC
  0
DICTIONARY
  5
DDC
330
DCD
100
AcDbDictionary
280
     1
281
     1
  3
ACAD_DIMASSOC
360
DE8
  0
DICTIONARY
  5
DF6
330
DE9
100
AcDbDictionary
280
     1
281
     1
  3
ACAD_DIMASSOC
360
E00
  0
DICTIONARY
  5
E0E
330
E01
100
AcDbDictionary
280
     1
281
     1
  3
ACAD_DIMASSOC
360
E18
  0
DICTIONARY
  5
E26
330
E19
100
AcDbDictionary
280
     1
281
     1
  3
ACAD_DIMASSOC
360
E30
  0
DICTIONARY
  5
E58
330
E4B
100
AcDbDictionary
280
     1
281
     1
  3
ACAD_DIMASSOC
360
E62
  0
DICTIONARY
  5
E70
330
E63
100
AcDbDictionary
280
     1
281
     1
  3
ACAD_DIMASSOC
360
E7A
  0
DICTIONARY
  5
E88
330
E7B
100
AcDbDictionary
280
     1
281
     1
  3
ACAD_DIMASSOC
360
E92
  0
DICTIONARY
  5
EA0
330
E93
100
AcDbDictionary
280
     1
281
     1
  3
ACAD_DIMASSOC
360
EAA
  0
DICTIONARY
  5
EBA
330
EAB
100
AcDbDictionary
280
     1
281
     1
  3
ACAD_DIMASSOC
360
EC6
  0
DICTIONARY
  5
ED4
330
EC7
100
AcDbDictionary
280
     1
281
     1
  3
ACAD_DIMASSOC
360
EDE
  0
DICTIONARY
  5
EEC
330
EDF
100
AcDbDictionary
280
     1
281
     1
  3
ACAD_DIMASSOC
360
EF6
  0
DICTIONARY
  5
F04
330
EF7
100
AcDbDictionary
280
     1
281
     1
  3
ACAD_DIMASSOC
360
F0E
  0
DICTIONARY
  5
F1C
330
F0F
100
AcDbDictionary
280
     1
281
     1
  3
ACAD_DIMASSOC
360
F26
  0
DICTIONARY
  5
F41
330
F34
100
AcDbDictionary
280
     1
281
     1
  3
ACAD_DIMASSOC
360
F4B
  0
DICTIONARY
  5
F5A
330
F4C
100
AcDbDictionary
280
     1
281
     1
  3
ACAD_DIMASSOC
360
F65
  0
DICTIONARY
  5
F73
330
F66
100
AcDbDictionary
280
     1
281
     1
  3
ACAD_DIMASSOC
360
F7D
  0
DICTIONARY
  5
F8B
330
F7E
100
AcDbDictionary
280
     1
281
     1
  3
ACAD_DIMASSOC
360
F95
  0
DICTIONARY
  5
FA3
330
F96
100
AcDbDictionary
280
     1
281
     1
  3
ACAD_DIMASSOC
360
FAD
  0
DICTIONARY
  5
FBB
330
FAE
100
AcDbDictionary
280
     1
281
     1
  3
ACAD_DIMASSOC
360
FC5
  0
DICTIONARY
  5
FD3
330
FC6
100
AcDbDictionary
280
     1
281
     1
  3
ACAD_DIMASSOC
360
FDD
  0
DICTIONARY
  5
FEB
330
FDE
100
AcDbDictionary
280
     1
281
     1
  3
ACAD_DIMASSOC
360
FF5
  0
DICTIONARY
  5
1003
330
FF6
100
AcDbDictionary
280
     1
281
     1
  3
ACAD_DIMASSOC
360
100D
  0
DICTIONARY
  5
101B
330
100E
100
AcDbDictionary
280
     1
281
     1
  3
ACAD_DIMASSOC
360
1025
  0
DICTIONARY
  5
1033
330
1026
100
AcDbDictionary
280
     1
281
     1
  3
ACAD_DIMASSOC
360
103D
  0
DICTIONARY
  5
104B
330
103E
100
AcDbDictionary
280
     1
281
     1
  3
ACAD_DIMASSOC
360
1055
  0
DICTIONARY
  5
1063
330
1056
100
AcDbDictionary
280
     1
281
     1
  3
ACAD_DIMASSOC
360
106D
  0
DICTIONARY
  5
107B
330
106E
100
AcDbDictionary
280
     1
281
     1
  3
ACAD_DIMASSOC
360
1085
  0
DICTIONARY
  5
1113
330
1106
100
AcDbDictionary
280
     1
281
     1
  3
ACAD_DIMASSOC
360
111D
  0
DICTIONARY
  5
41F
330
41E
100
AcDbDictionary
280
     1
281
     1
  3
ASDK_XREC_ANNOTATION_SCALE_INFO
360
420
  0
DICTIONARY
  5
423
330
422
100
AcDbDictionary
280
     1
281
     1
  3
ASDK_XREC_ANNOTATION_SCALE_INFO
360
424
  0
XRECORD
  5
216
102
{ACAD_REACTORS
330
C
102
}
330
C
100
AcDbXrecord
280
     1
300
ACD
300
2026
300

  0
DICTIONARY
  5
6B
102
{ACAD_REACTORS
330
C
102
}
330
C
100
AcDbDictionary
281
     1
  0
DICTIONARY
  5
21B
102
{ACAD_REACTORS
330
C
102
}
330
C
100
AcDbDictionary
281
     1
  3
Metric50
350
21C
  0
DICTIONARY
  5
D
102
{ACAD_REACTORS
330
C
102
}
330
C
100
AcDbDictionary
281
     1
  3
*A1
350
9D5
  3
*A10
350
3AA
  3
*A11
350
44B
  3
*A12
350
9DC
  3
*A13
350
44C
  3
*A14
350
89C
  3
*A15
350
8DA
  3
*A16
350
917
  3
*A17
350
918
  3
*A18
350
9AE
  3
*A19
350
9C6
  3
*A2
350
A90
  3
*A20
350
9C7
  3
*A21
350
9C9
  3
*A22
350
9DF
  3
*A23
350
9E9
  3
*A24
350
A4A
  3
*A25
350
A83
  3
*A26
350
A84
  3
*A27
350
A8D
  3
*A28
350
A8F
  3
*A3
350
8D7
  3
*A4
350
39A
  3
*A5
350
AA2
  3
*A6
350
AA3
  3
*A7
350
AA6
  3
*A8
350
AA7
  3
*A9
350
ABE
  0
XRECORD
  5
3C9
102
{ACAD_REACTORS
330
C
102
}
330
C
100
AcDbXrecord
280
     1
300
{3DE9423C-207E-7B46-B2B0-1F68D1EB2914}
301
{11BDD0B3-0EFE-D745-B000-4218D8B01BF6}
302
{3DE9423C-207E-7B46-B2B0-1F68D1EB2914}
303
D:\DOWLOUD\designproject2 (3)(1).dxf
  0
DICTIONARY
  5
1A
102
{ACAD_REACTORS
330
C
102
}
330
C
100
AcDbDictionary
281
     1
  3
Layout1
350
D3
  3
Layout2
350
D7
  3
Model
350
22
  0
DICTIONARY
  5
6A
102
{ACAD_REACTORS
330
C
102
}
330
C
100
AcDbDictionary
281
     1
  3
ByBlock
350
ED
  3
ByLayer
350
EC
  3
Global
350
EE
  0
DICTIONARY
  5
12D
102
{ACAD_REACTORS
330
C
102
}
330
C
100
AcDbDictionary
281
     1
  3
Annotative
350
13B
  3
Standard
350
12E
  0
DICTIONARY
  5
17
102
{ACAD_REACTORS
330
C
102
}
330
C
100
AcDbDictionary
281
     1
  3
Standard
350
18
  0
DICTIONARY
  5
19
102
{ACAD_REACTORS
330
C
102
}
330
C
100
AcDbDictionary
281
     1
  0
ACDBDICTIONARYWDFLT
  5
E
102
{ACAD_REACTORS
330
C
102
}
330
C
100
AcDbDictionary
281
     1
  3
Normal
350
F
100
AcDbDictionaryWithDefault
340
F
  0
DICTIONARY
  5
10C
102
{ACAD_REACTORS
330
C
102
}
330
C
100
AcDbDictionary
281
     1
  3
A0
350
10D
  3
A1
350
C44
  3
A2
350
C45
  3
A3
350
C46
  3
A4
350
C47
  3
A5
350
C48
  3
A6
350
C49
  3
A7
350
C4A
  3
A8
350
C4B
  3
A9
350
C4C
  3
B0
350
C4D
  3
B1
350
C4E
  3
B2
350
C4F
  3
B3
350
C50
  3
B4
350
C51
  3
B5
350
C52
  3
B6
350
C53
  3
B7
350
C54
  0
DICTIONARY
  5
219
102
{ACAD_REACTORS
330
C
102
}
330
C
100
AcDbDictionary
281
     1
  3
Metric50
350
21A
  0
DICTIONARY
  5
7E
102
{ACAD_REACTORS
330
C
102
}
330
C
100
AcDbDictionary
281
     1
  3
Standard
350
7F
  0
DICTIONARY
  5
EF
102
{ACAD_REACTORS
330
C
102
}
330
C
100
AcDbDictionary
281
     1
  3
2dWireframe
350
F5
  3
Basic
350
F4
  3
Brighten
350
FB
  3
ColorChange
350
FF
  3
Conceptual
350
F8
  3
Dim
350
FA
  3
EdgeColorOff
350
1E6
  3
Facepattern
350
FE
  3
Flat
350
F0
  3
FlatWithEdges
350
F1
  3
Gouraud
350
F2
  3
GouraudWithEdges
350
F3
  3
Hidden
350
F7
  3
JitterOff
350
1E4
  3
Linepattern
350
FD
  3
OverhangOff
350
1E5
  3
Realistic
350
F9
  3
Shaded
350
1F3
  3
Shaded with edges
350
1F2
  3
Shades of Gray
350
1EF
  3
Sketchy
350
1F0
  3
Thicken
350
FC
  3
Wireframe
350
F6
  3
X-Ray
350
1F1
  0
WIPEOUTVARIABLES
  5
8FE
102
{ACAD_REACTORS
330
C
102
}
330
C
100
AcDbWipeoutVariables
 70
     1
  0
XRECORD
  5
1135
102
{ACAD_REACTORS
330
C
102
}
330
C
100
AcDbXrecord
280
     1
 90
        1
330
7F
  0
DICTIONARY
  5
5E
102
{ACAD_REACTORS
330
C
102
}
330
C
100
AcDbDictionary
281
     1
  3
CANNOSCALE
350
146
  3
CENTEREXE
350
259
  3
CENTERLTYPEFILE
350
25A
  3
CMLEADERSTYLE
350
145
  3
CTABLESTYLE
350
84
  3
CVIEWDETAILSTYLE
350
227
  3
CVIEWSECTIONSTYLE
350
228
  3
DIMASSOC
350
5F
  3
HIDETEXT
350
63
  3
HPCOLOR
350
324
  3
HPTRANSPARENCY
350
323
  3
LAYEREVAL
350
1AE
  3
LAYERNOTIFY
350
1AF
  0
DICTIONARY
  5
AD9
102
{ACAD_REACTORS
330
C
102
}
330
C
100
AcDbDictionary
281
     1
  3
ASEBlockHierarchyIndexRecord
350
ADB
1001
DCO15
1040
-2107167580.0
  0
DICTIONARY
  5
200
102
{ACAD_REACTORS
330
1FF
102
}
330
1FF
100
AcDbDictionary
281
     1
  0
SORTENTSTABLE
  5
2D8
102
{ACAD_REACTORS
330
1CE
102
}
330
1CE
100
AcDbSortentsTable
330
1F
331
2D6
  5
2E5
331
2D7
  5
2F0
331
2DC
  5
2FD
331
2DD
  5
2FE
331
2DE
  5
2E7
331
2DF
  5
2F1
331
2E0
  5
2FF
331
2E1
  5
300
331
2E2
  5
301
331
2E3
  5
302
331
2E4
  5
2FC
331
2E5
  5
304
331
2E7
  5
305
331
2E8
  5
306
331
2E9
  5
307
331
2EA
  5
308
331
2EB
  5
309
331
2EC
  5
30A
331
2ED
  5
2EE
331
2EE
  5
30B
331
2EF
  5
313
331
2F0
  5
2F3
331
2F1
  5
316
331
2F2
  5
31B
331
2F3
  5
31C
331
2F4
  5
31D
331
2F5
  5
ABA
331
2FC
  5
A6A
331
2FD
  5
A6B
331
2FE
  5
AB9
331
2FF
  5
A6C
331
300
  5
A6D
331
301
  5
A6E
331
302
  5
A6F
331
304
  5
31F
331
305
  5
320
331
306
  5
329
331
307
  5
32B
331
311
  5
A73
331
312
  5
A74
331
313
  5
A85
331
314
  5
A89
331
315
  5
A8B
331
316
  5
A8C
331
318
  5
A70
331
319
  5
A71
331
31A
  5
A72
331
31C
  5
32C
331
328
  5
A8E
331
329
  5
2E9
331
32B
  5
32E
331
32D
  5
332
331
32E
  5
2F4
331
32F
  5
2EB
331
332
  5
334
331
334
  5
336
331
335
  5
337
331
337
  5
339
331
339
  5
33D
331
33B
  5
33E
331
33D
  5
333
331
33E
  5
32F
331
349
  5
2F5
331
34A
  5
349
331
34C
  5
34A
331
34D
  5
34C
331
34E
  5
2ED
331
350
  5
34D
331
352
  5
350
331
353
  5
354
331
355
  5
356
331
356
  5
357
331
358
  5
34E
331
359
  5
2EF
331
35A
  5
3FB
331
35B
  5
3FD
331
35C
  5
436
331
35D
  5
358
331
35E
  5
3FF
331
35F
  5
3FC
331
360
  5
359
331
361
  5
35A
331
362
  5
35B
331
363
  5
35C
331
365
  5
AA0
331
367
  5
AA1
331
368
  5
AA4
331
369
  5
A9A
331
36A
  5
A9B
331
36C
  5
A9E
331
36D
  5
A9F
331
36F
  5
AA5
331
370
  5
AAB
331
371
  5
CB8
331
372
  5
AAA
331
386
  5
35D
331
393
  5
35E
331
394
  5
35F
331
395
  5
360
331
396
  5
361
331
397
  5
362
331
398
  5
363
331
399
  5
365
331
3A3
  5
367
331
3A4
  5
369
331
3A5
  5
36A
331
3A6
  5
36B
331
3A7
  5
36C
331
3A8
  5
36D
331
3A9
  5
36F
331
3AF
  5
370
331
3B0
  5
37C
331
3B1
  5
384
331
3B2
  5
386
331
3BA
  5
A58
331
3BB
  5
3A3
331
3BF
  5
38E
331
3C2
  5
389
331
3C5
  5
388
331
3C6
  5
3A9
331
3C8
  5
3A8
331
3CA
  5
A57
331
3CB
  5
3B4
331
3D1
  5
3B6
331
3D2
  5
3B8
331
3D8
  5
3BF
331
3D9
  5
3C2
331
3DA
  5
3C4
331
3DB
  5
3C5
331
3DC
  5
3C7
331
3DD
  5
3C8
331
3DE
  5
3CA
331
3DF
  5
3CB
331
3E0
  5
3D1
331
3E1
  5
3D8
331
3E2
  5
3D9
331
3E3
  5
3DA
331
3E4
  5
3DB
331
3E6
  5
3DC
331
3E7
  5
3DD
331
3E8
  5
3DE
331
3EA
  5
3DF
331
3EB
  5
3E0
331
3EC
  5
3E1
331
3ED
  5
3E2
331
3EE
  5
AAC
331
3F0
  5
ABC
331
3FB
  5
3E3
331
3FD
  5
3B7
331
3FE
  5
3E6
331
401
  5
3E4
331
43F
  5
91A
331
443
  5
3F0
331
444
  5
91D
331
446
  5
91E
331
447
  5
923
331
448
  5
924
331
44A
  5
925
331
44E
  5
43F
331
450
  5
447
331
451
  5
448
331
452
  5
44E
331
455
  5
456
331
456
  5
457
331
459
  5
45A
331
45E
  5
45D
331
461
  5
462
331
462
  5
465
331
463
  5
452
331
464
  5
455
331
465
  5
459
331
466
  5
44A
331
467
  5
446
331
469
  5
45E
331
46A
  5
45F
331
46C
  5
444
331
46D
  5
467
331
46E
  5
468
331
470
  5
89A
331
473
  5
469
331
474
  5
89D
331
476
  5
46A
331
477
  5
46B
331
69A
  5
46C
331
69C
  5
46D
331
69D
  5
46E
331
6A0
  5
470
331
6A1
  5
473
331
6A2
  5
474
331
6A3
  5
476
331
6A4
  5
69A
331
6A5
  5
69C
331
6A6
  5
69D
331
6A7
  5
6A0
331
6A8
  5
6A1
331
6A9
  5
6A2
331
6AA
  5
6A3
331
6AF
  5
6A4
331
6B0
  5
6A5
331
6B1
  5
6A6
331
6B2
  5
6A7
331
6B3
  5
6A8
331
6B4
  5
6A9
331
6C0
  5
6AA
331
6C1
  5
6AF
331
6C2
  5
6B0
331
6C4
  5
6B1
331
6CD
  5
6B2
331
6CE
  5
6B3
331
6CF
  5
6B4
331
6D0
  5
6C0
331
6D6
  5
6C1
331
6D7
  5
6C2
331
6D8
  5
6C5
331
6D9
  5
6CE
331
6DA
  5
6CF
331
6DB
  5
6D0
331
6DC
  5
6D1
331
6DD
  5
6D7
331
6DE
  5
6D8
331
6DF
  5
6D9
331
6E0
  5
6DA
331
6E1
  5
6DB
331
6E2
  5
6DC
331
6E3
  5
6DD
331
6E4
  5
6DE
331
6E5
  5
6DF
331
6E6
  5
6E0
331
6E7
  5
6E1
331
6EB
  5
6E2
331
6EC
  5
6E3
331
6EE
  5
6E4
331
6EF
  5
6E5
331
6F0
  5
6E6
331
6F1
  5
6E7
331
6F2
  5
6E8
331
6F3
  5
6EC
331
6F4
  5
6ED
331
6F6
  5
6EF
331
6F7
  5
6F0
331
6F8
  5
6F1
331
6F9
  5
6F2
331
6FA
  5
6F3
331
6FB
  5
6F4
331
6FC
  5
6F5
331
6FD
  5
6F7
331
6FE
  5
6F8
331
6FF
  5
6F9
331
700
  5
6FA
331
701
  5
6FB
331
702
  5
6FC
331
703
  5
6FD
331
704
  5
6FE
331
705
  5
6FF
331
706
  5
700
331
707
  5
701
331
708
  5
702
331
709
  5
703
331
70A
  5
704
331
70B
  5
705
331
70C
  5
706
331
70D
  5
707
331
70E
  5
708
331
70F
  5
709
331
710
  5
70A
331
711
  5
70B
331
712
  5
70C
331
713
  5
70D
331
714
  5
70E
331
715
  5
70F
331
716
  5
710
331
717
  5
711
331
718
  5
712
331
719
  5
713
331
71A
  5
714
331
71B
  5
715
331
71C
  5
716
331
71D
  5
717
331
71E
  5
718
331
71F
  5
719
331
720
  5
71A
331
721
  5
71B
331
722
  5
71C
331
723
  5
71D
331
724
  5
71E
331
725
  5
71F
331
726
  5
720
331
727
  5
721
331
728
  5
722
331
729
  5
723
331
72A
  5
724
331
72B
  5
725
331
72C
  5
726
331
72D
  5
727
331
72E
  5
728
331
72F
  5
729
331
730
  5
72A
331
731
  5
72B
331
732
  5
72C
331
733
  5
72D
331
734
  5
72E
331
735
  5
72F
331
736
  5
730
331
737
  5
731
331
738
  5
732
331
739
  5
733
331
73A
  5
734
331
73B
  5
735
331
73C
  5
736
331
73D
  5
737
331
73E
  5
738
331
73F
  5
739
331
740
  5
73A
331
741
  5
73B
331
742
  5
73C
331
743
  5
73D
331
744
  5
73E
331
745
  5
73F
331
746
  5
740
331
747
  5
741
331
748
  5
742
331
749
  5
743
331
74A
  5
744
331
74B
  5
745
331
74C
  5
746
331
74D
  5
747
331
74E
  5
748
331
74F
  5
749
331
750
  5
74A
331
751
  5
74B
331
752
  5
74C
331
753
  5
74D
331
754
  5
74E
331
755
  5
74F
331
756
  5
750
331
757
  5
751
331
758
  5
752
331
759
  5
753
331
75A
  5
754
331
75B
  5
755
331
75C
  5
756
331
75D
  5
757
331
75E
  5
758
331
75F
  5
759
331
760
  5
75A
331
761
  5
75B
331
762
  5
75C
331
763
  5
75D
331
764
  5
75E
331
765
  5
75F
331
766
  5
760
331
767
  5
761
331
768
  5
762
331
769
  5
763
331
76A
  5
764
331
76B
  5
765
331
76C
  5
766
331
76D
  5
767
331
76E
  5
768
331
76F
  5
769
331
770
  5
76A
331
771
  5
76B
331
772
  5
76C
331
773
  5
76D
331
774
  5
76E
331
775
  5
76F
331
776
  5
770
331
777
  5
771
331
778
  5
772
331
779
  5
773
331
77A
  5
774
331
77B
  5
775
331
77C
  5
776
331
77D
  5
777
331
77E
  5
778
331
77F
  5
779
331
780
  5
77A
331
781
  5
77B
331
782
  5
77C
331
783
  5
77D
331
784
  5
77E
331
785
  5
77F
331
786
  5
780
331
787
  5
781
331
788
  5
782
331
789
  5
783
331
78A
  5
784
331
78B
  5
785
331
78C
  5
786
331
78D
  5
787
331
792
  5
788
331
793
  5
789
331
794
  5
78A
331
795
  5
78B
331
796
  5
78C
331
797
  5
78D
331
798
  5
78E
331
79B
  5
793
331
7A6
  5
794
331
7A7
  5
795
331
7A8
  5
796
331
7A9
  5
797
331
7AD
  5
798
331
7AE
  5
799
331
7AF
  5
79E
331
7B0
  5
7A8
331
7B1
  5
7A9
331
7B2
  5
7AA
331
7B3
  5
7AB
331
7B4
  5
7AF
331
7B5
  5
7B0
331
7B6
  5
7B1
331
7B7
  5
7B2
331
7B8
  5
7B3
331
7B9
  5
7B4
331
7BA
  5
7B5
331
7BB
  5
7B6
331
7BC
  5
7B7
331
7BD
  5
7B8
331
7BE
  5
7B9
331
7BF
  5
7BA
331
7C0
  5
7BB
331
7C1
  5
7BC
331
7C2
  5
7BD
331
7C3
  5
7BE
331
7C4
  5
7BF
331
7C5
  5
7C0
331
7C6
  5
7C1
331
7C7
  5
7C2
331
7C8
  5
7C3
331
7C9
  5
7C4
331
7CA
  5
7C5
331
7CB
  5
7C6
331
7CC
  5
7C7
331
7CD
  5
7C8
331
7CE
  5
7C9
331
7CF
  5
7CA
331
7D0
  5
7CB
331
7D1
  5
7CC
331
7D2
  5
7CD
331
7D3
  5
7CE
331
7D4
  5
7CF
331
7DA
  5
7D0
331
7DB
  5
7D1
331
7DC
  5
7D2
331
7DE
  5
7D3
331
7DF
  5
7D4
331
7F5
  5
7D5
331
7F6
  5
7D9
331
7F7
  5
7DC
331
7F8
  5
7DD
331
7FA
  5
7DE
331
7FB
  5
7E0
331
7FC
  5
7E1
331
7FD
  5
7F8
331
7FE
  5
7F9
331
7FF
  5
7FA
331
800
  5
7FB
331
801
  5
7FD
331
802
  5
7FE
331
803
  5
7FF
331
804
  5
800
331
805
  5
801
331
806
  5
802
331
807
  5
803
331
808
  5
804
331
80A
  5
805
331
80C
  5
806
331
80D
  5
807
331
80E
  5
808
331
80F
  5
809
331
813
  5
80B
331
814
  5
80C
331
815
  5
80D
331
816
  5
80F
331
817
  5
810
331
818
  5
811
331
819
  5
812
331
81A
  5
822
331
81B
  5
823
331
81D
  5
824
331
81E
  5
825
331
823
  5
826
331
824
  5
827
331
826
  5
828
331
827
  5
829
331
828
  5
82A
331
82A
  5
82C
331
82C
  5
82D
331
82D
  5
830
331
82E
  5
831
331
82F
  5
833
331
832
  5
834
331
83D
  5
835
331
846
  5
837
331
847
  5
839
331
849
  5
83A
331
84A
  5
83B
331
84D
  5
83C
331
84F
  5
83F
331
850
  5
84A
331
851
  5
854
331
856
  5
855
331
859
  5
85B
331
85A
  5
85D
331
85B
  5
85E
331
85C
  5
85F
331
85D
  5
864
331
85E
  5
865
331
85F
  5
866
331
860
  5
867
331
861
  5
868
331
862
  5
869
331
863
  5
86A
331
864
  5
86B
331
865
  5
86C
331
866
  5
86D
331
867
  5
86E
331
868
  5
86F
331
869
  5
870
331
86B
  5
871
331
86C
  5
872
331
86D
  5
873
331
86E
  5
874
331
86F
  5
875
331
870
  5
876
331
871
  5
877
331
872
  5
879
331
873
  5
87A
331
874
  5
87B
331
875
  5
87C
331
876
  5
87D
331
877
  5
87E
331
878
  5
87F
331
879
  5
880
331
87A
  5
881
331
87B
  5
882
331
87C
  5
883
331
87D
  5
884
331
883
  5
885
331
888
  5
886
331
889
  5
887
331
88A
  5
888
331
88B
  5
889
331
88C
  5
88A
331
89D
  5
88B
331
89E
  5
893
331
8A1
  5
2E2
331
8B0
  5
898
331
8B2
  5
897
331
8B5
  5
89E
331
8BA
  5
8A1
331
8BB
  5
8A2
331
8BD
  5
8B0
331
8BE
  5
8B1
331
8C0
  5
8AD
331
8C3
  5
8B3
331
8C5
  5
89B
331
8C6
  5
899
331
8C7
  5
2E4
331
8C9
  5
8B4
331
8CA
  5
8B5
331
8CB
  5
8BA
331
8CD
  5
919
331
8CE
  5
3E7
331
8CF
  5
3E8
331
8D1
  5
3EA
331
8D2
  5
3EB
331
8D3
  5
3EC
331
8D4
  5
3ED
331
8D5
  5
3EE
331
8D6
  5
8BB
331
8D8
  5
990
331
8D9
  5
998
331
8DC
  5
999
331
903
  5
8BE
331
904
  5
8BF
331
905
  5
8C0
331
906
  5
8C3
331
907
  5
8C4
331
908
  5
8C5
331
909
  5
8C6
331
90A
  5
8C9
331
90B
  5
8CA
331
90C
  5
8CB
331
90D
  5
8CD
331
90E
  5
8CE
331
90F
  5
8CF
331
910
  5
8D0
331
911
  5
8D1
331
912
  5
8D2
331
913
  5
8D3
331
914
  5
8D4
331
915
  5
8D5
331
916
  5
8D6
331
919
  5
99B
331
91A
  5
99C
331
91D
  5
99D
331
91E
  5
99F
331
923
  5
9A0
331
924
  5
8D8
331
925
  5
8D9
331
926
  5
8DC
331
990
  5
9A1
331
998
  5
903
331
999
  5
904
331
99A
  5
905
331
99B
  5
371
331
99C
  5
312
331
99D
  5
9B3
331
99E
  5
314
331
99F
  5
372
331
9A0
  5
906
331
9A1
  5
907
331
9A2
  5
908
331
9A3
  5
909
331
9A4
  5
90A
331
9A8
  5
910
331
9A9
  5
911
331
9AA
  5
912
331
9AB
  5
913
331
9AC
  5
914
331
9AD
  5
915
331
9AF
  5
90B
331
9B0
  5
90C
331
9B1
  5
90D
331
9B2
  5
90E
331
9B3
  5
3AC
331
9B4
  5
37F
331
9B5
  5
2F2
331
9BE
  5
9A3
331
9BF
  5
9A4
331
9C0
  5
9A8
331
9C1
  5
374
331
9C2
  5
2E8
331
9C3
  5
90F
331
9C4
  5
916
331
9C5
  5
926
331
9C8
  5
99A
331
9CA
  5
9A2
331
9CC
  5
9AC
331
9D9
  5
9A9
331
9DB
  5
9AA
331
9DE
  5
9AB
331
9E0
  5
AAD
331
9E3
  5
AB0
331
9E4
  5
AB2
331
9E5
  5
AB3
331
9E6
  5
AB7
331
9E8
  5
AB8
331
9EB
  5
9AD
331
9ED
  5
3B2
331
9EE
  5
387
331
9F0
  5
9AF
331
9F1
  5
9B0
331
9F2
  5
9B1
331
9F3
  5
9B2
331
9F5
  5
9B4
331
9F9
  5
9C5
331
9FA
  5
9B5
331
9FB
  5
9C3
331
9FC
  5
3B1
331
9FD
  5
9BE
331
9FE
  5
3A6
331
9FF
  5
38B
331
A00
  5
9BF
331
A01
  5
9C0
331
A02
  5
9C2
331
A05
  5
9C1
331
A0B
  5
9C4
331
A2B
  5
9C8
331
A2C
  5
3AF
331
A2D
  5
385
331
A43
  5
A48
331
A44
  5
A49
331
A45
  5
A4B
331
A46
  5
A4C
331
A47
  5
A4D
331
A48
  5
A4E
331
A49
  5
A53
331
A4B
  5
9CB
331
A4C
  5
9D2
331
A4D
  5
9D9
331
A4E
  5
9DB
331
A4F
  5
9DE
331
A50
  5
9E0
331
A51
  5
9E3
331
A52
  5
9E4
331
A53
  5
9E5
331
A54
  5
9E6
331
A55
  5
9E8
331
A56
  5
9EB
331
A57
  5
9EC
331
A58
  5
9ED
331
A59
  5
9F0
331
A5A
  5
9F1
331
A5B
  5
9F2
331
A5C
  5
9F3
331
A5D
  5
9F5
331
A5E
  5
9F9
331
A5F
  5
9FA
331
A60
  5
9FB
331
A61
  5
9FC
331
A62
  5
9FD
331
A63
  5
9FE
331
A64
  5
9FF
331
A65
  5
A00
331
A66
  5
A01
331
A67
  5
A04
331
A68
  5
A09
331
A69
  5
A0A
331
A6A
  5
A2A
331
A6B
  5
A2B
331
A6C
  5
A2D
331
A6D
  5
A3F
331
A6E
  5
A40
331
A6F
  5
A41
331
A70
  5
A42
331
A71
  5
A43
331
A72
  5
A44
331
A73
  5
A45
331
A74
  5
A46
331
A75
  5
A47
331
A85
  5
9CA
331
A89
  5
A55
331
A8B
  5
A56
331
A8E
  5
A54
331
A93
  5
A5A
331
A9B
  5
A59
331
A9E
  5
A5F
331
A9F
  5
A5C
331
AA0
  5
A5D
331
AA1
  5
A60
331
AA4
  5
A5B
331
AA5
  5
A5E
331
AA9
  5
A62
331
AAB
  5
A63
331
AAC
  5
A65
331
AAD
  5
A66
331
AAE
  5
A67
331
AB1
  5
A61
331
AB4
  5
2EC
331
AB6
  5
B05
331
AB7
  5
A69
331
AB9
  5
A68
331
ABA
  5
B1D
331
ABC
  5
A64
331
ABF
  5
2E1
331
AC2
  5
ABB
331
B05
  5
ABF
331
B1D
  5
AC1
331
CB8
  5
AC2
  0
SORTENTSTABLE
  5
481
102
{ACAD_REACTORS
330
480
102
}
330
480
100
AcDbSortentsTable
330
47F
  0
SORTENTSTABLE
  5
487
102
{ACAD_REACTORS
330
486
102
}
330
486
100
AcDbSortentsTable
330
485
  0
SORTENTSTABLE
  5
8DF
102
{ACAD_REACTORS
330
8DE
102
}
330
8DE
100
AcDbSortentsTable
330
8DD
  0
SORTENTSTABLE
  5
A0E
102
{ACAD_REACTORS
330
A0D
102
}
330
A0D
100
AcDbSortentsTable
330
A0C
  0
SORTENTSTABLE
  5
A97
102
{ACAD_REACTORS
330
A96
102
}
330
A96
100
AcDbSortentsTable
330
A94
  0
XRECORD
  5
BD9
102
{ACAD_REACTORS
330
BD8
102
}
330
BD8
100
AcDbXrecord
280
     1
 90
        1
340
10D
  0
XRECORD
  5
BDD
102
{ACAD_REACTORS
330
BDC
102
}
330
BDC
100
AcDbXrecord
280
     1
 90
        1
340
10D
  0
DIMASSOC
  5
B1C
102
{ACAD_REACTORS
330
B12
102
}
330
B12
100
AcDbDimAssoc
330
B05
 90
        3
 70
     0
 71
     0
  1
AcDbOsnapPointRef
 72
     1
331
AA9
 73
     2
 91
        6
 40
1.0
 10
2946.135355822581
 20
7156.49173782913
 30
0.0
 75
     0
  1
AcDbOsnapPointRef
 72
     1
331
2D6
 73
     2
 91
        4
 40
1.0
 10
3111.134744195639
 20
7156.547034850968
 30
0.0
 75
     0
  0
DIMASSOC
  5
B34
102
{ACAD_REACTORS
330
B2A
102
}
330
B2A
100
AcDbDimAssoc
330
B1D
 90
        3
 70
     0
 71
     0
  1
AcDbOsnapPointRef
 72
    11
331
9C1
 73
     2
 91
        5
 40
0.0003350211888768
 10
2946.135355617673
 20
7156.547034850968
 30
0.0
332
2D6
 74
     2
 92
        1
 75
     0
  1
AcDbOsnapPointRef
 72
     8
331
AAE
 73
     2
 91
        4
 40
0.0000095534692832
 10
2946.135355617673
 20
7321.547034850969
 30
0.0
 75
     1
  1
AcDbOsnapPointRef
 72
    11
331
9C1
 73
     2
 91
        5
 40
0.0003350211888768
 10
2946.135355617673
 20
7156.547034850968
 30
0.0
332
2D6
 74
     2
 92
        1
 75
     0
  0
DIMASSOC
  5
D9B
102
{ACAD_REACTORS
330
D8F
102
}
330
D8F
100
AcDbDimAssoc
330
D80
 90
        3
 70
     0
 71
     0
  1
AcDbOsnapPointRef
 72
    13
331
AB6
 73
     2
 91
        3
 40
0.0
 10
3109.134744195639
 20
7319.547034850969
 30
0.0
 75
     0
  1
AcDbOsnapPointRef
 72
     8
331
ABA
 73
     2
 91
        2
 40
0.0666666666666667
 10
3109.134744195639
 20
7321.547034850969
 30
0.0
 75
     1
  1
AcDbOsnapPointRef
 72
    13
331
AB6
 73
     2
 91
        3
 40
0.0
 10
3109.134744195639
 20
7319.547034850969
 30
0.0
 75
     0
  0
DIMASSOC
  5
DB4
102
{ACAD_REACTORS
330
DAA
102
}
330
DAA
100
AcDbDimAssoc
330
D9D
 90
        3
 70
     0
 71
     0
  1
AcDbOsnapPointRef
 72
     1
331
367
 73
     2
 91
        3
 40
1.0
 10
3010.134744195639
 20
7321.547034850969
 30
0.0
 75
     0
  1
AcDbOsnapPointRef
 72
     1
331
371
 73
     2
 91
        3
 40
1.0
 10
3081.134744195639
 20
7321.547034850969
 30
0.0
 75
     0
  0
DIMASSOC
  5
DCC
102
{ACAD_REACTORS
330
DC2
102
}
330
DC2
100
AcDbDimAssoc
330
DB5
 90
        3
 70
     0
 71
     0
  1
AcDbOsnapPointRef
 72
     1
331
AAB
 73
     2
 91
        5
 40
1.0
 10
2991.134744195639
 20
7199.547034850969
 30
0.0
 75
     0
  1
AcDbOsnapPointRef
 72
     1
331
AAC
 73
     2
 91
        2
 40
1.0
 10
3066.134744195639
 20
7199.547034850969
 30
0.0
 75
     0
  0
DIMASSOC
  5
DE8
102
{ACAD_REACTORS
330
DDC
102
}
330
DDC
100
AcDbDimAssoc
330
DCD
 90
        3
 70
     0
 71
     0
  1
AcDbOsnapPointRef
 72
     1
331
AAC
 73
     2
 91
        7
 40
1.0
 10
3071.134744195639
 20
7201.547034850968
 30
0.0
 75
     0
  1
AcDbOsnapPointRef
 72
     1
331
AAC
 73
     2
 91
        6
 40
1.0
 10
3071.134744195639
 20
7199.547034850969
 30
0.0
 75
     0
  0
DIMASSOC
  5
E00
102
{ACAD_REACTORS
330
DF6
102
}
330
DF6
100
AcDbDimAssoc
330
DE9
 90
        3
 70
     0
 71
     0
  1
AcDbOsnapPointRef
 72
     1
331
AB6
 73
     2
 91
        3
 40
1.0
 10
3109.134744195639
 20
7278.547034850967
 30
0.0
 75
     0
  1
AcDbOsnapPointRef
 72
     1
331
43F
 73
     2
 91
        1
 40
1.0
 10
3109.134744195639
 20
7293.547034850968
 30
0.0
 75
     0
  0
DIMASSOC
  5
E18
102
{ACAD_REACTORS
330
E0E
102
}
330
E0E
100
AcDbDimAssoc
330
E01
 90
        2
 70
     0
 71
     0
  1
AcDbOsnapPointRef
 72
     8
331
AB6
 73
     2
 91
        2
 40
1.0
 10
3109.13474419564
 20
7319.547034850969
 30
0.0
 75
     1
  1
AcDbOsnapPointRef
 72
     0
 40
0.0
 10
3109.13474419564
 20
7319.547034850969
 30
0.0
 75
     0
  0
DIMASSOC
  5
E30
102
{ACAD_REACTORS
330
E26
102
}
330
E26
100
AcDbDimAssoc
330
E19
 90
        2
 70
     0
 71
     0
  1
AcDbOsnapPointRef
 72
     8
331
8DC
 73
     2
 91
        1
 40
0.9999999999996967
 10
3040.134744195639
 20
7307.547034850968
 30
0.0
 75
     1
  1
AcDbOsnapPointRef
 72
     0
 40
0.0
 10
3040.134744195639
 20
7307.547034850968
 30
0.0
 75
     0
  0
DIMASSOC
  5
E62
102
{ACAD_REACTORS
330
E58
102
}
330
E58
100
AcDbDimAssoc
330
E4B
 90
        2
 70
     0
 71
     0
  1
AcDbOsnapPointRef
 72
     1
331
8DC
 73
     2
 91
        3
 40
1.0
 10
3016.134744195638
 20
7319.547034850963
 30
0.0
 75
     0
  0
DIMASSOC
  5
E7A
102
{ACAD_REACTORS
330
E70
102
}
330
E70
100
AcDbDimAssoc
330
E63
 90
        3
 70
     0
 71
     0
  1
AcDbOsnapPointRef
 72
    13
331
A00
 73
     2
 91
        4
 40
0.0
 10
2991.134744195639
 20
7286.547034850967
 30
0.0
 75
     0
  1
AcDbOsnapPointRef
 72
     1
331
A00
 73
     2
 91
        4
 40
1.0
 10
2991.134744195639
 20
7311.552903860921
 30
0.0
 75
     0
  0
DIMASSOC
  5
E92
102
{ACAD_REACTORS
330
E88
102
}
330
E88
100
AcDbDimAssoc
330
E7B
 90
        3
 70
     0
 71
     0
  1
AcDbOsnapPointRef
 72
    13
331
A01
 73
     2
 91
        3
 40
0.0
 10
2980.134744195639
 20
7276.547034850968
 30
0.0
 75
     0
  1
AcDbOsnapPointRef
 72
     1
331
A01
 73
     2
 91
        3
 40
1.0
 10
2960.134744195639
 20
7276.547034850968
 30
0.0
 75
     0
  0
DIMASSOC
  5
EAA
102
{ACAD_REACTORS
330
EA0
102
}
330
EA0
100
AcDbDimAssoc
330
E93
 90
        3
 70
     0
 71
     0
  1
AcDbOsnapPointRef
 72
    13
331
9FD
 73
     2
 91
        1
 40
0.0
 10
3070.134744195639
 20
7278.547034850967
 30
0.0
 75
     0
  1
AcDbOsnapPointRef
 72
     1
331
9FD
 73
     2
 91
        1
 40
1.0
 10
3107.13474419564
 20
7278.547034850967
 30
0.0
 75
     0
  0
DIMASSOC
  5
EC6
102
{ACAD_REACTORS
330
EBA
102
}
330
EBA
100
AcDbDimAssoc
330
EAB
 90
        3
 70
     0
 71
     0
  1
AcDbOsnapPointRef
 72
    13
331
AB6
 73
     2
 91
        4
 40
0.0
 10
3109.134744195639
 20
7278.547034850967
 30
0.0
 75
     0
  1
AcDbOsnapPointRef
 72
     1
331
AB6
 73
     2
 91
        4
 40
1.0
 10
3107.13474419564
 20
7278.547034850967
 30
0.0
 75
     0
  0
DIMASSOC
  5
EDE
102
{ACAD_REACTORS
330
ED4
102
}
330
ED4
100
AcDbDimAssoc
330
EC7
 90
        3
 70
     0
 71
     0
  1
AcDbOsnapPointRef
 72
     1
331
AAD
 73
     2
 91
        2
 40
1.0
 10
2993.134744195639
 20
7278.547034850967
 30
0.0
 75
     0
  1
AcDbOsnapPointRef
 72
     8
331
395
 73
     2
 91
        0
 40
1.0
 10
3070.134744195638
 20
7278.547034850969
 30
0.0
 75
     1
  1
AcDbOsnapPointRef
 72
     1
331
AAD
 73
     2
 91
        2
 40
1.0
 10
2993.134744195639
 20
7278.547034850967
 30
0.0
 75
     0
  0
DIMASSOC
  5
EF6
102
{ACAD_REACTORS
330
EEC
102
}
330
EEC
100
AcDbDimAssoc
330
EDF
 90
        3
 70
     0
 71
     0
  1
AcDbOsnapPointRef
 72
     1
331
2F5
 73
     2
 91
        1
 40
1.0
 10
2991.134744195639
 20
7260.547034850969
 30
0.0
 75
     0
  1
AcDbOsnapPointRef
 72
     1
331
2F5
 73
     2
 91
        2
 40
1.0
 10
2991.134744195639
 20
7215.547034850968
 30
0.0
 75
     0
  0
DIMASSOC
  5
F0E
102
{ACAD_REACTORS
330
F04
102
}
330
F04
100
AcDbDimAssoc
330
EF7
 90
        3
 70
     0
 71
     0
  1
AcDbOsnapPointRef
 72
     1
331
A52
 73
     2
 91
        2
 40
1.0
 10
2991.134744195639
 20
7177.218727195136
 30
0.0
 75
     0
  1
AcDbOsnapPointRef
 72
     8
331
A5A
 73
     2
 91
        0
 40
0.7224430177228636
 10
3022.394153896163
 20
7177.218727195136
 30
0.0
 75
     1
  1
AcDbOsnapPointRef
 72
     1
331
A52
 73
     2
 91
        2
 40
1.0
 10
2991.134744195639
 20
7177.218727195136
 30
0.0
 75
     0
  0
DIMASSOC
  5
F26
102
{ACAD_REACTORS
330
F1C
102
}
330
F1C
100
AcDbDimAssoc
330
F0F
 90
        3
 70
     0
 71
     0
  1
AcDbOsnapPointRef
 72
    13
331
A5B
 73
     2
 91
        0
 40
0.0
 10
3022.394153896163
 20
7184.403199621738
 30
0.0
 75
     0
  1
AcDbOsnapPointRef
 72
    13
331
A5C
 73
     2
 91
        0
 40
0.0
 10
3037.185397054664
 20
7184.403199621738
 30
0.0
 75
     0
  0
DIMASSOC
  5
F4B
102
{ACAD_REACTORS
330
F41
102
}
330
F41
100
AcDbDimAssoc
330
F34
 90
        2
 70
     0
 71
     0
  1
AcDbOsnapPointRef
 72
     8
331
AB7
 73
     2
 91
        8
 40
-0.0000007946171969
 10
2991.134744195639
 20
7158.547034850968
 30
0.0
 75
     1
  1
AcDbOsnapPointRef
 72
     0
 40
0.0
 10
2991.134744195639
 20
7158.547034850968
 30
0.0
 75
     0
  0
DIMASSOC
  5
F65
102
{ACAD_REACTORS
330
F5A
102
}
330
F5A
100
AcDbDimAssoc
330
F4C
 90
        2
 70
     0
 71
     0
  1
AcDbOsnapPointRef
 72
     1
331
A52
 73
     2
 91
        1
 40
1.0
 10
3022.39409429992
 20
7177.218727195136
 30
0.0
 75
     0
  0
DIMASSOC
  5
F7D
102
{ACAD_REACTORS
330
F73
102
}
330
F73
100
AcDbDimAssoc
330
F66
 90
        2
 70
     0
 71
     0
  1
AcDbOsnapPointRef
 72
     1
331
A89
 73
     2
 91
        1
 40
1.0
 10
3057.189370158849
 20
7158.54702082174
 30
0.0
 75
     0
  0
DIMASSOC
  5
F95
102
{ACAD_REACTORS
330
F8B
102
}
330
F8B
100
AcDbDimAssoc
330
F7E
 90
        3
 70
     0
 71
     0
  1
AcDbOsnapPointRef
 72
    11
331
9E3
 73
     2
 91
        1
 40
0.9997776647148839
 10
2946.135188866209
 20
7201.547034850968
 30
0.0
332
9C1
 74
     2
 92
        5
 75
     0
  1
AcDbOsnapPointRef
 72
     1
331
9E4
 73
     2
 91
        1
 40
1.0
 10
2946.134744195639
 20
7276.547034850968
 30
0.0
 75
     0
  0
DIMASSOC
  5
FAD
102
{ACAD_REACTORS
330
FA3
102
}
330
FA3
100
AcDbDimAssoc
330
F96
 90
        3
 70
     0
 71
     0
  1
AcDbOsnapPointRef
 72
     1
331
91A
 73
     2
 91
        1
 40
1.0
 10
2957.134744195639
 20
7282.547034850968
 30
0.0
 75
     0
  1
AcDbOsnapPointRef
 72
    13
331
91A
 73
     2
 91
        3
 40
0.0237727453649086
 10
2956.944562232719
 20
7298.547034850968
 30
0.0
 75
     0
  0
DIMASSOC
  5
FC5
102
{ACAD_REACTORS
330
FBB
102
}
330
FBB
100
AcDbDimAssoc
330
FAE
 90
        1
 70
     0
 71
     0
  1
AcDbOsnapPointRef
 72
     1
331
919
 73
     2
 91
        3
 40
1.0
 10
2948.134744195639
 20
7282.547034850968
 30
0.0
 75
     0
  0
DIMASSOC
  5
FDD
102
{ACAD_REACTORS
330
FD3
102
}
330
FD3
100
AcDbDimAssoc
330
FC6
 90
        3
 70
     0
 71
     0
  1
AcDbOsnapPointRef
 72
     1
331
8BE
 73
     2
 91
        4
 40
1.0
 10
2969.134744195639
 20
7298.547034850968
 30
0.0
 75
     0
  1
AcDbOsnapPointRef
 72
     8
331
AAE
 73
     2
 91
       10
 40
0.51162790697912
 10
2969.134744195639
 20
7319.547034850969
 30
0.0
 75
     1
  1
AcDbOsnapPointRef
 72
     1
331
8BE
 73
     2
 91
        4
 40
1.0
 10
2969.134744195639
 20
7298.547034850968
 30
0.0
 75
     0
  0
DIMASSOC
  5
FF5
102
{ACAD_REACTORS
330
FEB
102
}
330
FEB
100
AcDbDimAssoc
330
FDE
 90
        3
 70
     0
 71
     0
  1
AcDbOsnapPointRef
 72
    13
331
919
 73
     2
 91
        1
 40
0.0
 10
2948.134744195639
 20
7298.547034850968
 30
0.0
 75
     0
  1
AcDbOsnapPointRef
 72
     1
331
8BE
 73
     2
 91
        4
 40
0.9607677605915037
 10
2969.134744195639
 20
7298.782428287418
 30
0.0
 75
     0
  0
DIMASSOC
  5
100D
102
{ACAD_REACTORS
330
1003
102
}
330
1003
100
AcDbDimAssoc
330
FF6
 90
        3
 70
     0
 71
     0
  1
AcDbOsnapPointRef
 72
    11
331
8C5
 73
     2
 91
        1
 40
0.6392767407904623
 10
2968.134744195639
 20
7314.496909222035
 30
0.0
332
8CA
 74
     2
 92
        0
 75
     0
  1
AcDbOsnapPointRef
 72
     1
331
8BE
 73
     2
 91
        2
 40
1.0
 10
2968.134744195639
 20
7304.547034850968
 30
0.0
 75
     0
  0
DIMASSOC
  5
1025
102
{ACAD_REACTORS
330
101B
102
}
330
101B
100
AcDbDimAssoc
330
100E
 90
        3
 70
     0
 71
     0
  1
AcDbOsnapPointRef
 72
     5
331
35C
 73
     2
 91
        0
 40
0.0
 10
3105.634744195639
 20
7179.047034850968
 30
0.0
 75
     0
  1
AcDbOsnapPointRef
 72
     3
331
35C
 73
     2
 91
        0
 40
0.0
 10
3088.634744195639
 20
7179.047034850968
 30
0.0
 75
     0
  0
DIMASSOC
  5
103D
102
{ACAD_REACTORS
330
1033
102
}
330
1033
100
AcDbDimAssoc
330
1026
 90
        3
 70
     0
 71
     0
  1
AcDbOsnapPointRef
 72
    13
331
A9F
 73
     2
 91
        1
 40
0.0
 10
3088.464769265489
 20
7212.825193913983
 30
0.0
 75
     0
  1
AcDbOsnapPointRef
 72
    13
331
AA0
 73
     2
 91
        1
 40
0.0
 10
3088.464769265489
 20
7200.825193913982
 30
0.0
 75
     0
  0
DIMASSOC
  5
1055
102
{ACAD_REACTORS
330
104B
102
}
330
104B
100
AcDbDimAssoc
330
103E
 90
        3
 70
     0
 71
     0
  1
AcDbOsnapPointRef
 72
     1
331
AA1
 73
     2
 91
        3
 40
1.0
 10
3069.397174261547
 20
7222.114435395472
 30
0.0
 75
     0
  1
AcDbOsnapPointRef
 72
     1
331
A9E
 73
     2
 91
        3
 40
1.0
 10
3081.397174261547
 20
7222.114435395472
 30
0.0
 75
     0
  0
DIMASSOC
  5
106D
102
{ACAD_REACTORS
330
1063
102
}
330
1063
100
AcDbDimAssoc
330
1056
 90
        3
 70
     0
 71
     0
  1
AcDbOsnapPointRef
 72
     5
331
A93
 73
     2
 91
        0
 40
3.141592653589793
 10
3082.370166484323
 20
7225.678191812446
 30
0.0
 75
     0
  1
AcDbOsnapPointRef
 72
     3
331
A93
 73
     2
 91
        0
 40
0.0
 10
3094.134744195638
 20
7225.678191812446
 30
0.0
 75
     0
  0
DIMASSOC
  5
1085
102
{ACAD_REACTORS
330
107B
102
}
330
107B
100
AcDbDimAssoc
330
106E
 90
        3
 70
     0
 71
     0
  1
AcDbOsnapPointRef
 72
     1
331
313
 73
     2
 91
        3
 40
1.0
 10
3005.134744195639
 20
7201.547034850968
 30
0.0
 75
     0
  1
AcDbOsnapPointRef
 72
     1
331
312
 73
     2
 91
        3
 40
1.0
 10
3052.134744195639
 20
7201.547034850968
 30
0.0
 75
     0
  0
DIMASSOC
  5
111D
102
{ACAD_REACTORS
330
1113
102
}
330
1113
100
AcDbDimAssoc
330
1106
 90
        3
 70
     0
 71
     0
  1
AcDbOsnapPointRef
 72
    13
331
9AF
 73
     2
 91
        1
 40
0.0
 10
2951.134744195556
 20
7156.547034850968
 30
0.0
 75
     0
  1
AcDbOsnapPointRef
 72
     1
331
9EE
 73
     2
 91
        1
 40
1.0
 10
2988.134744195639
 20
7156.547034850969
 30
0.0
 75
     0
  0
XRECORD
  5
420
102
{ACAD_REACTORS
330
41F
102
}
330
41F
100
AcDbXrecord
280
     1
 90
        1
340
10D
  0
XRECORD
  5
424
102
{ACAD_REACTORS
330
423
102
}
330
423
100
AcDbXrecord
280
     1
 90
        1
340
C44
  0
ACDBDETAILVIEWSTYLE
  5
21C
102
{ACAD_REACTORS
330
21B
102
}
330
21B
100
AcDbModelDocViewStyle
 70
     0
  3
Metric50
290
     0
300
Metric50
 90
        0
100
AcDbDetailViewStyle
 70
     0
 71
     0
 90
        3
 71
     1
340
11
 62
   256
 40
5.0
340
0
 62
   256
 40
5.0
300

 40
0.0
280
     1
 71
     2
340
16
 90
       25
 62
   256
 71
     3
340
11
 62
   256
 40
5.0
 90
        0
 40
15.0
 90
        1
300
%<\AcVar ViewDetailId>% (%<\AcVar ViewScale \f "%sn">%)
 71
     4
340
16
 90
       25
 62
   256
340
16
 90
       25
 62
   256
280
     0
  0
GROUP
  5
9D5
102
{ACAD_REACTORS
330
D
102
}
330
D
100
AcDbGroup
300

 70
     1
 71
     1
340
9BE
340
9BF
340
9CA
  0
GROUP
  5
3AA
102
{ACAD_REACTORS
330
D
102
}
330
D
100
AcDbGroup
300

 70
     1
 71
     1
340
3A5
340
3A4
340
3A8
340
3A3
340
3A7
340
3A9
340
3A6
  0
GROUP
  5
44B
102
{ACAD_REACTORS
330
D
102
}
330
D
100
AcDbGroup
300

 70
     1
 71
     1
340
43F
340
444
340
448
340
44A
340
447
340
446
  0
GROUP
  5
9DC
102
{ACAD_REACTORS
330
D
102
}
330
D
100
AcDbGroup
300

 70
     1
 71
     1
340
9D9
340
9DB
  0
GROUP
  5
44C
102
{ACAD_REACTORS
330
D
102
}
330
D
100
AcDbGroup
300

 70
     1
 71
     1
340
35C
340
35F
340
35E
340
35A
340
35B
  0
GROUP
  5
89C
102
{ACAD_REACTORS
330
D
102
}
330
D
100
AcDbGroup
300

 70
     1
 71
     1
340
888
340
87C
340
87B
340
87A
340
879
340
878
340
877
340
876
340
874
340
873
340
872
340
871
340
870
340
86F
340
86D
340
86C
340
86B
340
869
340
868
340
867
340
866
340
865
340
864
340
863
340
862
340
861
340
860
340
85F
340
85E
340
85D
340
85C
340
85B
340
85A
340
859
340
858
340
857
340
856
340
851
340
84F
340
84D
340
84A
340
849
340
832
340
826
340
824
340
823
340
81D
340
81B
340
81A
340
818
340
80F
340
80E
340
80D
340
80C
340
80A
340
808
340
807
340
806
340
805
340
804
340
803
340
802
340
801
340
800
340
7FF
340
7FE
340
7FD
340
7FC
340
7F6
340
7F5
340
7DF
340
7DE
340
7DC
340
7DB
340
7DA
340
7D3
340
7D2
340
7D1
340
7D0
340
7CF
340
7CE
340
7CD
340
7CC
340
7CB
340
7CA
340
7C9
340
7C8
340
7C7
340
7C6
340
7C5
340
7C4
340
7C3
340
7C2
340
7C1
340
7C0
340
7BF
340
7BE
340
7BD
340
7BC
340
7BB
340
7BA
340
7B9
340
7B8
340
7B7
340
7B6
340
7B5
340
7B4
340
7B3
340
7B2
340
7B1
340
7B0
340
7AF
340
7AE
340
7AD
340
7A9
340
7A8
340
7A7
340
7A6
340
798
340
797
340
794
340
793
340
792
340
78D
340
78B
340
78A
340
789
340
788
340
787
340
786
340
785
340
784
340
783
340
782
340
781
340
780
340
77F
340
77E
340
77D
340
77C
340
77B
340
77A
340
779
340
778
340
777
340
776
340
775
340
773
340
772
340
771
340
770
340
76E
340
76D
340
76C
340
76B
340
769
340
768
340
766
340
765
340
764
340
762
340
760
340
75E
340
75C
340
75B
340
75A
340
758
340
757
340
756
340
755
340
754
340
753
340
752
340
751
340
750
340
74F
340
74E
340
74D
340
74C
340
74B
340
74A
340
749
340
748
340
747
340
746
340
744
340
743
340
73F
340
73E
340
73D
340
73C
340
73A
340
739
340
738
340
737
340
736
340
735
340
734
340
733
340
732
340
731
340
730
340
72F
340
72E
340
72D
340
72C
340
72B
340
72A
340
729
340
728
340
727
340
726
340
725
340
724
340
723
340
722
340
721
340
720
340
71F
340
71E
340
71D
340
71C
340
71B
340
71A
340
719
340
718
340
717
340
715
340
714
340
713
340
712
340
711
340
710
340
70F
340
70E
340
70D
340
70C
340
70B
340
70A
340
708
340
707
340
704
340
702
340
701
340
700
340
6FF
340
6FE
340
6FD
340
6FC
340
6F8
340
6F4
340
6F2
340
6F0
340
6EF
340
6EE
340
6EC
340
6EB
340
6E7
340
6E6
340
6E5
340
6E4
340
6E3
340
6E2
340
6E1
340
6E0
340
6DF
340
6DE
340
6DD
340
6DC
340
6DB
340
6DA
340
6D9
340
6D0
340
6CF
340
6CE
340
6CD
340
6C4
340
6C2
340
6C0
340
6B4
340
6B3
340
6B2
340
6AA
340
6A9
340
6A8
340
6A7
340
6A5
340
69D
340
69C
340
889
340
87D
340
875
340
83D
340
82F
340
82E
340
82D
340
82C
340
82A
340
81E
340
819
340
817
340
816
340
815
340
814
340
813
340
7FB
340
7FA
340
7F8
340
7F7
340
7D4
340
796
340
795
340
78C
340
774
340
76F
340
76A
340
767
340
763
340
761
340
75F
340
75D
340
759
340
745
340
742
340
741
340
740
340
73B
340
716
340
706
340
705
340
703
340
6FB
340
6FA
340
6F9
340
6F7
340
6F6
340
6D8
340
6D7
340
6D6
340
6C1
340
6B1
340
6B0
340
6AF
340
6A6
340
6A4
340
6A3
340
6A2
340
6A1
340
6A0
340
88B
340
883
340
847
340
846
340
709
340
6F1
  0
GROUP
  5
8DA
102
{ACAD_REACTORS
330
D
102
}
330
D
100
AcDbGroup
300

 70
     1
 71
     1
340
8D8
340
8D9
  0
GROUP
  5
917
102
{ACAD_REACTORS
330
D
102
}
330
D
100
AcDbGroup
300

 70
     1
 71
     1
340
914
340
913
340
903
340
904
340
90D
340
90A
340
909
340
911
340
908
340
907
340
906
340
905
340
916
340
912
340
90E
  0
GROUP
  5
918
102
{ACAD_REACTORS
330
D
102
}
330
D
100
AcDbGroup
300

 70
     1
 71
     1
340
90F
340
910
340
911
340
914
340
913
340
903
340
904
340
90D
340
90A
340
909
340
908
340
907
340
906
340
905
340
916
340
912
340
90E
340
90C
340
90B
  0
GROUP
  5
9AE
102
{ACAD_REACTORS
330
D
102
}
330
D
100
AcDbGroup
300

 70
     1
 71
     1
340
9A8
340
9A9
340
9AC
340
9AD
340
9AB
340
9AA
  0
GROUP
  5
9C6
102
{ACAD_REACTORS
330
D
102
}
330
D
100
AcDbGroup
300

 70
     1
 71
     1
340
8CD
340
9C4
340
446
340
43F
340
444
340
448
340
44A
340
447
  0
GROUP
  5
A90
102
{ACAD_REACTORS
330
D
102
}
330
D
100
AcDbGroup
300

 70
     1
 71
     1
340
A8B
340
A89
340
A8E
  0
GROUP
  5
9C7
102
{ACAD_REACTORS
330
D
102
}
330
D
100
AcDbGroup
300

 70
     1
 71
     1
340
8D9
340
8D8
340
9C5
340
8DC
340
911
340
914
340
913
340
903
340
904
340
90D
340
90A
340
909
340
908
340
907
340
906
340
905
340
916
340
912
340
90E
340
90F
340
910
340
90C
340
90B
  0
GROUP
  5
9C9
102
{ACAD_REACTORS
330
D
102
}
330
D
100
AcDbGroup
300

 70
     1
 71
     1
340
91E
340
91D
340
91A
340
9C8
340
990
340
923
  0
GROUP
  5
9DF
102
{ACAD_REACTORS
330
D
102
}
330
D
100
AcDbGroup
300

 70
     1
 71
     1
340
9DE
340
9D9
340
9DB
  0
GROUP
  5
9E9
102
{ACAD_REACTORS
330
D
102
}
330
D
100
AcDbGroup
300

 70
     1
 71
     1
340
9E5
340
9E4
340
9E8
340
9E6
340
9E3
  0
GROUP
  5
A4A
102
{ACAD_REACTORS
330
D
102
}
330
D
100
AcDbGroup
300

 70
     1
 71
     1
340
A49
340
A48
340
A47
340
A46
340
A45
340
A44
340
A43
  0
GROUP
  5
A83
102
{ACAD_REACTORS
330
D
102
}
330
D
100
AcDbGroup
300

 70
     1
 71
     1
340
A52
340
A4D
340
A4C
340
A4B
340
A55
340
A54
340
A53
340
A58
340
A57
340
A56
340
A4E
340
A50
340
A4F
340
A51
340
A59
  0
GROUP
  5
A84
102
{ACAD_REACTORS
330
D
102
}
330
D
100
AcDbGroup
300

 70
     1
 71
     1
340
A5A
340
A52
340
A4D
340
A4C
340
A4B
340
A55
340
A54
340
A53
340
A58
340
A57
340
A56
340
A4E
340
A50
340
A4F
340
A51
340
A59
340
A6B
340
A5F
340
A5C
340
A6D
340
A6C
340
A67
340
A66
340
A62
340
A61
340
A60
340
A5B
340
A48
340
A49
340
A47
340
A46
340
A45
340
A44
340
A43
340
A64
340
A63
340
A65
340
A5E
340
A72
340
A71
340
A70
340
A6F
340
A6E
340
A6A
340
A69
340
A68
340
A75
340
A74
340
A73
340
A5D
  0
GROUP
  5
A8D
102
{ACAD_REACTORS
330
D
102
}
330
D
100
AcDbGroup
300

 70
     1
 71
     1
340
A8B
340
A89
  0
GROUP
  5
A8F
102
{ACAD_REACTORS
330
D
102
}
330
D
100
AcDbGroup
300

 70
     1
 71
     1
340
460
340
461
340
462
340
45B
340
46E
340
46D
340
450
340
465
340
452
340
466
340
467
340
463
340
453
340
464
  0
GROUP
  5
8D7
102
{ACAD_REACTORS
330
D
102
}
330
D
100
AcDbGroup
300

 70
     1
 71
     1
340
8CD
  0
GROUP
  5
39A
102
{ACAD_REACTORS
330
D
102
}
330
D
100
AcDbGroup
300

 70
     1
 71
     1
340
395
340
394
340
398
340
393
340
397
340
399
340
396
  0
GROUP
  5
AA2
102
{ACAD_REACTORS
330
D
102
}
330
D
100
AcDbGroup
300

 70
     1
 71
     1
340
AA0
340
A9F
  0
GROUP
  5
AA3
102
{ACAD_REACTORS
330
D
102
}
330
D
100
AcDbGroup
300

 70
     1
 71
     1
340
A9E
340
AA1
  0
GROUP
  5
AA6
102
{ACAD_REACTORS
330
D
102
}
330
D
100
AcDbGroup
300

 70
     1
 71
     1
340
A9F
340
AA0
340
AA4
  0
GROUP
  5
AA7
102
{ACAD_REACTORS
330
D
102
}
330
D
100
AcDbGroup
300

 70
     1
 71
     1
340
A9E
340
AA1
340
AA5
  0
GROUP
  5
ABE
102
{ACAD_REACTORS
330
D
102
}
330
D
100
AcDbGroup
300

 70
     1
 71
     1
340
3DD
340
3DC
340
3DB
340
3DA
340
3D9
340
3D8
  0
LAYOUT
  5
D3
102
{ACAD_REACTORS
330
1A
102
}
330
1A
100
AcDbPlotSettings
  1

  2
DWG To PDF.pc3
  4
ISO_full_bleed_A4_(297.00_x_210.00_MM)
  6

 40
0.0
 41
0.0
 42
0.0
 43
0.0
 44
297.0
 45
210.0
 46
0.0
 47
0.0
 48
-0.0447615522646174
 49
0.0254945110475546
140
296.6632304272462
141
209.8225672660233
142
1.0
143
1.0
 70
   688
 72
     1
 73
     0
 74
     4
  7
monochrome.ctb
 75
    16
147
1.0
 76
     0
 77
     2
 78
   300
148
0.0447615522646174
149
-0.0254945110475546
100
AcDbLayout
  1
Layout1
 70
     0
 71
     1
 10
-0.0447615522646174
 20
0.0254945110475546
 11
296.9552384477354
 21
210.0254945110476
 12
0.0
 22
0.0
 32
0.0
 14
7.601175114382158
 24
1.374157946925834
 34
-0.0000000349181948
 15
242.2701654328723
 25
206.2992638491965
 35
0.0000000814935746
146
0.0
 13
0.0
 23
0.0
 33
0.0
 16
1.0
 26
0.0
 36
0.0
 17
0.0
 27
1.0
 37
0.0
 76
     0
330
D2
331
41E
1001
ACAD_PSEXT
1000
DWG To PDF.pc3
1000
DWG To PDF
1000
File
1000

1070
     0
  0
LAYOUT
  5
D7
102
{ACAD_REACTORS
330
1A
102
}
330
1A
100
AcDbPlotSettings
  1

  2
none_device
  4
ISO_A4_(210.00_x_297.00_MM)
  6

 40
7.5
 41
20.0
 42
7.5
 43
20.0
 44
210.0
 45
297.0
 46
0.0
 47
0.0
 48
0.0
 49
0.0
140
0.0
141
0.0
142
1.0
143
1.0
 70
   688
 72
     1
 73
     1
 74
     5
  7

 75
    16
147
1.0
 76
     0
 77
     2
 78
   300
148
0.0
149
0.0
100
AcDbLayout
  1
Layout2
 70
     1
 71
     2
 10
-20.0
 20
-7.5
 11
277.0
 21
202.5
 12
0.0
 22
0.0
 32
0.0
 14
25.69999999999999
 24
19.5
 34
0.0
 15
231.3
 25
175.5
 35
0.0
146
0.0
 13
0.0
 23
0.0
 33
0.0
 16
1.0
 26
0.0
 36
0.0
 17
0.0
 27
1.0
 37
0.0
 76
     0
330
D6
331
BD7
1001
ACAD_PSEXT
1000
None
1000
None
1000
Not applicable
1000
The layout will not be plotted unless a new plotter configuration name is selected.
1070
     0
  0
LAYOUT
  5
22
102
{ACAD_XDICTIONARY
360
205
102
}
102
{ACAD_REACTORS
330
1A
102
}
330
1A
100
AcDbPlotSettings
  1

  2
none_device
  4
ISO_A4_(210.00_x_297.00_MM)
  6

 40
7.5
 41
20.0
 42
7.5
 43
20.0
 44
210.0
 45
297.0
 46
11.54999923706054
 47
-13.65000009536743
 48
0.0
 49
0.0
140
0.0
141
0.0
142
1.0
143
8.704084754739808
 70
 11952
 72
     1
 73
     0
 74
     0
  7

 75
     0
147
0.1148885871608098
 76
     0
 77
     2
 78
   300
148
0.0
149
0.0
100
AcDbLayout
  1
Model
 70
     1
 71
     0
 10
0.0
 20
0.0
 11
12.0
 21
9.0
 12
0.0
 22
0.0
 32
0.0
 14
0.0
 24
0.0
 34
0.0
 15
0.0
 25
0.0
 35
0.0
146
0.0
 13
0.0
 23
0.0
 33
0.0
 16
1.0
 26
0.0
 36
0.0
 17
0.0
 27
1.0
 37
0.0
 76
     0
330
1F
331
EA
1001
ACAD_PSEXT
1000
None
1000
None
1000
Not applicable
1000
The layout will not be plotted unless a new plotter configuration name is selected.
1070
     0
  0
MATERIAL
  5
ED
102
{ACAD_XDICTIONARY
360
1F9
102
}
102
{ACAD_REACTORS
330
6A
102
}
330
6A
100
AcDbMaterial
  1
ByBlock
 94
       63
  0
MATERIAL
  5
EC
102
{ACAD_XDICTIONARY
360
1F7
102
}
102
{ACAD_REACTORS
330
6A
102
}
330
6A
100
AcDbMaterial
  1
ByLayer
 94
       63
  0
MATERIAL
  5
EE
102
{ACAD_XDICTIONARY
360
173
102
}
102
{ACAD_REACTORS
330
6A
102
}
330
6A
100
AcDbMaterial
  1
Global
 43
0.0007999999797903
 43
0.0
 43
0.0
 43
0.0
 43
0.0
 43
0.0007999999797903
 43
0.0
 43
0.0
 43
0.0
 43
0.0
 43
1.0
 43
0.0
 43
0.0
 43
0.0
 43
0.0
 43
1.0
 49
0.0007999999797903
 49
0.0
 49
0.0
 49
0.0
 49
0.0
 49
0.0007999999797903
 49
0.0
 49
0.0
 49
0.0
 49
0.0
 49
1.0
 49
0.0
 49
0.0
 49
0.0
 49
0.0
 49
1.0
142
0.0007999999797903
142
0.0
142
0.0
142
0.0
142
0.0
142
0.0007999999797903
142
0.0
142
0.0
142
0.0
142
0.0
142
1.0
142
0.0
142
0.0
142
0.0
142
0.0
142
1.0
144
0.0007999999797903
144
0.0
144
0.0
144
0.0
144
0.0
144
0.0007999999797903
144
0.0
144
0.0
144
0.0
144
0.0
144
1.0
144
0.0
144
0.0
144
0.0
144
0.0
144
1.0
 94
       63
1001
ACAD
1070
    -1
1070
     3
1070
     0
1000

1071
        0
1070
     0
  0
MLEADERSTYLE
  5
13B
102
{ACAD_REACTORS
330
12D
102
}
330
12D
100
AcDbMLeaderStyle
179
     2
170
     2
171
     1
172
     0
 90
        2
 40
0.0
 41
0.0
173
     1
 91
-1056964608
340
14
 92
       -2
290
     1
 42
2.0
291
     1
 43
8.0
  3
Standard
 44
4.0
300

342
11
174
     1
178
     1
175
     1
176
     0
 93
-1056964608
 45
4.0
292
     0
297
     0
 46
4.0
 94
-1056964608
 47
1.0
 49
1.0
140
1.0
293
     1
141
0.0
294
     1
177
     0
142
1.0
295
     0
296
     1
143
3.75
271
     0
272
     9
273
     9
298
     0
  0
MLEADERSTYLE
  5
12E
102
{ACAD_REACTORS
330
12D
102
}
330
12D
100
AcDbMLeaderStyle
179
     2
170
     2
171
     1
172
     0
 90
        2
 40
0.0
 41
0.0
173
     1
 91
-1056964608
340
14
 92
       -2
290
     1
 42
2.0
291
     1
 43
8.0
  3
Standard
 44
4.0
300

342
11
174
     1
178
     1
175
     1
176
     0
 93
-1056964608
 45
4.0
292
     0
297
     0
 46
4.0
 94
-1056964608
 47
1.0
 49
1.0
140
1.0
293
     1
141
0.0
294
     1
177
     0
142
1.0
295
     0
296
     0
143
3.75
271
     0
272
     9
273
     9
298
     0
  0
MLINESTYLE
  5
18
102
{ACAD_REACTORS
330
17
102
}
330
17
100
AcDbMlineStyle
  2
STANDARD
 70
     0
  3

 62
   256
 51
90.0
 52
90.0
 71
     2
 49
0.5
 62
   256
  6
BYLAYER
 49
-0.5
 62
   256
  6
BYLAYER
  0
ACDBPLACEHOLDER
  5
F
102
{ACAD_REACTORS
330
E
102
}
330
E
  0
SCALE
  5
10D
102
{ACAD_REACTORS
330
10C
102
}
330
10C
100
AcDbScale
 70
     0
300
1:1
140
1.0
141
1.0
290
     1
  0
SCALE
  5
C44
102
{ACAD_REACTORS
330
10C
102
}
330
10C
100
AcDbScale
 70
     0
300
1:1.5
140
1.0
141
1.5
290
     0
  0
SCALE
  5
C45
102
{ACAD_REACTORS
330
10C
102
}
330
10C
100
AcDbScale
 70
     0
300
1:2
140
1.0
141
2.0
290
     0
  0
SCALE
  5
C46
102
{ACAD_REACTORS
330
10C
102
}
330
10C
100
AcDbScale
 70
     0
300
1:4
140
1.0
141
4.0
290
     0
  0
SCALE
  5
C47
102
{ACAD_REACTORS
330
10C
102
}
330
10C
100
AcDbScale
 70
     0
300
1:5
140
1.0
141
5.0
290
     0
  0
SCALE
  5
C48
102
{ACAD_REACTORS
330
10C
102
}
330
10C
100
AcDbScale
 70
     0
300
1:8
140
1.0
141
8.0
290
     0
  0
SCALE
  5
C49
102
{ACAD_REACTORS
330
10C
102
}
330
10C
100
AcDbScale
 70
     0
300
1:10
140
1.0
141
10.0
290
     0
  0
SCALE
  5
C4A
102
{ACAD_REACTORS
330
10C
102
}
330
10C
100
AcDbScale
 70
     0
300
1:16
140
1.0
141
16.0
290
     0
  0
SCALE
  5
C4B
102
{ACAD_REACTORS
330
10C
102
}
330
10C
100
AcDbScale
 70
     0
300
1:20
140
1.0
141
20.0
290
     0
  0
SCALE
  5
C4C
102
{ACAD_REACTORS
330
10C
102
}
330
10C
100
AcDbScale
 70
     0
300
1:30
140
1.0
141
30.0
290
     0
  0
SCALE
  5
C4D
102
{ACAD_REACTORS
330
10C
102
}
330
10C
100
AcDbScale
 70
     0
300
1:40
140
1.0
141
40.0
290
     0
  0
SCALE
  5
C4E
102
{ACAD_REACTORS
330
10C
102
}
330
10C
100
AcDbScale
 70
     0
300
1:50
140
1.0
141
50.0
290
     0
  0
SCALE
  5
C4F
102
{ACAD_REACTORS
330
10C
102
}
330
10C
100
AcDbScale
 70
     0
300
1:100
140
1.0
141
100.0
290
     0
  0
SCALE
  5
C50
102
{ACAD_REACTORS
330
10C
102
}
330
10C
100
AcDbScale
 70
     0
300
2:1
140
2.0
141
1.0
290
     0
  0
SCALE
  5
C51
102
{ACAD_REACTORS
330
10C
102
}
330
10C
100
AcDbScale
 70
     0
300
4:1
140
4.0
141
1.0
290
     0
  0
SCALE
  5
C52
102
{ACAD_REACTORS
330
10C
102
}
330
10C
100
AcDbScale
 70
     0
300
8:1
140
8.0
141
1.0
290
     0
  0
SCALE
  5
C53
102
{ACAD_REACTORS
330
10C
102
}
330
10C
100
AcDbScale
 70
     0
300
10:1
140
10.0
141
1.0
290
     0
  0
SCALE
  5
C54
102
{ACAD_REACTORS
330
10C
102
}
330
10C
100
AcDbScale
 70
     0
300
100:1
140
100.0
141
1.0
290
     0
  0
ACDBSECTIONVIEWSTYLE
  5
21A
102
{ACAD_REACTORS
330
219
102
}
330
219
100
AcDbModelDocViewStyle
 70
     0
  3
Metric50
290
     0
300
Metric50
 90
        0
100
AcDbSectionViewStyle
 70
     0
 71
     0
 90
      102
 71
     1
340
11
 62
   256
 40
5.0
340
0
340
0
 62
   256
 40
5.0
300
I, O, Q, S, X, Z
 40
10.0
 90
        0
 40
2.5
 90
        0
 71
     2
340
16
 90
       25
 62
   256
340
16
 90
       50
 62
   256
 40
5.0
 40
2.5
 40
5.0
 71
     3
340
11
 62
   256
 40
5.0
 90
        0
 40
15.0
 90
        1
300
%<\AcVar ViewSectionStartId>%-%<\AcVar ViewSectionEndId>% (%<\AcVar ViewScale \f "%sn">%)
 71
     4
 62
   256
 62
   257
300
ANSI31
 40
1.0
 90
        0
290
     0
290
     0
 90
        6
 40
0.0
 40
1.570796326794896
 40
0.2617993877991494
 40
1.308996938995747
 40
-0.2617993877991494
 40
1.832595714594046
  0
TABLESTYLE
  5
7F
102
{ACAD_XDICTIONARY
360
162
102
}
102
{ACAD_REACTORS
330
7E
102
}
330
7E
100
AcDbTableStyle
280
     0
  3
Standard
 70
     0
 71
     0
 40
1.5
 41
1.5
280
     0
281
     0
  7
Standard
140
4.5
170
     2
 62
     0
 63
     7
283
     0
 90
      512
 91
        0
  1

274
    -2
284
     1
 64
     0
275
    -2
285
     1
 65
     0
276
    -2
286
     1
 66
     0
277
    -2
287
     1
 67
     0
278
    -2
288
     1
 68
     0
279
    -2
289
     1
 69
     0
  7
Standard
140
6.0
170
     5
 62
     0
 63
     7
283
     0
 90
      512
 91
        0
  1

274
    -2
284
     1
 64
     0
275
    -2
285
     1
 65
     0
276
    -2
286
     1
 66
     0
277
    -2
287
     1
 67
     0
278
    -2
288
     1
 68
     0
279
    -2
289
     1
 69
     0
  7
Standard
140
4.5
170
     5
 62
     0
 63
     7
283
     0
 90
      512
 91
        0
  1

274
    -2
284
     1
 64
     0
275
    -2
285
     1
 65
     0
276
    -2
286
     1
 66
     0
277
    -2
287
     1
 67
     0
278
    -2
288
     1
 68
     0
279
    -2
289
     1
 69
     0
  0
VISUALSTYLE
  5
F5
102
{ACAD_REACTORS
330
EF
102
}
330
EF
100
AcDbVisualStyle
  2
2dWireframe
 70
     4
177
     3
291
     0
 70
    58
 90
        0
176
     1
 90
        2
176
     1
 90
        1
176
     1
 90
        0
176
     1
 40
0.6
176
     1
 40
30.0
176
     1
 62
     7
420
 16777215
176
     1
 90
        1
176
     1
 90
        4
176
     1
 62
     7
176
     1
 62
   257
176
     1
 90
        1
176
     1
 90
        1
176
     1
 40
1.0
176
     1
 90
        0
176
     1
 62
   257
176
     1
 40
1.0
176
     1
 90
        1
176
     1
 90
        6
176
     1
 90
        2
176
     1
 62
     7
176
     1
 90
        5
176
     1
 90
        0
176
     1
 90
        0
176
     1
290
     0
176
     1
 90
        1
176
     1
 40
0.0
176
     1
 90
        0
176
     1
290
     1
176
     1
290
     1
176
     1
290
     0
176
     1
290
     0
176
     1
290
     0
176
     1
290
     0
176
     1
290
     0
176
     1
290
     0
176
     1
290
     0
176
     1
 90
       50
176
     1
 40
0.0
176
     1
 40
1.0
176
     1
 90
        0
176
     1
 62
    18
420
        0
176
     1
 90
       50
176
     1
 90
        3
176
     1
 62
     5
420
      255
176
     1
290
     0
176
     1
 90
       50
176
     1
 90
       50
176
     1
 90
       50
176
     1
290
     0
176
     1
 90
       50
176
     1
 62
   256
176
     0
 40
1.0
176
     0
 90
        2
176
     1
  1
strokes_ogs.tif
176
     1
290
     0
176
     1
 40
1.0
176
     1
 40
1.0
176
     1
  0
VISUALSTYLE
  5
F4
102
{ACAD_REACTORS
330
EF
102
}
330
EF
100
AcDbVisualStyle
  2
Basic
 70
     7
177
     3
291
     1
 70
    58
 90
        1
176
     1
 90
        0
176
     1
 90
        1
176
     1
 90
        0
176
     1
 40
0.6
176
     1
 40
30.0
176
     1
 62
     7
420
 16777215
176
     1
 90
        0
176
     1
 90
        4
176
     1
 62
     7
176
     1
 62
   257
176
     1
 90
        1
176
     1
 90
        1
176
     1
 40
1.0
176
     1
 90
        8
176
     1
 62
     7
176
     1
 40
1.0
176
     1
 90
        1
176
     1
 90
        6
176
     1
 90
        2
176
     1
 62
     7
176
     1
 90
        5
176
     1
 90
        0
176
     1
 90
        0
176
     1
290
     0
176
     1
 90
        1
176
     1
 40
0.0
176
     1
 90
        0
176
     1
290
     0
176
     1
290
     1
176
     1
290
     1
176
     1
290
     0
176
     1
290
     0
176
     1
290
     0
176
     1
290
     0
176
     1
290
     0
176
     1
290
     0
176
     1
 90
       50
176
     1
 40
0.0
176
     1
 40
1.0
176
     1
 90
        0
176
     1
 62
    18
420
        0
176
     1
 90
       50
176
     1
 90
        3
176
     1
 62
     5
420
      255
176
     1
290
     0
176
     1
 90
       50
176
     1
 90
       50
176
     1
 90
       50
176
     1
290
     0
176
     1
 90
       50
176
     1
 62
   256
176
     0
 40
1.0
176
     0
 90
        2
176
     1
  1
strokes_ogs.tif
176
     1
290
     0
176
     1
 40
1.0
176
     1
 40
1.0
176
     1
  0
VISUALSTYLE
  5
FB
102
{ACAD_REACTORS
330
EF
102
}
330
EF
100
AcDbVisualStyle
  2
Brighten
 70
    12
177
     3
291
     1
 70
    58
 90
        2
176
     1
 90
        2
176
     1
 90
        1
176
     1
 90
        0
176
     1
 40
0.6
176
     1
 40
30.0
176
     1
 62
     7
420
 16777215
176
     1
 90
        1
176
     1
 90
        4
176
     1
 62
     7
176
     1
 62
   257
176
     1
 90
        1
176
     1
 90
        1
176
     1
 40
1.0
176
     1
 90
        8
176
     1
 62
     7
176
     1
 40
1.0
176
     1
 90
        1
176
     1
 90
        6
176
     1
 90
        2
176
     1
 62
     7
176
     1
 90
        5
176
     1
 90
        0
176
     1
 90
        0
176
     1
290
     0
176
     1
 90
        1
176
     1
 40
50.0
176
     1
 90
        0
176
     1
290
     0
176
     1
290
     1
176
     1
290
     1
176
     1
290
     0
176
     1
290
     0
176
     1
290
     0
176
     1
290
     0
176
     1
290
     0
176
     1
290
     0
176
     1
 90
       50
176
     1
 40
0.0
176
     1
 40
1.0
176
     1
 90
        0
176
     1
 62
    18
420
        0
176
     1
 90
       50
176
     1
 90
        3
176
     1
 62
     5
420
      255
176
     1
290
     0
176
     1
 90
       50
176
     1
 90
       50
176
     1
 90
       50
176
     1
290
     0
176
     1
 90
       50
176
     1
 62
   256
176
     0
 40
1.0
176
     0
 90
        2
176
     1
  1
strokes_ogs.tif
176
     1
290
     0
176
     1
 40
1.0
176
     1
 40
1.0
176
     1
  0
VISUALSTYLE
  5
FF
102
{ACAD_REACTORS
330
EF
102
}
330
EF
100
AcDbVisualStyle
  2
ColorChange
 70
    16
177
     3
291
     1
 70
    58
 90
        2
176
     1
 90
        2
176
     1
 90
        3
176
     1
 90
        0
176
     1
 40
0.6
176
     1
 40
30.0
176
     1
 62
     8
420
  8421504
176
     1
 90
        1
176
     1
 90
        4
176
     1
 62
     7
176
     1
 62
   257
176
     1
 90
        1
176
     1
 90
        1
176
     1
 40
1.0
176
     1
 90
        8
176
     1
 62
     8
420
  8421504
176
     1
 40
1.0
176
     1
 90
        1
176
     1
 90
        6
176
     1
 90
        2
176
     1
 62
     7
176
     1
 90
        5
176
     1
 90
        0
176
     1
 90
        0
176
     1
290
     0
176
     1
 90
        1
176
     1
 40
0.0
176
     1
 90
        0
176
     1
290
     0
176
     1
290
     1
176
     1
290
     1
176
     1
290
     0
176
     1
290
     0
176
     1
290
     0
176
     1
290
     0
176
     1
290
     0
176
     1
290
     0
176
     1
 90
       50
176
     1
 40
0.0
176
     1
 40
1.0
176
     1
 90
        0
176
     1
 62
    18
420
        0
176
     1
 90
       50
176
     1
 90
        3
176
     1
 62
     5
420
      255
176
     1
290
     0
176
     1
 90
       50
176
     1
 90
       50
176
     1
 90
       50
176
     1
290
     0
176
     1
 90
       50
176
     1
 62
   256
176
     0
 40
1.0
176
     0
 90
        2
176
     1
  1
strokes_ogs.tif
176
     1
290
     0
176
     1
 40
1.0
176
     1
 40
1.0
176
     1
  0
VISUALSTYLE
  5
F8
102
{ACAD_REACTORS
330
EF
102
}
330
EF
100
AcDbVisualStyle
  2
Conceptual
 70
     9
177
     3
291
     0
 70
    58
 90
        3
176
     1
 90
        2
176
     1
 90
        1
176
     1
 90
        0
176
     1
 40
0.6
176
     1
 40
30.0
176
     1
 62
     7
420
 16777215
176
     1
 90
        2
176
     1
 90
        2
176
     1
 62
     7
176
     1
 62
   257
176
     1
 90
        1
176
     1
 90
        1
176
     1
 40
40.0
176
     1
 90
        8
176
     1
 62
     7
176
     1
 40
1.0
176
     1
 90
        1
176
     1
 90
        6
176
     1
 90
        2
176
     1
 62
     7
176
     1
 90
        3
176
     1
 90
        0
176
     1
 90
        0
176
     1
290
     0
176
     1
 90
        1
176
     1
 40
0.0
176
     1
 90
        0
176
     1
290
     0
176
     1
290
     1
176
     1
290
     1
176
     1
290
     0
176
     1
290
     0
176
     1
290
     0
176
     1
290
     0
176
     1
290
     0
176
     1
290
     0
176
     1
 90
       50
176
     1
 40
0.0
176
     1
 40
1.0
176
     1
 90
        0
176
     1
 62
    18
420
        0
176
     1
 90
       50
176
     1
 90
        3
176
     1
 62
     5
420
      255
176
     1
290
     0
176
     1
 90
       50
176
     1
 90
       50
176
     1
 90
       50
176
     1
290
     0
176
     1
 90
       50
176
     1
 62
   256
176
     0
 40
1.0
176
     0
 90
        2
176
     1
  1
strokes_ogs.tif
176
     1
290
     0
176
     1
 40
1.0
176
     1
 40
1.0
176
     1
  0
VISUALSTYLE
  5
FA
102
{ACAD_REACTORS
330
EF
102
}
330
EF
100
AcDbVisualStyle
  2
Dim
 70
    11
177
     3
291
     1
 70
    58
 90
        2
176
     1
 90
        2
176
     1
 90
        1
176
     1
 90
        0
176
     1
 40
0.6
176
     1
 40
30.0
176
     1
 62
     7
420
 16777215
176
     1
 90
        1
176
     1
 90
        4
176
     1
 62
     7
176
     1
 62
   257
176
     1
 90
        1
176
     1
 90
        1
176
     1
 40
1.0
176
     1
 90
        8
176
     1
 62
     7
176
     1
 40
1.0
176
     1
 90
        1
176
     1
 90
        6
176
     1
 90
        2
176
     1
 62
     7
176
     1
 90
        5
176
     1
 90
        0
176
     1
 90
        0
176
     1
290
     0
176
     1
 90
        1
176
     1
 40
-50.0
176
     1
 90
        0
176
     1
290
     0
176
     1
290
     1
176
     1
290
     1
176
     1
290
     0
176
     1
290
     0
176
     1
290
     0
176
     1
290
     0
176
     1
290
     0
176
     1
290
     0
176
     1
 90
       50
176
     1
 40
0.0
176
     1
 40
1.0
176
     1
 90
        0
176
     1
 62
    18
420
        0
176
     1
 90
       50
176
     1
 90
        3
176
     1
 62
     5
420
      255
176
     1
290
     0
176
     1
 90
       50
176
     1
 90
       50
176
     1
 90
       50
176
     1
290
     0
176
     1
 90
       50
176
     1
 62
   256
176
     0
 40
1.0
176
     0
 90
        2
176
     1
  1
strokes_ogs.tif
176
     1
290
     0
176
     1
 40
1.0
176
     1
 40
1.0
176
     1
  0
VISUALSTYLE
  5
1E6
102
{ACAD_REACTORS
330
EF
102
}
330
EF
100
AcDbVisualStyle
  2
EdgeColorOff
 70
    22
177
     3
291
     1
 70
    58
 90
        2
176
     0
 90
        2
176
     0
 90
        0
176
     0
 90
        0
176
     0
 40
0.6
176
     0
 40
30.0
176
     0
 62
     7
420
 16777215
176
     0
 90
        1
176
     0
 90
        4
176
     0
 62
     7
176
     0
 62
   257
176
     0
 90
        1
176
     0
 90
        1
176
     0
 40
1.0
176
     0
 90
        8
176
     2
 62
     7
176
     0
 40
1.0
176
     0
 90
        1
176
     0
 90
        6
176
     0
 90
        2
176
     0
 62
     7
176
     0
 90
        5
176
     0
 90
        0
176
     0
 90
        0
176
     0
290
     0
176
     0
 90
        1
176
     0
 40
0.0
176
     0
 90
        0
176
     0
290
     0
176
     1
290
     1
176
     1
290
     1
176
     1
290
     0
176
     1
290
     0
176
     1
290
     0
176
     1
290
     0
176
     1
290
     0
176
     1
290
     0
176
     1
 90
       50
176
     1
 40
0.0
176
     1
 40
1.0
176
     1
 90
        0
176
     1
 62
    18
420
        0
176
     1
 90
       50
176
     1
 90
        3
176
     1
 62
     5
420
      255
176
     1
290
     0
176
     1
 90
       50
176
     1
 90
       50
176
     1
 90
       50
176
     1
290
     0
176
     1
 90
       50
176
     1
 62
   256
176
     0
 40
1.0
176
     0
 90
        2
176
     1
  1
strokes_ogs.tif
176
     1
290
     0
176
     1
 40
1.0
176
     1
 40
1.0
176
     1
  0
VISUALSTYLE
  5
FE
102
{ACAD_REACTORS
330
EF
102
}
330
EF
100
AcDbVisualStyle
  2
Facepattern
 70
    15
177
     3
291
     1
 70
    58
 90
        2
176
     1
 90
        2
176
     1
 90
        1
176
     1
 90
        0
176
     1
 40
0.6
176
     1
 40
30.0
176
     1
 62
     7
420
 16777215
176
     1
 90
        1
176
     1
 90
        4
176
     1
 62
     7
176
     1
 62
   257
176
     1
 90
        1
176
     1
 90
        1
176
     1
 40
1.0
176
     1
 90
        8
176
     1
 62
     7
176
     1
 40
1.0
176
     1
 90
        1
176
     1
 90
        6
176
     1
 90
        2
176
     1
 62
     7
176
     1
 90
        5
176
     1
 90
        0
176
     1
 90
        0
176
     1
290
     0
176
     1
 90
        1
176
     1
 40
0.0
176
     1
 90
        0
176
     1
290
     0
176
     1
290
     1
176
     1
290
     1
176
     1
290
     0
176
     1
290
     0
176
     1
290
     0
176
     1
290
     0
176
     1
290
     0
176
     1
290
     0
176
     1
 90
       50
176
     1
 40
0.0
176
     1
 40
1.0
176
     1
 90
        0
176
     1
 62
    18
420
        0
176
     1
 90
       50
176
     1
 90
        3
176
     1
 62
     5
420
      255
176
     1
290
     0
176
     1
 90
       50
176
     1
 90
       50
176
     1
 90
       50
176
     1
290
     0
176
     1
 90
       50
176
     1
 62
   256
176
     0
 40
1.0
176
     0
 90
        2
176
     1
  1
strokes_ogs.tif
176
     1
290
     0
176
     1
 40
1.0
176
     1
 40
1.0
176
     1
  0
VISUALSTYLE
  5
F0
102
{ACAD_REACTORS
330
EF
102
}
330
EF
100
AcDbVisualStyle
  2
Flat
 70
     0
177
     3
291
     1
 70
    58
 90
        2
176
     1
 90
        1
176
     1
 90
        1
176
     1
 90
        2
176
     1
 40
0.6
176
     1
 40
30.0
176
     1
 62
     7
420
 16777215
176
     1
 90
        0
176
     1
 90
        0
176
     1
 62
     7
176
     1
 62
   257
176
     1
 90
        1
176
     1
 90
        1
176
     1
 40
1.0
176
     1
 90
        8
176
     1
 62
     7
176
     1
 40
1.0
176
     1
 90
        1
176
     1
 90
        6
176
     1
 90
        2
176
     1
 62
     7
176
     1
 90
        5
176
     1
 90
        0
176
     1
 90
        0
176
     1
290
     0
176
     1
 90
       13
176
     1
 40
0.0
176
     1
 90
        0
176
     1
290
     0
176
     1
290
     1
176
     1
290
     1
176
     1
290
     0
176
     1
290
     0
176
     1
290
     0
176
     1
290
     0
176
     1
290
     0
176
     1
290
     0
176
     1
 90
       50
176
     1
 40
0.0
176
     1
 40
1.0
176
     1
 90
        0
176
     1
 62
    18
420
        0
176
     1
 90
       50
176
     1
 90
        3
176
     1
 62
     5
420
      255
176
     1
290
     0
176
     1
 90
       50
176
     1
 90
       50
176
     1
 90
       50
176
     1
290
     0
176
     1
 90
       50
176
     1
 62
   256
176
     0
 40
1.0
176
     0
 90
        2
176
     1
  1
strokes_ogs.tif
176
     1
290
     0
176
     1
 40
1.0
176
     1
 40
1.0
176
     1
  0
VISUALSTYLE
  5
F1
102
{ACAD_REACTORS
330
EF
102
}
330
EF
100
AcDbVisualStyle
  2
FlatWithEdges
 70
     1
177
     3
291
     1
 70
    58
 90
        2
176
     1
 90
        1
176
     1
 90
        1
176
     1
 90
        2
176
     1
 40
0.6
176
     1
 40
30.0
176
     1
 62
     7
420
 16777215
176
     1
 90
        1
176
     1
 90
        0
176
     1
 62
     7
176
     1
 62
   257
176
     1
 90
        1
176
     1
 90
        1
176
     1
 40
1.0
176
     1
 90
        0
176
     1
 62
   257
176
     1
 40
1.0
176
     1
 90
        1
176
     1
 90
        6
176
     1
 90
        2
176
     1
 62
     7
176
     1
 90
        5
176
     1
 90
        0
176
     1
 90
        0
176
     1
290
     0
176
     1
 90
       13
176
     1
 40
0.0
176
     1
 90
        0
176
     1
290
     0
176
     1
290
     1
176
     1
290
     1
176
     1
290
     0
176
     1
290
     0
176
     1
290
     0
176
     1
290
     0
176
     1
290
     0
176
     1
290
     0
176
     1
 90
       50
176
     1
 40
0.0
176
     1
 40
1.0
176
     1
 90
        0
176
     1
 62
    18
420
        0
176
     1
 90
       50
176
     1
 90
        3
176
     1
 62
     5
420
      255
176
     1
290
     0
176
     1
 90
       50
176
     1
 90
       50
176
     1
 90
       50
176
     1
290
     0
176
     1
 90
       50
176
     1
 62
   256
176
     0
 40
1.0
176
     0
 90
        2
176
     1
  1
strokes_ogs.tif
176
     1
290
     0
176
     1
 40
1.0
176
     1
 40
1.0
176
     1
  0
VISUALSTYLE
  5
F2
102
{ACAD_REACTORS
330
EF
102
}
330
EF
100
AcDbVisualStyle
  2
Gouraud
 70
     2
177
     3
291
     1
 70
    58
 90
        2
176
     1
 90
        2
176
     1
 90
        1
176
     1
 90
        2
176
     1
 40
0.6
176
     1
 40
30.0
176
     1
 62
     7
420
 16777215
176
     1
 90
        0
176
     1
 90
        0
176
     1
 62
     7
176
     1
 62
   257
176
     1
 90
        1
176
     1
 90
        1
176
     1
 40
1.0
176
     1
 90
        0
176
     1
 62
     7
176
     1
 40
1.0
176
     1
 90
        1
176
     1
 90
        6
176
     1
 90
        2
176
     1
 62
     7
176
     1
 90
        5
176
     1
 90
        0
176
     1
 90
        0
176
     1
290
     0
176
     1
 90
       13
176
     1
 40
0.0
176
     1
 90
        0
176
     1
290
     0
176
     1
290
     1
176
     1
290
     1
176
     1
290
     0
176
     1
290
     0
176
     1
290
     0
176
     1
290
     0
176
     1
290
     0
176
     1
290
     0
176
     1
 90
       50
176
     1
 40
0.0
176
     1
 40
1.0
176
     1
 90
        0
176
     1
 62
    18
420
        0
176
     1
 90
       50
176
     1
 90
        3
176
     1
 62
     5
420
      255
176
     1
290
     0
176
     1
 90
       50
176
     1
 90
       50
176
     1
 90
       50
176
     1
290
     0
176
     1
 90
       50
176
     1
 62
   256
176
     0
 40
1.0
176
     0
 90
        2
176
     1
  1
strokes_ogs.tif
176
     1
290
     0
176
     1
 40
1.0
176
     1
 40
1.0
176
     1
  0
VISUALSTYLE
  5
F3
102
{ACAD_REACTORS
330
EF
102
}
330
EF
100
AcDbVisualStyle
  2
GouraudWithEdges
 70
     3
177
     3
291
     1
 70
    58
 90
        2
176
     1
 90
        2
176
     1
 90
        1
176
     1
 90
        2
176
     1
 40
0.6
176
     1
 40
30.0
176
     1
 62
     7
420
 16777215
176
     1
 90
        1
176
     1
 90
        0
176
     1
 62
     7
176
     1
 62
   257
176
     1
 90
        1
176
     1
 90
        1
176
     1
 40
1.0
176
     1
 90
        0
176
     1
 62
   257
176
     1
 40
1.0
176
     1
 90
        1
176
     1
 90
        6
176
     1
 90
        2
176
     1
 62
     7
176
     1
 90
        5
176
     1
 90
        0
176
     1
 90
        0
176
     1
290
     0
176
     1
 90
       13
176
     1
 40
0.0
176
     1
 90
        0
176
     1
290
     0
176
     1
290
     1
176
     1
290
     1
176
     1
290
     0
176
     1
290
     0
176
     1
290
     0
176
     1
290
     0
176
     1
290
     0
176
     1
290
     0
176
     1
 90
       50
176
     1
 40
0.0
176
     1
 40
1.0
176
     1
 90
        0
176
     1
 62
    18
420
        0
176
     1
 90
       50
176
     1
 90
        3
176
     1
 62
     5
420
      255
176
     1
290
     0
176
     1
 90
       50
176
     1
 90
       50
176
     1
 90
       50
176
     1
290
     0
176
     1
 90
       50
176
     1
 62
   256
176
     0
 40
1.0
176
     0
 90
        2
176
     1
  1
strokes_ogs.tif
176
     1
290
     0
176
     1
 40
1.0
176
     1
 40
1.0
176
     1
  0
VISUALSTYLE
  5
F7
102
{ACAD_REACTORS
330
EF
102
}
330
EF
100
AcDbVisualStyle
  2
Hidden
 70
     6
177
     3
291
     0
 70
    58
 90
        1
176
     1
 90
        2
176
     1
 90
        2
176
     1
 90
        0
176
     1
 40
0.6
176
     1
 40
30.0
176
     1
 62
     7
420
 16777215
176
     1
 90
        2
176
     1
 90
        2
176
     1
 62
     7
176
     1
 62
   257
176
     1
 90
        2
176
     1
 90
        1
176
     1
 40
40.0
176
     1
 90
        0
176
     1
 62
   257
176
     1
 40
1.0
176
     1
 90
        1
176
     1
 90
        6
176
     1
 90
        2
176
     1
 62
     7
176
     1
 90
        3
176
     1
 90
        0
176
     1
 90
        0
176
     1
290
     0
176
     1
 90
        1
176
     1
 40
0.0
176
     1
 90
        0
176
     1
290
     0
176
     1
290
     1
176
     1
290
     1
176
     1
290
     0
176
     1
290
     0
176
     1
290
     0
176
     1
290
     0
176
     1
290
     0
176
     1
290
     0
176
     1
 90
       50
176
     1
 40
0.0
176
     1
 40
1.0
176
     1
 90
        0
176
     1
 62
    18
420
        0
176
     1
 90
       50
176
     1
 90
        3
176
     1
 62
     5
420
      255
176
     1
290
     0
176
     1
 90
       50
176
     1
 90
       50
176
     1
 90
       50
176
     1
290
     0
176
     1
 90
       50
176
     1
 62
   256
176
     0
 40
1.0
176
     0
 90
        2
176
     1
  1
strokes_ogs.tif
176
     1
290
     0
176
     1
 40
1.0
176
     1
 40
1.0
176
     1
  0
VISUALSTYLE
  5
1E4
102
{ACAD_REACTORS
330
EF
102
}
330
EF
100
AcDbVisualStyle
  2
JitterOff
 70
    20
177
     3
291
     1
 70
    58
 90
        2
176
     0
 90
        2
176
     0
 90
        0
176
     0
 90
        0
176
     0
 40
0.6
176
     0
 40
30.0
176
     0
 62
     7
420
 16777215
176
     0
 90
        1
176
     0
 90
        4
176
     0
 62
     7
176
     0
 62
   257
176
     0
 90
        1
176
     0
 90
        1
176
     0
 40
1.0
176
     0
 90
       10
176
     2
 62
     7
176
     0
 40
1.0
176
     0
 90
        1
176
     0
 90
        6
176
     0
 90
        2
176
     0
 62
     7
176
     0
 90
        5
176
     0
 90
        0
176
     0
 90
        0
176
     0
290
     0
176
     0
 90
        1
176
     0
 40
0.0
176
     0
 90
        0
176
     0
290
     0
176
     1
290
     1
176
     1
290
     1
176
     1
290
     0
176
     1
290
     0
176
     1
290
     0
176
     1
290
     0
176
     1
290
     0
176
     1
290
     0
176
     1
 90
       50
176
     1
 40
0.0
176
     1
 40
1.0
176
     1
 90
        0
176
     1
 62
    18
420
        0
176
     1
 90
       50
176
     1
 90
        3
176
     1
 62
     5
420
      255
176
     1
290
     0
176
     1
 90
       50
176
     1
 90
       50
176
     1
 90
       50
176
     1
290
     0
176
     1
 90
       50
176
     1
 62
   256
176
     0
 40
1.0
176
     0
 90
        2
176
     1
  1
strokes_ogs.tif
176
     1
290
     0
176
     1
 40
1.0
176
     1
 40
1.0
176
     1
  0
VISUALSTYLE
  5
FD
102
{ACAD_REACTORS
330
EF
102
}
330
EF
100
AcDbVisualStyle
  2
Linepattern
 70
    14
177
     3
291
     1
 70
    58
 90
        2
176
     1
 90
        2
176
     1
 90
        1
176
     1
 90
        0
176
     1
 40
0.6
176
     1
 40
30.0
176
     1
 62
     7
420
 16777215
176
     1
 90
        1
176
     1
 90
        4
176
     1
 62
     7
176
     1
 62
   257
176
     1
 90
        7
176
     1
 90
        7
176
     1
 40
1.0
176
     1
 90
        8
176
     1
 62
     7
176
     1
 40
1.0
176
     1
 90
        1
176
     1
 90
        6
176
     1
 90
        2
176
     1
 62
     7
176
     1
 90
        5
176
     1
 90
        0
176
     1
 90
        0
176
     1
290
     0
176
     1
 90
        1
176
     1
 40
0.0
176
     1
 90
        0
176
     1
290
     0
176
     1
290
     1
176
     1
290
     1
176
     1
290
     0
176
     1
290
     0
176
     1
290
     0
176
     1
290
     0
176
     1
290
     0
176
     1
290
     0
176
     1
 90
       50
176
     1
 40
0.0
176
     1
 40
1.0
176
     1
 90
        0
176
     1
 62
    18
420
        0
176
     1
 90
       50
176
     1
 90
        3
176
     1
 62
     5
420
      255
176
     1
290
     0
176
     1
 90
       50
176
     1
 90
       50
176
     1
 90
       50
176
     1
290
     0
176
     1
 90
       50
176
     1
 62
   256
176
     0
 40
1.0
176
     0
 90
        2
176
     1
  1
strokes_ogs.tif
176
     1
290
     0
176
     1
 40
1.0
176
     1
 40
1.0
176
     1
  0
VISUALSTYLE
  5
1E5
102
{ACAD_REACTORS
330
EF
102
}
330
EF
100
AcDbVisualStyle
  2
OverhangOff
 70
    21
177
     3
291
     1
 70
    58
 90
        2
176
     0
 90
        2
176
     0
 90
        0
176
     0
 90
        0
176
     0
 40
0.6
176
     0
 40
30.0
176
     0
 62
     7
420
 16777215
176
     0
 90
        1
176
     0
 90
        4
176
     0
 62
     7
176
     0
 62
   257
176
     0
 90
        1
176
     0
 90
        1
176
     0
 40
1.0
176
     0
 90
        9
176
     2
 62
     7
176
     0
 40
1.0
176
     0
 90
        1
176
     0
 90
        6
176
     0
 90
        2
176
     0
 62
     7
176
     0
 90
        5
176
     0
 90
        0
176
     0
 90
        0
176
     0
290
     0
176
     0
 90
        1
176
     0
 40
0.0
176
     0
 90
        0
176
     0
290
     0
176
     1
290
     1
176
     1
290
     1
176
     1
290
     0
176
     1
290
     0
176
     1
290
     0
176
     1
290
     0
176
     1
290
     0
176
     1
290
     0
176
     1
 90
       50
176
     1
 40
0.0
176
     1
 40
1.0
176
     1
 90
        0
176
     1
 62
    18
420
        0
176
     1
 90
       50
176
     1
 90
        3
176
     1
 62
     5
420
      255
176
     1
290
     0
176
     1
 90
       50
176
     1
 90
       50
176
     1
 90
       50
176
     1
290
     0
176
     1
 90
       50
176
     1
 62
   256
176
     0
 40
1.0
176
     0
 90
        2
176
     1
  1
strokes_ogs.tif
176
     1
290
     0
176
     1
 40
1.0
176
     1
 40
1.0
176
     1
  0
VISUALSTYLE
  5
F9
102
{ACAD_REACTORS
330
EF
102
}
330
EF
100
AcDbVisualStyle
  2
Realistic
 70
     8
177
     3
291
     0
 70
    58
 90
        2
176
     1
 90
        3
176
     1
 90
        0
176
     1
 90
        2
176
     1
 40
0.6
176
     1
 40
30.0
176
     1
 62
     7
420
 16777215
176
     1
 90
        0
176
     1
 90
        0
176
     1
 62
     7
176
     1
 62
   257
176
     1
 90
        1
176
     1
 90
        1
176
     1
 40
1.0
176
     1
 90
        8
176
     1
 62
   257
176
     1
 40
1.0
176
     1
 90
        1
176
     1
 90
        6
176
     1
 90
        2
176
     1
 62
     7
176
     1
 90
        3
176
     1
 90
        0
176
     1
 90
        0
176
     1
290
     0
176
     1
 90
       13
176
     1
 40
0.0
176
     1
 90
        0
176
     1
290
     0
176
     1
290
     1
176
     1
290
     1
176
     1
290
     0
176
     1
290
     0
176
     1
290
     0
176
     1
290
     0
176
     1
290
     0
176
     1
290
     0
176
     1
 90
       50
176
     1
 40
0.0
176
     1
 40
1.0
176
     1
 90
        0
176
     1
 62
    18
420
        0
176
     1
 90
       50
176
     1
 90
        3
176
     1
 62
     5
420
      255
176
     1
290
     0
176
     1
 90
       50
176
     1
 90
       50
176
     1
 90
       50
176
     1
290
     0
176
     1
 90
       50
176
     1
 62
   256
176
     0
 40
1.0
176
     0
 90
        2
176
     1
  1
strokes_ogs.tif
176
     1
290
     0
176
     1
 40
1.0
176
     1
 40
1.0
176
     1
  0
VISUALSTYLE
  5
1F3
102
{ACAD_REACTORS
330
EF
102
}
330
EF
100
AcDbVisualStyle
  2
Shaded
 70
    27
177
     3
291
     0
 70
    58
 90
        2
176
     1
 90
        2
176
     1
 90
        1
176
     1
 90
        2
176
     1
 40
0.6
176
     1
 40
30.0
176
     1
 62
     7
420
 16777215
176
     1
 90
        0
176
     1
 90
        4
176
     1
 62
     7
176
     1
 62
   257
176
     1
 90
        1
176
     1
 90
        1
176
     1
 40
1.0
176
     1
 90
        8
176
     1
 62
   257
176
     1
 40
1.0
176
     1
 90
        1
176
     1
 90
        6
176
     1
 90
        2
176
     1
 62
     8
420
  7895160
176
     1
 90
        3
176
     1
 90
        0
176
     1
 90
        0
176
     1
290
     0
176
     1
 90
        5
176
     1
 40
0.0
176
     1
 90
        0
176
     1
290
     0
176
     1
290
     1
176
     1
290
     1
176
     1
290
     0
176
     1
290
     0
176
     1
290
     0
176
     1
290
     0
176
     1
290
     0
176
     1
290
     0
176
     1
 90
       50
176
     1
 40
0.0
176
     1
 40
1.0
176
     1
 90
        0
176
     1
 62
    18
420
        0
176
     1
 90
       50
176
     1
 90
        3
176
     1
 62
     5
420
      255
176
     1
290
     0
176
     1
 90
       50
176
     1
 90
       50
176
     1
 90
       50
176
     1
290
     0
176
     1
 90
       50
176
     1
 62
   256
176
     0
 40
1.0
176
     0
 90
        2
176
     1
  1
strokes_ogs.tif
176
     1
290
     0
176
     1
 40
1.0
176
     1
 40
1.0
176
     1
  0
VISUALSTYLE
  5
1F2
102
{ACAD_REACTORS
330
EF
102
}
330
EF
100
AcDbVisualStyle
  2
Shaded with edges
 70
    26
177
     3
291
     0
 70
    58
 90
        2
176
     1
 90
        2
176
     1
 90
        1
176
     1
 90
        2
176
     1
 40
0.6
176
     1
 40
30.0
176
     1
 62
     7
420
 16777215
176
     1
 90
        1
176
     1
 90
        2
176
     1
 62
     7
176
     1
 62
   257
176
     1
 90
        2
176
     1
 90
        1
176
     1
 40
1.0
176
     1
 90
        8
176
     1
 62
   257
176
     1
 40
1.0
176
     1
 90
        1
176
     1
 90
        6
176
     1
 90
        2
176
     1
 62
     7
176
     1
 90
        3
176
     1
 90
        0
176
     1
 90
        0
176
     1
290
     0
176
     1
 90
        5
176
     1
 40
0.0
176
     1
 90
        0
176
     1
290
     0
176
     1
290
     1
176
     1
290
     1
176
     1
290
     0
176
     1
290
     0
176
     1
290
     0
176
     1
290
     0
176
     1
290
     0
176
     1
290
     0
176
     1
 90
       50
176
     1
 40
0.0
176
     1
 40
1.0
176
     1
 90
        0
176
     1
 62
    18
420
        0
176
     1
 90
       50
176
     1
 90
        3
176
     1
 62
     5
420
      255
176
     1
290
     0
176
     1
 90
       50
176
     1
 90
       50
176
     1
 90
       50
176
     1
290
     0
176
     1
 90
       50
176
     1
 62
   256
176
     0
 40
1.0
176
     0
 90
        2
176
     1
  1
strokes_ogs.tif
176
     1
290
     0
176
     1
 40
1.0
176
     1
 40
1.0
176
     1
  0
VISUALSTYLE
  5
1EF
102
{ACAD_REACTORS
330
EF
102
}
330
EF
100
AcDbVisualStyle
  2
Shades of Gray
 70
    23
177
     3
291
     0
 70
    58
 90
        2
176
     1
 90
        2
176
     1
 90
        3
176
     1
 90
        0
176
     1
 40
0.6
176
     1
 40
30.0
176
     1
 62
     7
420
 16777215
176
     1
 90
        2
176
     1
 90
        2
176
     1
 62
     7
176
     1
 62
     7
176
     1
 90
        1
176
     1
 90
        1
176
     1
 40
40.0
176
     1
 90
        8
176
     1
 62
     7
176
     1
 40
1.0
176
     1
 90
        1
176
     1
 90
        6
176
     1
 90
        2
176
     1
 62
     7
176
     1
 90
        3
176
     1
 90
        0
176
     1
 90
        0
176
     1
290
     0
176
     1
 90
        1
176
     1
 40
0.0
176
     1
 90
        0
176
     1
290
     0
176
     1
290
     1
176
     1
290
     1
176
     1
290
     0
176
     1
290
     0
176
     1
290
     0
176
     1
290
     0
176
     1
290
     0
176
     1
290
     0
176
     1
 90
       50
176
     1
 40
0.0
176
     1
 40
1.0
176
     1
 90
        0
176
     1
 62
    18
420
        0
176
     1
 90
       50
176
     1
 90
        3
176
     1
 62
     5
420
      255
176
     1
290
     0
176
     1
 90
       50
176
     1
 90
       50
176
     1
 90
       50
176
     1
290
     0
176
     1
 90
       50
176
     1
 62
   256
176
     0
 40
1.0
176
     0
 90
        2
176
     1
  1
strokes_ogs.tif
176
     1
290
     0
176
     1
 40
1.0
176
     1
 40
1.0
176
     1
  0
VISUALSTYLE
  5
1F0
102
{ACAD_REACTORS
330
EF
102
}
330
EF
100
AcDbVisualStyle
  2
Sketchy
 70
    24
177
     3
291
     0
 70
    58
 90
        1
176
     1
 90
        2
176
     1
 90
        2
176
     1
 90
        0
176
     1
 40
0.6
176
     1
 40
30.0
176
     1
 62
     7
420
 16777215
176
     1
 90
        2
176
     1
 90
        2
176
     1
 62
     7
176
     1
 62
     7
176
     1
 90
        1
176
     1
 90
        1
176
     1
 40
40.0
176
     1
 90
       11
176
     1
 62
     7
176
     1
 40
1.0
176
     1
 90
        1
176
     1
 90
        6
176
     1
 90
        2
176
     1
 62
     7
176
     1
 90
        6
176
     1
 90
        0
176
     1
 90
        0
176
     1
290
     0
176
     1
 90
        1
176
     1
 40
0.0
176
     1
 90
        0
176
     1
290
     0
176
     1
290
     1
176
     1
290
     1
176
     1
290
     0
176
     1
290
     0
176
     1
290
     0
176
     1
290
     0
176
     1
290
     0
176
     1
290
     0
176
     1
 90
       50
176
     1
 40
0.0
176
     1
 40
1.0
176
     1
 90
        0
176
     1
 62
    18
420
        0
176
     1
 90
       50
176
     1
 90
        3
176
     1
 62
     5
420
      255
176
     1
290
     0
176
     1
 90
       50
176
     1
 90
       50
176
     1
 90
       50
176
     1
290
     0
176
     1
 90
       50
176
     1
 62
   256
176
     0
 40
1.0
176
     0
 90
        2
176
     1
  1
strokes_ogs.tif
176
     1
290
     0
176
     1
 40
1.0
176
     1
 40
1.0
176
     1
  0
VISUALSTYLE
  5
FC
102
{ACAD_REACTORS
330
EF
102
}
330
EF
100
AcDbVisualStyle
  2
Thicken
 70
    13
177
     3
291
     1
 70
    58
 90
        2
176
     1
 90
        2
176
     1
 90
        1
176
     1
 90
        0
176
     1
 40
0.6
176
     1
 40
30.0
176
     1
 62
     7
420
 16777215
176
     1
 90
        1
176
     1
 90
        4
176
     1
 62
     7
176
     1
 62
   257
176
     1
 90
        1
176
     1
 90
        1
176
     1
 40
1.0
176
     1
 90
       12
176
     1
 62
     7
176
     1
 40
1.0
176
     1
 90
        1
176
     1
 90
        6
176
     1
 90
        2
176
     1
 62
     7
176
     1
 90
        5
176
     1
 90
        0
176
     1
 90
        0
176
     1
290
     0
176
     1
 90
        1
176
     1
 40
0.0
176
     1
 90
        0
176
     1
290
     0
176
     1
290
     1
176
     1
290
     1
176
     1
290
     0
176
     1
290
     0
176
     1
290
     0
176
     1
290
     0
176
     1
290
     0
176
     1
290
     0
176
     1
 90
       50
176
     1
 40
0.0
176
     1
 40
1.0
176
     1
 90
        0
176
     1
 62
    18
420
        0
176
     1
 90
       50
176
     1
 90
        3
176
     1
 62
     5
420
      255
176
     1
290
     0
176
     1
 90
       50
176
     1
 90
       50
176
     1
 90
       50
176
     1
290
     0
176
     1
 90
       50
176
     1
 62
   256
176
     0
 40
1.0
176
     0
 90
        2
176
     1
  1
strokes_ogs.tif
176
     1
290
     0
176
     1
 40
1.0
176
     1
 40
1.0
176
     1
  0
VISUALSTYLE
  5
F6
102
{ACAD_REACTORS
330
EF
102
}
330
EF
100
AcDbVisualStyle
  2
Wireframe
 70
     5
177
     3
291
     0
 70
    58
 90
        0
176
     1
 90
        2
176
     1
 90
        0
176
     1
 90
        0
176
     1
 40
0.6
176
     1
 40
30.0
176
     1
 62
     7
420
 16777215
176
     1
 90
        1
176
     1
 90
        4
176
     1
 62
     7
176
     1
 62
   257
176
     1
 90
        1
176
     1
 90
        1
176
     1
 40
1.0
176
     1
 90
        0
176
     1
 62
   257
176
     1
 40
1.0
176
     1
 90
        1
176
     1
 90
        6
176
     1
 90
        2
176
     1
 62
     7
176
     1
 90
        3
176
     1
 90
        0
176
     1
 90
        0
176
     1
290
     0
176
     1
 90
        1
176
     1
 40
0.0
176
     1
 90
        0
176
     1
290
     0
176
     1
290
     1
176
     1
290
     1
176
     1
290
     0
176
     1
290
     0
176
     1
290
     0
176
     1
290
     0
176
     1
290
     0
176
     1
290
     0
176
     1
 90
       50
176
     1
 40
0.0
176
     1
 40
1.0
176
     1
 90
        0
176
     1
 62
    18
420
        0
176
     1
 90
       50
176
     1
 90
        3
176
     1
 62
     5
420
      255
176
     1
290
     0
176
     1
 90
       50
176
     1
 90
       50
176
     1
 90
       50
176
     1
290
     0
176
     1
 90
       50
176
     1
 62
   256
176
     0
 40
1.0
176
     0
 90
        2
176
     1
  1
strokes_ogs.tif
176
     1
290
     0
176
     1
 40
1.0
176
     1
 40
1.0
176
     1
  0
VISUALSTYLE
  5
1F1
102
{ACAD_REACTORS
330
EF
102
}
330
EF
100
AcDbVisualStyle
  2
X-Ray
 70
    25
177
     3
291
     0
 70
    58
 90
        2
176
     1
 90
        2
176
     1
 90
        1
176
     1
 90
        1
176
     1
 40
0.5
176
     1
 40
30.0
176
     1
 62
     7
420
 16777215
176
     1
 90
        1
176
     1
 90
        0
176
     1
 62
     7
176
     1
 62
   257
176
     1
 90
        1
176
     1
 90
        1
176
     1
 40
1.0
176
     1
 90
        8
176
     1
 62
     7
176
     1
 40
1.0
176
     1
 90
        1
176
     1
 90
        6
176
     1
 90
        2
176
     1
 62
     7
176
     1
 90
        3
176
     1
 90
        0
176
     1
 90
        0
176
     1
290
     0
176
     1
 90
       13
176
     1
 40
0.0
176
     1
 90
        0
176
     1
290
     0
176
     1
290
     1
176
     1
290
     1
176
     1
290
     0
176
     1
290
     0
176
     1
290
     0
176
     1
290
     0
176
     1
290
     0
176
     1
290
     0
176
     1
 90
       50
176
     1
 40
0.0
176
     1
 40
1.0
176
     1
 90
        0
176
     1
 62
    18
420
        0
176
     1
 90
       50
176
     1
 90
        3
176
     1
 62
     5
420
      255
176
     1
290
     0
176
     1
 90
       50
176
     1
 90
       50
176
     1
 90
       50
176
     1
290
     0
176
     1
 90
       50
176
     1
 62
   256
176
     0
 40
1.0
176
     0
 90
        2
176
     1
  1
strokes_ogs.tif
176
     1
290
     0
176
     1
 40
1.0
176
     1
 40
1.0
176
     1
  0
DICTIONARYVAR
  5
146
102
{ACAD_REACTORS
330
5E
102
}
330
5E
100
DictionaryVariables
280
     0
  1
1:1
  0
DICTIONARYVAR
  5
259
102
{ACAD_REACTORS
330
5E
102
}
330
5E
100
DictionaryVariables
280
     0
  1
3.500000
  0
DICTIONARYVAR
  5
25A
102
{ACAD_REACTORS
330
5E
102
}
330
5E
100
DictionaryVariables
280
     0
  1
acadiso.lin
  0
DICTIONARYVAR
  5
145
102
{ACAD_REACTORS
330
5E
102
}
330
5E
100
DictionaryVariables
280
     0
  1
STANDARD
  0
DICTIONARYVAR
  5
84
102
{ACAD_REACTORS
330
5E
102
}
330
5E
100
DictionaryVariables
280
     0
  1
STANDARD
  0
DICTIONARYVAR
  5
227
102
{ACAD_REACTORS
330
5E
102
}
330
5E
100
DictionaryVariables
280
     0
  1
Metric50
  0
DICTIONARYVAR
  5
228
102
{ACAD_REACTORS
330
5E
102
}
330
5E
100
DictionaryVariables
280
     0
  1
Metric50
  0
DICTIONARYVAR
  5
5F
102
{ACAD_REACTORS
330
5E
102
}
330
5E
100
DictionaryVariables
280
     0
  1
2
  0
DICTIONARYVAR
  5
63
102
{ACAD_REACTORS
330
5E
102
}
330
5E
100
DictionaryVariables
280
     0
  1
1
  0
DICTIONARYVAR
  5
324
102
{ACAD_REACTORS
330
5E
102
}
330
5E
100
DictionaryVariables
280
     0
  1
8
  0
DICTIONARYVAR
  5
323
102
{ACAD_REACTORS
330
5E
102
}
330
5E
100
DictionaryVariables
280
     0
  1
0
  0
DICTIONARYVAR
  5
1AE
102
{ACAD_REACTORS
330
5E
102
}
330
5E
100
DictionaryVariables
280
     0
  1
0
  0
DICTIONARYVAR
  5
1AF
102
{ACAD_REACTORS
330
5E
102
}
330
5E
100
DictionaryVariables
280
     0
  1
0
  0
XRECORD
  5
ADB
102
{ACAD_REACTORS
330
AD9
102
}
330
AD9
100
AcDbXrecord
280
     1
  0
DICTIONARY
  5
205
330
22
100
AcDbDictionary
280
     1
281
     1
  0
DICTIONARY
  5
1F9
330
ED
100
AcDbDictionary
280
     1
281
     1
  3
FBXASSET
360
1FA
  0
DICTIONARY
  5
1F7
330
EC
100
AcDbDictionary
280
     1
281
     1
  3
FBXASSET
360
1F8
  0
DICTIONARY
  5
173
330
EE
100
AcDbDictionary
280
     1
281
     1
  3
BUMPTILE
360
175
  3
DIFFUSETILE
360
174
  3
FBXASSET
360
1FB
  3
OPACITYTILE
360
176
  3
REFLECTIONTILE
360
177
  0
DICTIONARY
  5
162
330
7F
100
AcDbDictionary
280
     1
281
     1
  3
ACAD_ROUNDTRIP_2008_TABLESTYLE_CELLSTYLEMAP
360
1134
  0
XRECORD
  5
1FA
102
{ACAD_REACTORS
330
1F9
102
}
330
1F9
100
AcDbXrecord
280
     1
 70
     1
 90
429727718
  1
D62C5603-E3A1-4AEA-B7FB-FE5D8D0755AF
310
504B03040A0000080000CC70623B3DEE336E79000000790000001B0000006175746F6465736B2D64657369676E2D7061636B6167652E786D6C3C3F786D6C2076657273696F6E3D22312E302220656E636F64696E673D227574662D3822203F3E3C666F726D6174733E3C666F726D61743E687474703A2F2F736368656D612E
310
6175746F6465736B2E636F6D2F64657369676E2D7061636B6167652F323030393C2F666F726D61743E3C2F666F726D6174733E504B0304140006080800CC70623BD486FD9CA0000000F4000000130000005B436F6E74656E745F54797065735D2E786D6C7D8EC10E82300C865F65E91D8A1E8C310C0EEA1BF002731658846E
310
D98AC1B77784ABF1D8FE5FBFBF75BBCE937A534CCEB38643598122B6FEE978D0B0485F9C41B54DDD7D022595594E1A469170414C76A4D9A4D207E29CF43ECE46F218070CC6BECC4078ACAA135ACF422C856C0E68EA1BF5669944DDD7BCDE7B1F8E415D77AECB980613C2E4AC91FC167A2B244592486606FC29C8FD7F045B9A
310
EF7053A7E60B504B0304140006080800CC70623B853B8169EB0000007C01000008000000636F72652E786D6C8D90416EC3201045AF62CDB6C206821CC7C244919D9CA01740401C94182C03558F5F9C3852BBEB6A467FFE9B197D7EFC9E1EC5975982F5AE035262288C535E5B377690E21535501C055FBC8FBF6C503839990E
310
5619041F179FE64D52DE45E362569DD7661365082642A11EB9E920A89B99642953CC8E702F67A9EE7234257977194EC9EAE275C4EABCCF5EAD5940D4AC6F0E35A568B8F43562CD7046CD199FD07E60174276A7BE677B5EADB0E0D14EEFFB6A31321A0D82627C4084204C3F096B71DD52F6819B16635EADF63F509AF53FA164
310
5DDCD1EDDD17164090FCC8732078B56691CB33A85CD7DCC40F504B0304140006080800CC70623B55019EA25F0000007C00000007000000636E782E786D6C4DCB3B0E80201045D1AD90E915ED2CF8AC45050C11660C8261F98AB1B07AC9C97D42D718D865D3E909258CFD00CCE24AC6E326A164D74DC0B4128928FF32603847
310
2BA13128B1252AC747C6BAB984FC68F0B87FE8960A5C09FE86CFB69FBA01504B0304140006080800CC70623BDBABAAF470010000D40300000C0000006662782F636F72652E786D6CC553D16E823014FD95A6AF4B694182CC941A83FA05FB810A9511A125A5257EFE2E82712ECEB8A7F100CD39F7F69E734AF9FADC366850B6
310
AF8DCE7018308C942E4C59EB2AC3DE1D498AD15A706B8CFB56869196ADCAF00863C12B6B7C374385D14E6907A836A59A41D9F7CA615434B0C8705F7CAA5606D23BA8E84F41278B93AC54100640439DE0BDB320004D43C63716C7C399D30917DCFBBA9CD9BA8469F5B156168B24CED3F7248AC8769F27244EB73B92EED8862C
310
B7F13E0C179B3C8F979C8ECD82BBBABDAA2BAC924E9558448CBD9330242CFA08E3154B5651FCC6D215639C8EE5774DBE2B5F6CF2B5768B68963BB5F5588420E442FC700B1139D4CB01F450C1E918227C2E09DF070D8140C84E1E9AAB8F1340832A9CB13130A5F1376A908D57309505ECF2A0DF179C4E9D30F5B239B87E3823
310
7A79C6F31DE1A8A5AEC08474B03C7837EAE4938639B44E5932B833D2C6B6B279CDC613877FA26EE21F4A2A4C63EC7F29A2F301D1F9F7A0E37D145F504B0304140006080800CC70623B9C113CC27E0000009D0000000B0000006662782F636E782E786D6C4DCCDF0A83201C86E15B91DFB94BFB330DD428C8FB886521330DA7
310
6397BF1A1DECE883878F57749FCDA1B7892F1BBC047A23808C7F84D9FA55424E0BE6803A256208E9EF06C84F9B91703228B1C690F78B66B34CD9A5439DF5CF0BFBF65E35BCA1B8D6A5C6F540381E886698B5741C695F9503EBA150A2F8958E3DC3EA0B504B0304140006080800CC70623B7DF2F77C2A010000120200003100
310
00006662782F41393633353835312D344632462D344230382D423046372D3739314545314133324237412F636F72652E786D6C8D51DB8EC22014FC15C2939B0D2DB4B45643319AE817EC0F6041255A68B86CFCFC856D4D76DF7CE190393373060EDB3DC707F856CE6B6B7A480A0C81328395DA5C7B18C3057510EC3873D686
310
3F34088C18550F330C39BB3A1BA7051AAC09CA84841A2BD5020AEF55806078A44B0FFD7053A328440C89E1EFC52486BBB8AA8214A99D789CF9E05200300FC927E4FB4D5B375D43103D5527440FB843077C5AA3F5861C8F645F5787F59E95B390B318B55CE45AA638FAA2957BD7248B390B7A7CC51F9C124149C82B8C378810
310
84AB2F42B7B8DD56F413775B8C5999E9FF4471926F8AA236A1AE96B8B3CC434E5839373893369E1FAF30EA395917409EB7F26AF8801C171837A4A6AC9C89E9F9C9B1A58BA30FD6A5EF5DDDCF894B9AD9B6A59C957943A9FCAE2FD5BC4DFE03504B0304140006080800CC70623BAD7543B64E01000033030000300000006662
310
782F41393633353835312D344632462D344230382D423046372D3739314545314133324237412F636E782E786D6CD593CD6EC32010845F0571AD6CE3D48AD20813A9873E410FBD12D82434182C7EAAE6EDBB2424CD25871E7B41D6EC30B3FA84F9E67BB2E40B4234DE8DB46F1925E094D7C6ED479AD3AE5951B2113C789FEE
310
6C943839C1488B4C05DF079FE72A69D8C96C13AAD6B8631503449F83828872B949AC57D26200B826A308D316B4064D6E46FCDA41C05550DC9E483A00797BFD207EFB092A45DE9514C1BBD22178396BD39D891265658C238DEA00936C654E5E433CB65A26D9F6EDB5EBC14EBF49A45CB856E66048291F6939A9A81BB5C89177
310
38143CA680F4AA299D66A042CEB3354A2684DC9D8D178FE0D9B8B41CAAD720F880EE7EF93C0C18769E099ECC04D5A102C8049A8A05632F4DDF376CF1DE0F6BB65C2F8627B65A33C6BB62177CEBBDAD973006829F89F22E814B54F4BC2BE347F8AA8F681390B50FA73F804400B5F542E796F19FF974E7F78DB802FE05E20750
310
4B0304140006080800CC70623BE75B7789680500003C100000340000006662782F41393633353835312D344632462D344230382D423046372D3739314545314133324237412F6F626A656374732E786D6CAD575B8F9B3818FD2B887D06C22499CB8AA1CA655245D5B455A356FB305264C061D8018C6C3393D95FBFC7600890
310
A4CD5EF210B0B1BFEBF98E3F7B1FF6596ABC522E1296DF9BAE3D320D9A872C4AF2F8DE2CE5CEBA358D0FBEC719939D65A691938CDE9B6ADAF4BD98B3B2D05311DD91329583D9D5FC0F438434A7A611A644887B5384CF34233629258BA878B12322891DEFF6B66BD70BFB62634E8AE781D082709A4B588AF91C528CDA28B73F
310
1C998EEF39EABBEFA97FBD6A7C7E9553F9D3D79FE442923C3C523610337627CB87ABE99D359D4CC6D6E4FACAB5E6ABF9D2726FC6A3C5F56271377BB88362213924694B38DD99FE47C48627A1E7D49F5A8BB5E1A74C0A599ED3B0F21F1E56366B89112D681E218F0915D0D6F17AD41FBA2A369DCF6335D62ABBD39779D5DDD1
310
11D4D8DE3CBB96B2E04FB8202E41051754A1AA8E8F76B4C6DFE810B580B1547F4B84911149794252234D024EF8BBE963A95AE27B3D310A9D5C215C7960FAEE415ED75694C6AFB17BCACA5D99A60A9AA65F217B0BFC53292ACB92BF283FAD0D3621576592CB5BED907C2FA8E9DF794E35E97BEA31BED21FEB401ABB94C44839
310
DCACBF0E1C5DA8DA5B2F4DFFD32AD86F543D9E565E7056502E157C00AD2671CD534549AB752FCA9CDA00677A313F04E51B22FF19E57B300579E3C97EB29F682D92935CEC18CF901B7B54FD8C51F362B56FC72FE0B3C1EAE335EDCCBF5AEC39ADB17DC238973F804BA5E6F6BFE7AF1FB32E523BE9F3BD571418E3631DCA4D48
310
5250CF639223210A9446CA30052EDF057BD35F8329C1ECD84552BF0DC8D18BE7BCE23BFE6BD960AB4A7DE79923A103BEBD80F911CBAA2C60DB19B01CF164A5583B772EE6D3FFA56666CBCDA74DC97724A48F9A58967497E489C4D979006FD7A05E227A1EBDD0F737C623387A9C844D3709995625106D157315F8B8392CD4E0
310
A0B9A720C4BE9829CEF37EA1E13111214D53925356365ADA634861B52519DD27A00AEB808EAF0628E6F435519D446F45CF2C9CF5214F0A15B2F6D06B79DA3EE3CBF7F56780D2F4E7EF73A0F5E5B02A38D07DC852C6B7C1FBB6664213E0C39E3EBA7FF4E1AD23EA2829407C85E586727488B751B2DB9502BC7B228A3FD68B6E
310
A65A22397E690AA8D158D7E404EC8CDA235CC3B7D1898680131CEC2CDF2638C65196279577750F15884AEE19F94199155B92B13297978469D4F8D358DF0AEF7631E28DC8F0D9F437D5D39A83B2231A1D52D543813A824EF8D44BCFF2FA6A31BD1E8DAD87F1CCB526B3879935BF59CDADD5C37479BB1CDD4CA7B3556B516589
310
EF352754B706114D9C885EC9131DE6EFEB43D99AFE2391C2F958179413D7CFEF6B1B6DB1E7600F00DE6E5C67454A339A4BA2E0FBA85ED26F045D454F463DBFCE484C2F90F2E5E3666003662ED8F755951A7D1BECD5B30B550B2785C8E7320B7292A4838DDA71BBC863ED7613CAF659337A3354231D4FF4A182A54904C2898C
310
98B28C4AD0CE056CCF332A80986E571EE9DBC305BB5FEB7E509220A58D25CF042D712A806AC0AD0C657FDEF80D2D9CEAA2EE4D1C76F60BFE74219A06527D6F82DF6412526107381E55E353090704D085B52408A8913C4ED159D79BDA71BB4BC506F4831350EB6F975CD22D69BF7AC49B91A2C0A9DDA3D5CA36AD20FC478E37
310
E61844E2352865EBCB61A275A65283CAAA9DD27703B4102F5AF51EF5F573B75CBB5AD38BC845F7A49F82A0966A49C2E3EA5EA0ECD326CD965F1DB402C6FA8B51A4658C5C5E2EC9E214602E55810345408596591009A82E7E7FFACA19EEA299B14A0081A705CB3296EBC14CDF658DCD336EA6D1136881AAEB87B81AB9EE53D5
310
F5EB8BC8362082DA24122F98680A4E7930C01A0079749CEA14382A0783E5EBA5A10F8C098456A03D6A4AEB6BB881E2513747552A5DB22C7EDAF83BD5528081A365F7FF06504B0304140006080000CC70623B000000000000000000000000350000006662782F41393633353835312D344632462D344230382D423046372D37
310
39314545314133324237412F76657274696365732E62696E504B0304140006080800CC70623BF270F1330600000004000000360000006662782F41393633353835312D344632462D344230382D423046372D3739314545314133324237412F747269616E676C65732E62696E636660600000504B0304140006080000CC7062
310
3B000000000000000000000000370000006662782F41393633353835312D344632462D344230382D423046372D3739314545314133324237412F617474726962757465732E62696E504B0304140006080800CC70623B08DA0BD19000000041010000360000006662782F41393633353835312D344632462D344230382D4230
310
46372D3739314545314133324237412F6469726563746F72792E786D6C858F410AC3201045AF22B36F53E9A60B35CBEEBAE80D244E44489C6234F4F835464A48035D0DF398FF9F8AF63D0E6CC63039F212F8F9020C7D47C6792B21C5FE7403D62A1188E2E60C98D7234A5830286103A55745067B9D86B8A3CF9C7F90C11DE6
310
07FB144396D7B6A82D282E9A152AD114D5EF2CB866EEE831B8EEA07A7BB5A8D7D61A2BAAEB7FD5F70921FF497D00504B0304140006080800CC70623BEDD1DC58FD000000A00100003B0000006662782F41393633353835312D344632462D344230382D423046372D3739314545314133324237412F7265736F75726365732F
310
636F72652E786D6C8D504B6E833010BD0A9A6D65B00922041947112427E8052C33A156828DFCA97AFC9A40A576D7CDCCE87D344F8F9FBFE667F689CE6B6B3A6039850C8DB2A336530731DC4903D95970676DF82583CCC8193B5861107C72362E3BA4AC096842428D1D7107A5F7182053CF7474E0D507CE32973124857FE48B
310
540F3961CEF244279DE03EB81420DB9EAC1384436FA353E879B1B182C7A8C75DA3C7F453DF353A1075D537A7BA6464B8F535A99AE14A9A2BBD90E350DD183B5CFABE3AF262350B1EF4FC9351399401471025A527C218A1E53BAB5A5AB765F5469B96525EACF23FA6B88CFF34456DC2A1DCE36E360F82A5202F42F062ED2BAD
310
579969AFDD8A6F504B010214000A0000080000CC70623B3DEE336E79000000790000001B00000000000000000000000000000000006175746F6465736B2D64657369676E2D7061636B6167652E786D6C504B01021400140006080800CC70623BD486FD9CA0000000F40000001300000000000000000000000000B20000005B
310
436F6E74656E745F54797065735D2E786D6C504B01021400140006080800CC70623B853B8169EB0000007C010000080000000000000000000000000083010000636F72652E786D6C504B01021400140006080800CC70623B55019EA25F0000007C000000070000000000000000000000000094020000636E782E786D6C504B
310
01021400140006080800CC70623BDBABAAF470010000D40300000C00000000000000000000000000180300006662782F636F72652E786D6C504B01021400140006080800CC70623B9C113CC27E0000009D0000000B00000000000000000000000000B20400006662782F636E782E786D6C504B01021400140006080800CC70
310
623B7DF2F77C2A010000120200003100000000000000000000000000590500006662782F41393633353835312D344632462D344230382D423046372D3739314545314133324237412F636F72652E786D6C504B01021400140006080800CC70623BAD7543B64E010000330300003000000000000000000000000000D2060000
310
6662782F41393633353835312D344632462D344230382D423046372D3739314545314133324237412F636E782E786D6C504B01021400140006080800CC70623BE75B7789680500003C10000034000000000000000000000000006E0800006662782F41393633353835312D344632462D344230382D423046372D3739314545
310
314133324237412F6F626A656374732E786D6C504B01021400140006080000CC70623B0000000000000000000000003500000000000000000000000000280E00006662782F41393633353835312D344632462D344230382D423046372D3739314545314133324237412F76657274696365732E62696E504B01021400140006
310
080800CC70623BF270F133060000000400000036000000000000000000000000007B0E00006662782F41393633353835312D344632462D344230382D423046372D3739314545314133324237412F747269616E676C65732E62696E504B01021400140006080000CC70623B0000000000000000000000003700000000000000
310
000000000000D50E00006662782F41393633353835312D344632462D344230382D423046372D3739314545314133324237412F617474726962757465732E62696E504B01021400140006080800CC70623B08DA0BD1900000004101000036000000000000000000000000002A0F00006662782F41393633353835312D344632
310
462D344230382D423046372D3739314545314133324237412F6469726563746F72792E786D6C504B01021400140006080800CC70623BEDD1DC58FD000000A00100003B000000000000000000000000000E1000006662782F41393633353835312D344632462D344230382D423046372D3739314545314133324237412F7265
310
736F75726365732F636F72652E786D6C504B0506000000000E000E0080040000641100000000
  0
XRECORD
  5
1F8
102
{ACAD_REACTORS
330
1F7
102
}
330
1F7
100
AcDbXrecord
280
     1
 70
     1
 90
429727718
  1
30362254-06B7-45E0-A893-8CFA70E3D6BC
310
504B03040A0000080000CC70623B3DEE336E79000000790000001B0000006175746F6465736B2D64657369676E2D7061636B6167652E786D6C3C3F786D6C2076657273696F6E3D22312E302220656E636F64696E673D227574662D3822203F3E3C666F726D6174733E3C666F726D61743E687474703A2F2F736368656D612E
310
6175746F6465736B2E636F6D2F64657369676E2D7061636B6167652F323030393C2F666F726D61743E3C2F666F726D6174733E504B0304140006080800CC70623BD486FD9CA0000000F4000000130000005B436F6E74656E745F54797065735D2E786D6C7D8EC10E82300C865F65E91D8A1E8C310C0EEA1BF002731658846E
310
D98AC1B77784ABF1D8FE5FBFBF75BBCE937A534CCEB38643598122B6FEE978D0B0485F9C41B54DDD7D022595594E1A469170414C76A4D9A4D207E29CF43ECE46F218070CC6BECC4078ACAA135ACF422C856C0E68EA1BF5669944DDD7BCDE7B1F8E415D77AECB980613C2E4AC91FC167A2B244592486606FC29C8FD7F045B9A
310
EF7053A7E60B504B0304140006080800CC70623B1EC5D7A3EB0000007C01000008000000636F72652E786D6C8D90416EC3201045AF82665B6103C6756C6122AB4D4ED00B204C5C94182C03558F5F9C3852BBEB6A467FFE9B197D71FC9E6FE8CBACC17AD7032D0820E3B41FAD9B7A48F1820F808E52ACDEC75F36404ECDA687
310
4D0629A6D5A76597B477D1B89855E747B38B2A041301E95B6E7A08FAD3CCAA50296647B8168BD2573599823EBB0CA76447F43862C7BCCF5EAC59410E4DDD9C7973C2755553CCCFA4C603E3040F1565ED3B1FDE4E432BCA0D9622DAF9795FAF464533826484B498524CD807E51D79ED187F21878E10516EF63F505AC67F42C9
310
BA58B1FDDD071640D2FCC87D2045B96591CB3DA85CB7DCE40F504B0304140006080800CC70623B55019EA25F0000007C00000007000000636E782E786D6C4DCB3B0E80201045D1AD90E915ED2CF8AC45050C11660C8261F98AB1B07AC9C97D42D718D865D3E909258CFD00CCE24AC6E326A164D74DC0B4128928FF32603847
310
2BA13128B1252AC747C6BAB984FC68F0B87FE8960A5C09FE86CFB69FBA01504B0304140006080800CC70623B8C9102E971010000D40300000C0000006662782F636F72652E786D6CC5535B6E833010BC8AE5DF0A6C08340F1947A84D4ED00B38C6A128602363A31CBFCB234A53A551FA553EC09AD9F5CE8C31DB9E9B1AF5CA
310
7695D1198E428A91D2D214952E33ECDD315861B4E5CC1AE3BE9561A445A3323CC098B3D21ADFCE9034DA29ED00D5A6503328BA4E398C640D8B0C77F253352214DE4145770A5B214FA2546114020D759C75CE8200340D19DE981F0F6746269C33EFAB6266AB02A655C74A59CCF365BADC27CB5D902ED22848F6340DF238A141
310
BE88E2F57B92BFEDF23523433367AE6A2EEAA455C2A902F398D2751045018D3FA264435F3771F242571B4A1919CA6F9A7C5B3CD9E42BED16F12C776AEB308F40C848FC700B1139D4891EF410CEC810227CC6846F8386402064270EF5C5C709A05E49676C024C61FC95EA45ED154CA5211D1FF4FB8291A913A68E9B83EBBB33
310
E2A7673CDE118E5AE8124C0807CB8377834E366998436B950D7A7746DAD846D4CFD978E0F04FD455FC5D49D2D4C6FE9722321F10997F0F32DC47FE05504B0304140006080800CC70623BFFEA85907E0000009D0000000B0000006662782F636E782E786D6C4DCCD10A83201886E15B91FFDC95D95A811AB6F23E625948A6C3
310
E9D8E5AF46073BFAE0E1E365ED67B3E8ADC3CB78C7815C7240DA3DFC64DCC221C519D7805AC182F7F1EF06C88D9BE6703008B6049F9E274D7A1E938DBB5AE3D6131B2589BA0D3D965551E0B2EA732C9B9A624AAEB41E3A557677029960D9AFB4EF11165F504B0304140006080800CC70623B4FEEA4082C0100001202000031
310
0000006662782F39464131463745442D413632322D343644302D413938332D3331353338454246344243312F636F72652E786D6C8D515B6EC32010BC0AE2AB55850DD871ED0813254D72825EC00192A2C460F1A872FC42ED48ED5F7E00CDCECCCEB26C731F6FE05B39AFADE921293004CA082BB5B9F43086336A21D870E6AC
310
0D7F68109861543DCC30E4ECE26C9C164858139409093556AA051CBC570102714B8F1E7AF1A5C6A11862480C7F2DA6415C878B2A4891CA89C7990F2E050073937C42DE1DB7E4F87ED8A36D4329AA9B3D46DBAEAD504556557BD81DEBDD0761E52CE42C462D17B996298E3E6BE59E35C962CE821E1FF18553435012728A7187
310
0841987E927A8D9B35ADDF70BBC6989599FE4F1427F9A4286A132ABAC49D651EF234CD5CE04CDA78BA3DC2A8FB645D00B9DF8B57E215725C60BCA2A463E54C4CE327C7A65E1C7DB02E7DEFCBF594B864C5CA6CDBD49C957943E9FA5D5FBAF336F90F504B0304140006080800CC70623BAD7543B64E01000033030000300000
310
006662782F39464131463745442D413632322D343644302D413938332D3331353338454246344243312F636E782E786D6CD593CD6EC32010845F0571AD6CE3D48AD20813A9873E410FBD12D82434182C7EAAE6EDBB2424CD25871E7B41D6EC30B3FA84F9E67BB2E40B4234DE8DB46F1925E094D7C6ED479AD3AE5951B2113C
310
789FEE6C943839C1488B4C05DF079FE72A69D8C96C13AAD6B8631503449F83828872B949AC57D26200B826A308D316B4064D6E46FCDA41C05550DC9E483A00797BFD207EFB092A45DE9514C1BBD22178396BD39D891265658C238DEA00936C654E5E433CB65A26D9F6EDB5EBC14EBF49A45CB856E66048291F6939A9A81BB5
310
C8917738143CA680F4AA299D66A042CEB3354A2684DC9D8D178FE0D9B8B41CAAD720F880EE7EF93C0C18769E099ECC04D5A102C8049A8A05632F4DDF376CF1DE0F6BB65C2F8627B65A33C6BB62177CEBBDAD973006829F89F22E814B54F4BC2BE347F8AA8F681390B50FA73F804400B5F542E796F19FF974E7F78DB802FE05
310
E207504B0304140006080800CC70623B16AB87BA640500003C100000340000006662782F39464131463745442D413632322D343644302D413938332D3331353338454246344243312F6F626A656374732E786D6CAD575B6FA33818FD2B887DE6924B3BED8A326A92B68A663B534DD4D13E548A0C38942D60649B369D5FBFC7
310
600890A493BDE42160637FD7F31D7FF63E6FB3D478A55C242CBF3247B66B1A340F5994E4F19559CA8D75611A9F7D8F33263BCB4C232719BD32D5B4E97B316765A1A722BA21652A07B3B7B33F0D11D29C9A46981221AE4C113ED38CD8A4942CA2E2C58E882476BCD9DA23BB5ED8171B73523C0F841684D35CC252CCE79062D4
310
468DFA43D7747CCF51DF7D4FFDEB5593E3AB9CCA9FBEFE241792E4E19EB28198C968BAB8199F5D5A67D3E9C49A9E8F47D6EC76B6B0469F26EEFC7C3EBFBCBEB98462213924694B38DD98FE1D62C393D073EA4FADC5DAF04326852CCF6958F90F0F2B9BB5C48816348F90C7840A68EB78EDF68723159BCEE7891A6B95DDE9D3
310
BCEAEEE8086A6C6F9E5D4B59F0175C10A7A0820BAA5055C7473B5AE3CFDD452D602CD5DF12616444529E90D448938013FE6EFA58AA96F85E4F8C42275708571E98FE6827AF6B2B4AE3D7D83D64E5A64C53054DD3AF90BD06FEA9149565C94FCA0F6B834DC85599E4F2423B24DF0B6AFA979E534DFA9E7A4CC6FA631D486393
310
921829879BF5D781A373557BCB85E97FB90DB62B558F8795179C15944B051F40AB495CF35451D26A4727654E6D8033BD98EF82F21D91FF8AF2DD9982BCF1643BDD4EB516C9492E368C67C88DED563FC36D5EACF66DFF057C3658BDBFA69DF9578B3DA735B64F18C7F20770A9D45CFCF7FCF563D6456A277DBEF78A02637CA2
310
43B90A490AEAB94F72244481D24819A6C0E59B606BFA4B3025981DBB48EAB701D97BF19C577CC77F2D1B6C55A9EF3C732474C0B727303F625995056C3B02963D9EAC146BE78EC5FCEC7FA999EBC5EACBAAE41B12D27B4D2C0BBA49F244E2ECDC81B76B502F113D8F5EE8FB1BE3111CDD4FC2AA9B844CAB1288B68AB90A7CDC
310
1C166AB0D3DC5310625FCC14E779BFD0709F8890A629C9292B1B2DED31A4B0DA928CEE135085754027E3018A397D4D5427D15BD1330B677DC8934285AC3DF45A9EB68FF8F2B8FC0A509AFEECFD0FF2DE25CC6047F7214B195F07EFEB9A094D800F7BFAE8FED187B78EA8A3A400F115961BCAD1215E47C966530AF0EE8128FE
310
58CEBB996A8964FFA529A046635D9353B0336A8F700DDF46271A024E70B0B37C9DE01847591E54DED53D54202AB947E4076556AC49C6CA5C9E1226B7F1A7B1BE15DEED62C41B91E1B3E9AFAAA735036547343A925075041DF0A9979E893B391F8FCFA6967B3EFB644DCF6E5CEBFAE272625DCC6FAF3FB93793C5F90CE1EF57
310
407342756B10D1C489E8953CD1617E5CEECAD6F4EF8914CE5D5D504E5C3F1F9736DA62CFC11E00BCDDB8CC8A9466349744C1F75EBDA4DF09BA8A9E8C7A7E9991989E20E5DBDD6A6003664ED8F7A04A8DBE0DF6EAD9B9AA858342E47399053949D2C146EDB85DE4B176BB0965FBAC19BD19AA918E27FA50C1D22402E144464C
310
59462568E704B6E71915404CB72B8FF4EDE184DDAF753F284990D2C6926782963815403548A70C657FDEF80D2D9CEAA2AE4C1C76F60BFE74219A06527D6582DF6412526107381E55E353090704D085B52408D0933C4ED159D79BDA71BB4BC506F4831350EB6F979CD22D69BF7AC49B91A2C0A9DDA3D5CA36AD20FC478E37E6
310
1844E2352865EBCB6EA275A652E3836BE04EFB400BF1A2556F515F1FBB35B2AB35BD889C744FFA1004B5544B121E57F70215746DD2F5E2C1412B602CBF19455AC6C8E5E9922C4E01E65215385004546899059180EAFCF7A707CE7017CD8CDB0410789AB32C63B91E5CEBBBACB17AC6CD347A022D5075FD106377347AAABA7E
310
7D11590744509B44E205134DC1290F06580320F78E537D3D73540E06CB970B431F185308AD40BBD794D6D77003C5A36E8EAA54BA64597CD8F83BD552A080A365F7FF06504B0304140006080000CC70623B000000000000000000000000350000006662782F39464131463745442D413632322D343644302D413938332D3331
310
353338454246344243312F76657274696365732E62696E504B0304140006080800CC70623BF270F1330600000004000000360000006662782F39464131463745442D413632322D343644302D413938332D3331353338454246344243312F747269616E676C65732E62696E636660600000504B0304140006080000CC70623B
310
000000000000000000000000370000006662782F39464131463745442D413632322D343644302D413938332D3331353338454246344243312F617474726962757465732E62696E504B0304140006080800CC70623B08DA0BD19000000041010000360000006662782F39464131463745442D413632322D343644302D413938
310
332D3331353338454246344243312F6469726563746F72792E786D6C858F410AC3201045AF22B36F53E9A60B35CBEEBAE80D244E44489C6234F4F835464A48035D0DF398FF9F8AF63D0E6CC63039F212F8F9020C7D47C6792B21C5FE7403D62A1188E2E60C98D7234A5830286103A55745067B9D86B8A3CF9C7F90C11DE607
310
FB144396D7B6A82D282E9A152AD114D5EF2CB866EEE831B8EEA07A7BB5A8D7D61A2BAAEB7FD5F70921FF497D00504B0304140006080800CC70623B0D6EF93BFE000000A00100003B0000006662782F39464131463745442D413632322D343644302D413938332D3331353338454246344243312F7265736F75726365732F63
310
6F72652E786D6C8D50596E833010BD0A9ADFCA60B334011947A8694ED00B586642AC041B79A97AFC9A40A5F6AF3F33A3B7689E1E3F7DCD8FEC139DD7D6F4C0720A191A65476DA61E62B892236427C19DB5E1970C322367EC618541F0C9D9B8EC90B226A009093576C41D94DE63804C3DD2D18357379C652E63480A7FCF17A9
310
EE72C29CE5894E3AC17D702940B63D59270887DE46A7D0F36263058F518FBB468FE9A7BE6A7420864373B8D4873369AA8691FA421B3294352543C5CAF65C0F6FEF43CB8BD52C78D0F34F46E550061C419494B6843142CB0F5677F4B52BEB177AEC28E5C52AFF638ACBF84F53D42654E51E77B379102C05791282176B5F693D
310
CB4C7BED567C03504B010214000A0000080000CC70623B3DEE336E79000000790000001B00000000000000000000000000000000006175746F6465736B2D64657369676E2D7061636B6167652E786D6C504B01021400140006080800CC70623BD486FD9CA0000000F40000001300000000000000000000000000B20000005B
310
436F6E74656E745F54797065735D2E786D6C504B01021400140006080800CC70623B1EC5D7A3EB0000007C010000080000000000000000000000000083010000636F72652E786D6C504B01021400140006080800CC70623B55019EA25F0000007C000000070000000000000000000000000094020000636E782E786D6C504B
310
01021400140006080800CC70623B8C9102E971010000D40300000C00000000000000000000000000180300006662782F636F72652E786D6C504B01021400140006080800CC70623BFFEA85907E0000009D0000000B00000000000000000000000000B30400006662782F636E782E786D6C504B01021400140006080800CC70
310
623B4FEEA4082C0100001202000031000000000000000000000000005A0500006662782F39464131463745442D413632322D343644302D413938332D3331353338454246344243312F636F72652E786D6C504B01021400140006080800CC70623BAD7543B64E010000330300003000000000000000000000000000D5060000
310
6662782F39464131463745442D413632322D343644302D413938332D3331353338454246344243312F636E782E786D6C504B01021400140006080800CC70623B16AB87BA640500003C1000003400000000000000000000000000710800006662782F39464131463745442D413632322D343644302D413938332D3331353338
310
454246344243312F6F626A656374732E786D6C504B01021400140006080000CC70623B0000000000000000000000003500000000000000000000000000270E00006662782F39464131463745442D413632322D343644302D413938332D3331353338454246344243312F76657274696365732E62696E504B01021400140006
310
080800CC70623BF270F133060000000400000036000000000000000000000000007A0E00006662782F39464131463745442D413632322D343644302D413938332D3331353338454246344243312F747269616E676C65732E62696E504B01021400140006080000CC70623B0000000000000000000000003700000000000000
310
000000000000D40E00006662782F39464131463745442D413632322D343644302D413938332D3331353338454246344243312F617474726962757465732E62696E504B01021400140006080800CC70623B08DA0BD190000000410100003600000000000000000000000000290F00006662782F39464131463745442D413632
310
322D343644302D413938332D3331353338454246344243312F6469726563746F72792E786D6C504B01021400140006080800CC70623B0D6EF93BFE000000A00100003B000000000000000000000000000D1000006662782F39464131463745442D413632322D343644302D413938332D3331353338454246344243312F7265
310
736F75726365732F636F72652E786D6C504B0506000000000E000E0080040000641100000000
  0
XRECORD
  5
175
102
{ACAD_REACTORS
330
173
102
}
330
173
100
AcDbXrecord
280
     1
270
     1
271
     1
  0
XRECORD
  5
174
102
{ACAD_REACTORS
330
173
102
}
330
173
100
AcDbXrecord
280
     1
270
     1
271
     1
  0
XRECORD
  5
1FB
102
{ACAD_REACTORS
330
173
102
}
330
173
100
AcDbXrecord
280
     1
 70
     0
 90
1673772943
  1
ECE7A1D2-D628-4531-984C-D00F80459256
310
504B03040A0000080000CC70623B3DEE336E79000000790000001B0000006175746F6465736B2D64657369676E2D7061636B6167652E786D6C3C3F786D6C2076657273696F6E3D22312E302220656E636F64696E673D227574662D3822203F3E3C666F726D6174733E3C666F726D61743E687474703A2F2F736368656D612E
310
6175746F6465736B2E636F6D2F64657369676E2D7061636B6167652F323030393C2F666F726D61743E3C2F666F726D6174733E504B0304140006080800CC70623BD486FD9CA0000000F4000000130000005B436F6E74656E745F54797065735D2E786D6C7D8EC10E82300C865F65E91D8A1E8C310C0EEA1BF002731658846E
310
D98AC1B77784ABF1D8FE5FBFBF75BBCE937A534CCEB38643598122B6FEE978D0B0485F9C41B54DDD7D022595594E1A469170414C76A4D9A4D207E29CF43ECE46F218070CC6BECC4078ACAA135ACF422C856C0E68EA1BF5669944DDD7BCDE7B1F8E415D77AECB980613C2E4AC91FC167A2B244592486606FC29C8FD7F045B9A
310
EF7053A7E60B504B0304140006080800CC70623BD9DDAED0EC0000007C01000008000000636F72652E786D6C8D90416EC3201045AF82665B61836D9CD8C2444DD39CA01740405C94182C03558F5F9C3852BBEB6A467FFE9B197D7EF89E6EE8CB2CC17A37002D0820E394D7D68D03A478C17B4007C117EFE32F1B20272733C0
310
2A83E0E3E2D3BC49CABB685CCCAAF3DA6CA20CC14440EA969B0182FA34932C648AD911AEC52CD5558EA6A0CF2EC329598D1E47ACCEFBECC59A050463A7EA5833865FEBDD0E37353BE3EE8DBDE3F6786A48D375FBF6CC78B9C282473B3DEFABC5C86834888A900E538A49F5419B9EB47DD5BC907D4F082F57FB1F28CDFA9F50
310
B22ED6D5F6EE030B20687EE43E10BC5CB3C8E51E54AE6B6EE207504B0304140006080800CC70623B55019EA25F0000007C00000007000000636E782E786D6C4DCB3B0E80201045D1AD90E915ED2CF8AC45050C11660C8261F98AB1B07AC9C97D42D718D865D3E909258CFD00CCE24AC6E326A164D74DC0B4128928FF326038
310
472BA13128B1252AC747C6BAB984FC68F0B87FE8960A5C09FE86CFB69FBA01504B0304140006080800CC70623BA24EB22D72010000D40300000C0000006662782F636F72652E786D6CC5535B6E833010BC8AE5DF0A6C5E49888CA3A6694ED00B38E05014B091B1518EDFE511A5A9D228FD2A1F60CDEC7A67C6986DCE4D8D7A
310
69BA4AAB0C073EC548AA5C17952A33ECECD15B61B4E1CC686DBF9561A44423333CC098B3D268D7CE50AE9595CA02AA74216750749DB418E5352C32DCE59FB211BE70162ABA93DF8AFC244AE9073ED050C759670D0840D390E18DF9F1706664C23973AE2A66B62A605A75ACA4C13C4976E1364A12EF355A2EBD384AF65EFA96
310
BC7B8BED2EA6719AAE16FB8491A199335B351775B991C2CA02F390D2D40B028F861F41BCA68B7518BFD0D59A524686F29B26D7164F36B94AD9289CE54E6D1DE6010819891F6E21228B3AD1831EC219194284CF98F06DD01008846CC5A1BEF83801D4CBDC6A1303536877A57A513B0953A94FC707FDBE6064EA84A9E3E6E0FA
310
EE8CF0E9198F7784A316AA0413C2C2F2E0ECA0934D1AE6D05A69BCDE9E91D2A611F573361E38FC1375157F5752AE6B6DFE4B11990F88CCBF0719EE23FF02504B0304140006080800CC70623B408A7D3B7C0000009D0000000B0000006662782F636E782E786D6C4DCCD10A83201886E15B91FFDC552A92A0064DBC8F581632
310
D3703A76F9ABD1C18E3E78F878E5F0D9027ABBFCF2292AE86E2D20171F69F6715550CB827B40839639A5F2770314A7CD293819B45C73AAFB45B35BA61ACAA1C1C7E7855C58C15BC331339661262CC762340413D68D77DA5B42298546CBE6573AF60CEB2F504B0304140006080800CC70623B449FB9BD290100001202000031
310
0000006662782F36394639363044362D344446342D343946362D394244322D3234314243333846323333332F636F72652E786D6C8D515B6EC32010BC0AE22B55850D98B871848994463E412FE002495162B07854397EA176A4F62F3F2C9A9D991D587EB84F37F0AD7D30CEF6905418026DA553C65E7A98E219ED203808EE9D
310
8B7F6810D871D23D2C3014FCE25D9A57483A1BB58D19B54EE9151C43D0110279CB971E06F9A5A7B11A53CC8C70ADE6515EC78BAE4895DB992778883E0700CB907242D17643D7E2538BD869608875438BBAE38922CAC8F1BDD90DB4691A5E2F42C153326A951B95E398B3D1FE599322163C9AE9115F7A3D46ADA0A018778810
310
84E907617BDCEE297BC5BB3DC6BC2EF47FA234AB2745C9D8D8D035EE220B50105E2F0DC1954B9FB747187D9F9D8FA0CCDB042D5FA0C015C65B42DF78BD10F3F3B363CB56C7109DCFDFBBB97E662ED92EB62D13BC2E1BCAE5777DB9966D8A1F504B0304140006080800CC70623BAD7543B64E01000033030000300000006662
310
782F36394639363044362D344446342D343946362D394244322D3234314243333846323333332F636E782E786D6CD593CD6EC32010845F0571AD6CE3D48AD20813A9873E410FBD12D82434182C7EAAE6EDBB2424CD25871E7B41D6EC30B3FA84F9E67BB2E40B4234DE8DB46F1925E094D7C6ED479AD3AE5951B2113C789FEE
310
6C943839C1488B4C05DF079FE72A69D8C96C13AAD6B8631503449F83828872B949AC57D26200B826A308D316B4064D6E46FCDA41C05550DC9E483A00797BFD207EFB092A45DE9514C1BBD22178396BD39D891265658C238DEA00936C654E5E433CB65A26D9F6EDB5EBC14EBF49A45CB856E66048291F6939A9A81BB5C89177
310
38143CA680F4AA299D66A042CEB3354A2684DC9D8D178FE0D9B8B41CAAD720F880EE7EF93C0C18769E099ECC04D5A102C8049A8A05632F4DDF376CF1DE0F6BB65C2F8627B65A33C6BB62177CEBBDAD973006829F89F22E814B54F4BC2BE347F8AA8F681390B50FA73F804400B5F542E796F19FF974E7F78DB802FE05E20750
310
4B0304140006080800CC70623B8D05915C650500003B100000340000006662782F36394639363044362D344446342D343946362D394244322D3234314243333846323333332F6F626A656374732E786D6CAD575B6FA33814FE2B887D06429276DA1565D4266D158D3A339A6846FB502932E050B66023DB74D2FDF5FB190C01
310
9276B2973C046C8ECFF53B17071F77456EBD502133CEAE6CDF9DD81665314F32965ED995DA3A17B6F5310C04E7AA47665B8C14F4CAD6DB7618A48257A5D94AE89654B91AEDDEDDFC61C998326A5B714EA4BCB265FC440BE2924AF184CA6737218AB8E976E7FA6E4338649B0A523E8D98964450A6A029F619B8588D52FE7039
310
B1BD30F0F4F730D0FF866AF6369557DB33949F31A9088B0F848DD8CCFCF9F2767A76E99CCDE733677E3EF59D9BBB9BA5E37F984D16E78BC5E5F5ED25044B25C0C96822E8D60EEFE11B91C581D77CEA34368A1F5329E68CD1B8B61F16D63A1B8E092D294B10C78C4A48EB593D192E7DED9BDEE7995E1B91FDEDD3ACEA9FE831
310
6A756F9F7D4D79F4274C90A7A04248AA51D5F8C718DAE06FB2F75AC4796EBE65D22A88A22223B995679120E2D50E41AA49C260C046A35368846B0BECD0DFF3EBEB8AD4F835768F69B9ADF25C43D30E6B646F807FAA64AD59F61715C7A54127C4AACA98BA3006A9D792DAE165E0D59B61A01FB3A9F9D838D2DAE62445C86166
310
F37564E842E7DE6A69879FEEA2DD5AE7E371E1A5E025154AC307D06A03D73EB5978C58FFA4C8E9033066E0F3BD53BEC1F39F91BE7B55103791EDE6BBB991A2046172CB4581D8B893FA674DDA17A77B3B7C413D1B511FD2743BFF8A38F03A658705E3ADF8015C3A3417FF3D7E439FF591DA0B5F18BC20C1B8981957AE6392A3
310
F43C640C01D1A0B4728E2DD4F26DB4B3C3152A252A3B4E913CEC1C72F012782FF88EFF8637AA552DBEF76408E8A8DE9E50F9E1CB3A2DA0DB1B6039A893B56063DC5B3E3FFB5F72E67AB9FEB4AEC496C4F4C1149625DD662C53E89D7BF0F6151A046260D1337DFDC94502430F83B0EE07A130A224BCAD7DAE1D9FB6CD422FF6
310
920702629C4BB9AE79C12F243C6432A6794E18E5552BA56B431AAB5D91317302B2B071E86C3A42B1A02F999E24061403B5D0EB639195DA655DD3EBEAB4FB862DDF579F014AD0E73C22F99E28DA57FB98E75C6CA2D74D53086D600F4786E0FE3144B771A8A7B900F03594DB8A633CBC49B2EDB69228BB479CF863B5E807AAAB
310
23872F6DFEB4129B949CA33823F58830E86D65621E10047D9DB34D862E8EAC3C2ABC2F7B2C40D67CDFE01F5545B92105AF983AC54D93D69E56FB8E797F88913F898A9FEC705D3F9D1B54EC8426FB500D40A03BD0119B06E1B95DDC7EB8F6975367793EBD70E66733DFB9BC982F9CE564727731999F5D4ECFCE3B8D6A4DC2A0
310
6D50FD148437D110834A64C6CDDF57FBACB5C307A2A477DFE4939736CFEF2B175371E0E10CF0DD1D5C15654E0BCA14D1E87DD02FF93782A162C0A3D95F1524A52770F972BF1EE9809D13CE7DD599467F8ECE9ADD85CE85A34CD45355448C64F9E8A031DC2D596ACC6E5DD93D9B82DE2EF5CAF81363A8E47996A0DE24564A79
310
4115AACE09C55E14540231FDA13C319787134EBF34E3A022514E5B4D9E0826E25C02D5805B15ABE1BEF51B26383D445DD9E875EE33FE4C22DA16427D65A3BCA92CA6D28DD01DF5DC53330704308475351050232CCD31583787BA75774AFB06E5070DD0C8EF484E19968C5D83BA5B90B244D31E54D55A372320FE4786B7EA58
310
44E135AA5467CB7EA333A61683CC6A8C3257034C10CF46F40EF9F5BE59BE5BD30C3C72D235E95D10345C1D45445A5F0BB47E46A5EBE5570F9380B5FA629579952296A773720405982B9DE04011506178964401AA8BDF1FBF0A8EAB6861DD6580C0E38217056766716DAEB2D6FA0917D3E4116581EADB879C4E7CFFB11EFACD
310
3D641311495D92C8676CB409A72D18610D803CE8A626049E8EC1887CB5B44CC39883690DDA8399B4B9855B481E7D71D4A9D22F96E5BB73BF5793020C02137BF837504B0304140006080000CC70623B000000000000000000000000350000006662782F36394639363044362D344446342D343946362D394244322D32343142
310
43333846323333332F76657274696365732E62696E504B0304140006080800CC70623BF270F1330600000004000000360000006662782F36394639363044362D344446342D343946362D394244322D3234314243333846323333332F747269616E676C65732E62696E636660600000504B0304140006080000CC70623B0000
310
00000000000000000000370000006662782F36394639363044362D344446342D343946362D394244322D3234314243333846323333332F617474726962757465732E62696E504B0304140006080800CC70623B08DA0BD19000000041010000360000006662782F36394639363044362D344446342D343946362D394244322D
310
3234314243333846323333332F6469726563746F72792E786D6C858F410AC3201045AF22B36F53E9A60B35CBEEBAE80D244E44489C6234F4F835464A48035D0DF398FF9F8AF63D0E6CC63039F212F8F9020C7D47C6792B21C5FE7403D62A1188E2E60C98D7234A5830286103A55745067B9D86B8A3CF9C7F90C11DE607FB14
310
4396D7B6A82D282E9A152AD114D5EF2CB866EEE831B8EEA07A7BB5A8D7D61A2BAAEB7FD5F70921FF497D00504B0304140006080800CC70623BCA768048FE000000A00100003B0000006662782F36394639363044362D344446342D343946362D394244322D3234314243333846323333332F7265736F75726365732F636F72
310
652E786D6C8D50596E833010BD0A9ADFCA60D600328E9AA639412F609909B1126CE4A5EAF16B0295DABFFECC8CDEA2797AECF8353F924FB44E193D409E5248504B332A3D0D10FC95B4901C39B3C6F85F3248B49871801506CE266BC2B243D2688FDA47549B11775038871E12F988C7004EDE7016A9083E2ADC3D5D84BC8B09
310
D33C8D74D471E6BC8D0192EDC93A815B742658898E651BCB59086ADC356A8C3FD555A1055ED7E7E254D615792D0F075295F585746FF53B694EE78A565DD736979A65AB9933AFE69F8CD2A2F038022F28ED489E135A7CE4554F9BBEA85E68DB53CAB255FEC71496F19FA6A0B42F8B3DEE6673C0F318E4497096AD7DC5F52C33
310
EEB55BFE0D504B010214000A0000080000CC70623B3DEE336E79000000790000001B00000000000000000000000000000000006175746F6465736B2D64657369676E2D7061636B6167652E786D6C504B01021400140006080800CC70623BD486FD9CA0000000F40000001300000000000000000000000000B20000005B436F
310
6E74656E745F54797065735D2E786D6C504B01021400140006080800CC70623BD9DDAED0EC0000007C010000080000000000000000000000000083010000636F72652E786D6C504B01021400140006080800CC70623B55019EA25F0000007C000000070000000000000000000000000095020000636E782E786D6C504B0102
310
1400140006080800CC70623BA24EB22D72010000D40300000C00000000000000000000000000190300006662782F636F72652E786D6C504B01021400140006080800CC70623B408A7D3B7C0000009D0000000B00000000000000000000000000B50400006662782F636E782E786D6C504B01021400140006080800CC70623B
310
449FB9BD290100001202000031000000000000000000000000005A0500006662782F36394639363044362D344446342D343946362D394244322D3234314243333846323333332F636F72652E786D6C504B01021400140006080800CC70623BAD7543B64E010000330300003000000000000000000000000000D20600006662
310
782F36394639363044362D344446342D343946362D394244322D3234314243333846323333332F636E782E786D6C504B01021400140006080800CC70623B8D05915C650500003B10000034000000000000000000000000006E0800006662782F36394639363044362D344446342D343946362D394244322D32343142433338
310
46323333332F6F626A656374732E786D6C504B01021400140006080000CC70623B0000000000000000000000003500000000000000000000000000250E00006662782F36394639363044362D344446342D343946362D394244322D3234314243333846323333332F76657274696365732E62696E504B010214001400060808
310
00CC70623BF270F13306000000040000003600000000000000000000000000780E00006662782F36394639363044362D344446342D343946362D394244322D3234314243333846323333332F747269616E676C65732E62696E504B01021400140006080000CC70623B00000000000000000000000037000000000000000000
310
00000000D20E00006662782F36394639363044362D344446342D343946362D394244322D3234314243333846323333332F617474726962757465732E62696E504B01021400140006080800CC70623B08DA0BD190000000410100003600000000000000000000000000270F00006662782F36394639363044362D344446342D
310
343946362D394244322D3234314243333846323333332F6469726563746F72792E786D6C504B01021400140006080800CC70623BCA768048FE000000A00100003B000000000000000000000000000B1000006662782F36394639363044362D344446342D343946362D394244322D3234314243333846323333332F7265736F
310
75726365732F636F72652E786D6C504B0506000000000E000E0080040000621100000000
  0
XRECORD
  5
176
102
{ACAD_REACTORS
330
173
102
}
330
173
100
AcDbXrecord
280
     1
270
     1
271
     1
  0
XRECORD
  5
177
102
{ACAD_REACTORS
330
173
102
}
330
173
100
AcDbXrecord
280
     1
270
     1
271
     1
  0
CELLSTYLEMAP
  5
1134
102
{ACAD_REACTORS
330
162
102
}
330
162
100
AcDbCellStyleMap
 90
        3
300
CELLSTYLE
  1
TABLEFORMAT_BEGIN
 90
        5
170
     1
 91
        0
 92
    32768
 62
   257
 93
        1
300
CONTENTFORMAT
  1
CONTENTFORMAT_BEGIN
 90
        0
 91
        0
 92
      512
 93
        0
300

 40
0.0
140
1.0
 94
        5
 62
     0
340
11
144
6.0
309
CONTENTFORMAT_END
171
     1
301
MARGIN
  1
CELLMARGIN_BEGIN
 40
1.5
 40
1.5
 40
1.5
 40
1.5
 40
4.5
 40
4.5
309
CELLMARGIN_END
 94
        6
 95
        1
302
GRIDFORMAT
  1
GRIDFORMAT_BEGIN
 90
        0
 91
        1
 62
     0
 92
       -2
340
14
 93
        0
 40
1.125
309
GRIDFORMAT_END
 95
        2
302
GRIDFORMAT
  1
GRIDFORMAT_BEGIN
 90
        0
 91
        1
 62
     0
 92
       -2
340
14
 93
        0
 40
1.125
309
GRIDFORMAT_END
 95
        4
302
GRIDFORMAT
  1
GRIDFORMAT_BEGIN
 90
        0
 91
        1
 62
     0
 92
       -2
340
14
 93
        0
 40
1.125
309
GRIDFORMAT_END
 95
        8
302
GRIDFORMAT
  1
GRIDFORMAT_BEGIN
 90
        0
 91
        1
 62
     0
 92
       -2
340
14
 93
        0
 40
1.125
309
GRIDFORMAT_END
 95
       16
302
GRIDFORMAT
  1
GRIDFORMAT_BEGIN
 90
        0
 91
        1
 62
     0
 92
       -2
340
14
 93
        0
 40
1.125
309
GRIDFORMAT_END
 95
       32
302
GRIDFORMAT
  1
GRIDFORMAT_BEGIN
 90
        0
 91
        1
 62
     0
 92
       -2
340
14
 93
        0
 40
1.125
309
GRIDFORMAT_END
309
TABLEFORMAT_END
  1
CELLSTYLE_BEGIN
 90
        1
 91
        1
300
_TITLE
309
CELLSTYLE_END
300
CELLSTYLE
  1
TABLEFORMAT_BEGIN
 90
        5
170
     1
 91
        0
 92
        0
 62
   257
 93
        1
300
CONTENTFORMAT
  1
CONTENTFORMAT_BEGIN
 90
        0
 91
        0
 92
      512
 93
        0
300

 40
0.0
140
1.0
 94
        5
 62
     0
340
11
144
4.5
309
CONTENTFORMAT_END
171
     1
301
MARGIN
  1
CELLMARGIN_BEGIN
 40
1.5
 40
1.5
 40
1.5
 40
1.5
 40
4.5
 40
4.5
309
CELLMARGIN_END
 94
        6
 95
        1
302
GRIDFORMAT
  1
GRIDFORMAT_BEGIN
 90
        0
 91
        1
 62
     0
 92
       -2
340
14
 93
        0
 40
1.125
309
GRIDFORMAT_END
 95
        2
302
GRIDFORMAT
  1
GRIDFORMAT_BEGIN
 90
        0
 91
        1
 62
     0
 92
       -2
340
14
 93
        0
 40
1.125
309
GRIDFORMAT_END
 95
        4
302
GRIDFORMAT
  1
GRIDFORMAT_BEGIN
 90
        0
 91
        1
 62
     0
 92
       -2
340
14
 93
        0
 40
1.125
309
GRIDFORMAT_END
 95
        8
302
GRIDFORMAT
  1
GRIDFORMAT_BEGIN
 90
        0
 91
        1
 62
     0
 92
       -2
340
14
 93
        0
 40
1.125
309
GRIDFORMAT_END
 95
       16
302
GRIDFORMAT
  1
GRIDFORMAT_BEGIN
 90
        0
 91
        1
 62
     0
 92
       -2
340
14
 93
        0
 40
1.125
309
GRIDFORMAT_END
 95
       32
302
GRIDFORMAT
  1
GRIDFORMAT_BEGIN
 90
        0
 91
        1
 62
     0
 92
       -2
340
14
 93
        0
 40
1.125
309
GRIDFORMAT_END
309
TABLEFORMAT_END
  1
CELLSTYLE_BEGIN
 90
        2
 91
        1
300
_HEADER
309
CELLSTYLE_END
300
CELLSTYLE
  1
TABLEFORMAT_BEGIN
 90
        5
170
     1
 91
        0
 92
        0
 62
   257
 93
        1
300
CONTENTFORMAT
  1
CONTENTFORMAT_BEGIN
 90
        0
 91
        0
 92
      512
 93
        0
300

 40
0.0
140
1.0
 94
        2
 62
     0
340
11
144
4.5
309
CONTENTFORMAT_END
171
     1
301
MARGIN
  1
CELLMARGIN_BEGIN
 40
1.5
 40
1.5
 40
1.5
 40
1.5
 40
4.5
 40
4.5
309
CELLMARGIN_END
 94
        6
 95
        1
302
GRIDFORMAT
  1
GRIDFORMAT_BEGIN
 90
        0
 91
        1
 62
     0
 92
       -2
340
14
 93
        0
 40
1.125
309
GRIDFORMAT_END
 95
        2
302
GRIDFORMAT
  1
GRIDFORMAT_BEGIN
 90
        0
 91
        1
 62
     0
 92
       -2
340
14
 93
        0
 40
1.125
309
GRIDFORMAT_END
 95
        4
302
GRIDFORMAT
  1
GRIDFORMAT_BEGIN
 90
        0
 91
        1
 62
     0
 92
       -2
340
14
 93
        0
 40
1.125
309
GRIDFORMAT_END
 95
        8
302
GRIDFORMAT
  1
GRIDFORMAT_BEGIN
 90
        0
 91
        1
 62
     0
 92
       -2
340
14
 93
        0
 40
1.125
309
GRIDFORMAT_END
 95
       16
302
GRIDFORMAT
  1
GRIDFORMAT_BEGIN
 90
        0
 91
        1
 62
     0
 92
       -2
340
14
 93
        0
 40
1.125
309
GRIDFORMAT_END
 95
       32
302
GRIDFORMAT
  1
GRIDFORMAT_BEGIN
 90
        0
 91
        1
 62
     0
 92
       -2
340
14
 93
        0
 40
1.125
309
GRIDFORMAT_END
309
TABLEFORMAT_END
  1
CELLSTYLE_BEGIN
 90
        3
 91
        2
300
_DATA
309
CELLSTYLE_END
  0
ENDSEC
  0
SECTION
  2
ACDSDATA
 70
     2
 71
     8
  0
ACDSSCHEMA
 90
        0
  1
AcDb_Thumbnail_Schema
  2
AcDbDs::ID
280
    10
 91
        8
  2
Thumbnail_Data
280
    15
 91
        0
101
ACDSRECORD
 95
        0
 90
        1
  2
AcDbDs::TreatedAsObjectData
280
     1
291
     1
101
ACDSRECORD
 95
        0
 90
        2
  2
AcDbDs::Legacy
280
     1
291
     1
101
ACDSRECORD
  1
AcDbDs::ID
 90
        3
  2
AcDs:Indexable
280
     1
291
     1
101
ACDSRECORD
  1
AcDbDs::ID
 90
        4
  2
AcDbDs::HandleAttribute
280
     7
282
     1
  0
ACDSSCHEMA
 90
        1
  1
AcDbDs::TreatedAsObjectDataSchema
  2
AcDbDs::TreatedAsObjectData
280
     1
 91
        0
  0
ACDSSCHEMA
 90
        2
  1
AcDbDs::LegacySchema
  2
AcDbDs::Legacy
280
     1
 91
        0
  0
ACDSSCHEMA
 90
        3
  1
AcDbDs::IndexedPropertySchema
  2
AcDs:Indexable
280
     1
 91
        0
  0
ACDSSCHEMA
 90
        4
  1
AcDbDs::HandleAttributeSchema
  2
AcDbDs::HandleAttribute
280
     7
 91
        1
284
     1
  0
ACDSRECORD
 90
        0
  2
AcDbDs::ID
280
    10
320
D3
  2
Thumbnail_Data
280
    15
 94
     4732
310
89504E470D0A1A0A0000000D4948445200000100000000B5080300000087DCD12600000300504C5445FFFFFFFFFFFFFFFFFF0000000000000000000000000000000000000000000000000000330000660000990000CC0000FF0033000033330033660033990033CC0033FF0066000066330066660066990066CC0066FF0099
310
000099330099660099990099CC0099FF00CC0000CC3300CC6600CC9900CCCC00CCFF00FF0000FF3300FF6600FF9900FFCC00FFFF3300003300333300663300993300CC3300FF3333003333333333663333993333CC3333FF3366003366333366663366993366CC3366FF3399003399333399663399993399CC3399FF33CC00
310
33CC3333CC6633CC9933CCCC33CCFF33FF0033FF3333FF6633FF9933FFCC33FFFF6600006600336600666600996600CC6600FF6633006633336633666633996633CC6633FF6666006666336666666666996666CC6666FF6699006699336699666699996699CC6699FF66CC0066CC3366CC6666CC9966CCCC66CCFF66FF0066
310
FF3366FF6666FF9966FFCC66FFFF9900009900339900669900999900CC9900FF9933009933339933669933999933CC9933FF9966009966339966669966999966CC9966FF9999009999339999669999999999CC9999FF99CC0099CC3399CC6699CC9999CCCC99CCFF99FF0099FF3399FF6699FF9999FFCC99FFFFCC0000CC00
310
33CC0066CC0099CC00CCCC00FFCC3300CC3333CC3366CC3399CC33CCCC33FFCC6600CC6633CC6666CC6699CC66CCCC66FFCC9900CC9933CC9966CC9999CC99CCCC99FFCCCC00CCCC33CCCC66CCCC99CCCCCCCCCCFFCCFF00CCFF33CCFF66CCFF99CCFFCCCCFFFFFF0000FF0033FF0066FF0099FF00CCFF00FFFF3300FF3333
310
FF3366FF3399FF33CCFF33FFFF6600FF6633FF6666FF6699FF66CCFF66FFFF9900FF9933FF9966FF9999FF99CCFF99FFFFCC00FFCC33FFCC66FFCC99FFCCCCFFCCFFFFFF00FFFF33FFFF66FFFF99FFFFCCFFFFFF0000000D0D0D1A1A1A2828283535354343435050505D5D5D6B6B6B787878868686939393A1A1A1AEAEAEBB
310
BBBBC9C9C9D6D6D6E4E4E4F1F1F1FFFFFF000000000000000000000000000000000000000000000000000000000000AD4AB4E4000005EF4944415478DAED5D49B6E3200CE406B986EE7F809CC42B2FFBF9109DFCC99841031023012CF26927FDBBAB24A0900471C7E4CDFD9BB9BD0998BA2D02FE08D84669C50404EFC8FFE5
310
23DDA71FBFBA8F4BDB722F0F1A513B027E3B70F9E1B5AF274FEF77B9649F7EFCEA3E787FB1070190F9F9D3199D008870078E31380181B9130FC626206776AF333401B4FDEF2660EB3009A2F60718D80318F6871996411CFF843A209819872700B7FFD72F68D11EDCBDFBED4208B7FF344208B22BC21C4208B20B214C2184F2
310
F687A13D8016C2ED74C053A11264F8FF143A00B5FF443A20B7331A3E2042E09F2E2012AD0C034F8228FE3994206DFFBBF7029D7440DEFE6EAA8048BC200EAE0469FF87D12741DCFE3097129C353344450667F180D93343F0E980C8532501FA32437D84109A219E4008E17E30B214A674F064011137B90E7073EA80D92B441C
310
1D187D362A9333AA035EDBE1130860458480BE77E8F6002C43FA22201B2D49861052EFE924800E88814F40057E3E015D6A8490808847400D7EA77A08E0F87F09A8C2AF9A80AC10049F803AFC9A0940C73F8F00C67B9BDABD0065FF1F022AF1BF08D8744E8259217C12F326A016BFDA21C0D910BF08A8C6AF950086FDDF43A0
310
1EBFEE659010C4A7122CC76F550780230860FB86DA4990D6411801FCB1615107D00408E606BD0430022239022473A35A028044033902446B83761D400444AAF1BF083834568BD31512901B02426D60242092AE143DB66AFC4E7B480C5B10530488B5A1092194AB143DB66AFC263C205B297A6CD5F8352B41724388EE05B8BE
310
A15F08E52744090159DF502F8490055140407E6C180F8854E3D71E104105119B00043FB027C1BE15224E1C1061E2571C15160544A014BF8DC448C4030856011CBF11295CA10308FC160322221D40E137E00159FC1C0248FCF60222321D6096001A3FCB0368FCE60222A10E804AFC463243591D508DDF5840C40501917AFCAA
310
6B8488BBD488398087DF446628278C4B93A3416E507B85487E6358981C35921B24ED8F0644D8F89DDD4A51284B8EC6B94195415160E02F4A8E9AC90D52F8B1394082DF686204AD109126472DDE258679C010C9515C07A242489E1CD59A19A2EF121A3B39CAB84B6BE8E428E72EAD46C951D57788A047472202C0C99BF28008
310
863F22A004BFEA4249EA2E9D808022FCC64E8C60152265F84D558AA2152285F81D1CF6EE124B29C162FC862A45B1CC50F9C1019DE971D65D6AC03C398A73632531E2B08048057EB347677D215483DFCA919924219C93A3E4DC60AB54361510A9C3CFAF16D72084C23B44A883930CFCA64A655399A1610F4E328FCC0C7B7092
310
7597D6D007273977693D8FE28B43FCCB55DEDF23B6BF5FCEDEF9E2351D0191AB0E68D4C8FFF8C6F9D03D97AB5F7440937630BE26EFEBBE9D9E0111C78B90601F85CCE4F0E47D4B6017024AF08B1F3CC591B37E0111CE6DCB620F8908D8BF9B060FB8C1FE977B39BFD147BD4E0494D81FC41E72B99EDA0576F7FFD8CF03E0A3
310
F6F78740E4F6FEA3BB09A898EE051E72B99E3A81FFFDB40F014DCD8DE2FF23603FC15EF0EF5D8700DFFE20F790EBBD9CBB4B3070B2D25908F18C291EFF1E01FBC5E17DFFDF1508212E98120FB9107065C027458510A2EDCFF7904007ECE1A4E775F74E044807739187FCEA803D821D74FA0921013ABE87443A20367C40C9ED
310
04B49FEE311DB067A6BEF3412F2558B2EC4BEC9F222092041D08A850394CDC1801D19E408F0E28881090C98594072821A085FF939B2AC51E50637FFE1CA2730E28DDF683DC65E855A0B30E28C12F1918EA75404BFD070C21A44409D684BD403431EADC0B14EC6E043B4497088868DC0D56EE7F999FD01C0FF8C8FE379718D1
310
1811FAC4FE37FBCDAD0A63829FD8FF26AA2D33F22F98093B0AA196FBDFD405E50E61A05F5EE033FBDFD427B466861A843B99551601E61FD47BE7DC60451E48F020F48093846834A80D88540B02C5F50155611F7E40447185886BE9EE39AAD052B3CB3775290A8840430F79362B256B4980CA76230156DB226011B00858042C
310
0216018B8045C0226011B00858042C0216018B8045C0226011B00858042C0216018B000601A3343901FF666E6F028EC9DB7F59F2B6725F8626490000000049454E44AE426082B01680DAD28F02D096E3FE6D148078103C7B255D3B082AE5FCCA3E641304A17B6DC868107C67B97FB5F182A145003D117BF2EAA97B285D8D0D
310
AF5643A4701C007C6DF958B5FE0BAE5686C04F0010CABF5A899F01A0ACCFC37EDCCF31A905BEB798BA727ED8076A742D606516946775A56328F70BDAE7141B21041526F9A32A4A010823841C263C0080A803209A007CBEA2878405001095008EB14F59004EF85776FDBF9D6021852B03A0B3EC447CD34522F6AD4741301C5F
310
0DC62635C6A29D0120CD41EAAF9577E81EABF13A00C809CD2500A4D97089DE829404A0D80188557FE9BD911C0FA80320142300FE60B0ECFEBAB607B81B8E79BF8E00509E1E1802400741484F6BB4AD921E917DE919D27E6F276E95D2846A9012F467C5A57759974781B78BC7FE3504C05E080164A35DDA030E2924CA01F091
310
C242D40108638015EF8A0104C16F24002C052029CB2CBF2F2802A8483D7048E3717B8C603E08C600D8DE900E823AD2294A218E7A1D2E79B1958479EE3E8B6EA5177262DC24560C40BAC1DF1C190EE500E846D109003804F623B9D32903605E83D9B40A1702D8958E3CFCDF0EFCC51EE0F40B08AF5F40700E82490F48C400EA
310
AD9853CF507135E88EE5918733940441FFE6BA5B14851ADC37580260EFD369AB06A3370F3B87B902782D2708A1705773C1637C40CD363B91D7E1E0ED9F04C0738044513A67A7B157E9655702A046A505E9FC3DC7D21B927D0FC05F901686E9EF8B1E90F30816E901F00078003C001E000F80A9006C9AE20130230096E93C00
310
7749F500FEFD725A01BC7E3CFD07441BB6147180FB3D0000000049454E44AE42608224E8CFB241E8EB1FB44222D604A5A2E89B714032763F2A89ED5A364880A0A1F0D80B8824D82416941460AA2274C70D3600EC0649108B5BBB920D721D296BEDFC300E681B2521CAAB7B01384F87EF86C23C7685FEF42E6783CDCC100D85
310
692438AC0809C91018B92608CFBBC11C0AD39E96A401369DF6D8196BED89FC21B94D4F5DF0980EC58556673D422C1922D7176A8270A201F0BE17E05D620700360380FD0FBB95567A03973FCBE9E9A49A5A15460EE893A1E205A0FDB4514D30B6623C05806002D2EC70333566691B4D8E08D5AA300642402682849218477BA8
310
0170C70D361C8026C06786C6F29BD856DCCE2AEEA38A90A92B468C5C126BB4CD3EDD295AD3E1360EF096F7440AB3C36DB1C05A831C5067157733CC06C98A11CBE5374D4D104E8AA2708704793388D22031981DCEA91A3781413DA0DA7435F38D470106784D10C66E10DE0C84340078ABCFD4B249F6CCAC4282E1912C4A2004
310
C0578C9C351F85ED4B5939FA48A324AD61DD0180728037BBB772A32498A63F606A13D6205B7BA351526EEA0A0D7FD0CE704DF5492A0D12F674C508608B0594DC7A8B71451A7BDC3979005E5007C7B5831C0A4B660E02ED982DAE48790164C3F12F9CF1E23FEB89F2C6703924C1F8F576C9087C5AE5A20542283F4033C9B2BD
310
C23DC4FB283B5BB1E7F4F579C90958292F689E2768E55563173460B62B366CCED11F8206D440086AC119488D2416090F958F96813BC54E9CA33F0EC5204F4854FCD48192B86AACA381DCD2710071597E9BE3802C778160D02C6D8116DC99FCA487308313D7D540D0AE929886AF93827AED6DF02C4C190056E7F1C5DB46004A
310
AB636D97237D739E660FA55738EE1D77E5D3573CA6EFBBD22B42461F7F609351407D257E89D6F1EB7CFDF6A91BD102F22D8C01703A006F18401EF5F83FD91D97C5517E18CA8FE171900C927943FAAA34433A1837227EE68002C1A409605FF83900FD43A50801242BC83BC38A505D3070223FE0EA4A0799E0A2FE47004AF45C
310
C5AF249821186A80271AE0B306E44637282B4751F5BDE1D173F9EBB4C6CEA7F03A98413CED4E2B422009CB3BC6C8AA8A2C7C528388852DAD241BE57FC7FDC1040025F8AF1A30D0FF3D3D7E83AC9D2E6A4F5D400440EF11824BF287BB77645C2323985AA9D80C577B94DF9D91207964546EEB4A1A90C7DF13FE2B5B0A74F9B3
310
037C32BEA025897F0EF1DD79551884CE51263F94551506ED3F5C1F922ED44AC58603EE98FC03001A0EA85D4DD0F77C898F90EC97D1BB860ADD6955F874FCD912F334F2AE384347C0DD8AC25710F0708603709F7040B4F9A401F93962B864BC20501BC9C2C0470E70C1FEE3C1040748FCD7C98FD34751988C42D205D77A0147
310
F49EF0C18C1B2C3985F5E49102F401111901433BC80800C87D49FDF3389C4C8D69FC0F6CFCB146C0F9CF495E800150D56002805A7C16F31EB2363A3F376A374C038AF32791A01A07E0D4582F3F50F91B8FB815D1A08A694B496C6BBD9FAB4470CA01C4E20700EC65363D25FB3B07C079F2E2F2FEB0595A70F6FDF8D7664263
310
80C89FE9CD96F481CBECA8273CF30240CBE2B659FB592A1C597483C58E96039CCF7690BD80C3CB69CDD2D2124A65FC13004064CC58702FE068303C0F4035053F3481130D2831802BAFDE0F9AA515F905FE4FF691EB6619DD1C0BF05CC049F2AB00387C762C2F8BE3A44826BFB81F451872803189FC4D8E035CF6217A2004F6
310
9AFCF9EE8188076D2EE01AFF3F0640EEF04E4F912953067BAEEDF68110F702943D1C0909E6164C74C93091BF2E31979EC0584B621B257E960F4C678358657B74DB5A0EF89E6F9A02F3861B541EA1E1FBA781F061E71D153BCF3B9276FA72D802D04604CD8C88F2AAFFA24C8CB04890E6052A004A6987AF172332D6A7AA7200
310
C46A4039DCBC9F7EAAECE01193CA2FC034C9D0955CA0A9EC20091A4FD78B5100AA2AB41A807FED1CBB5C50C581060C87D9CC8C3F90E46A6B46FD3C1B748DF2230085E977C3867C273E4004207E2EBB9C8B9F39FB6CF1CBFA0F7466E88D7AC008809CED65F173E893938170BAB69E53000EFC3DADCC99130040EC3BBA227F5D
310
7B76BD22A470C0F6F036E080EBE3DF9FE16EF0524DD05DE5008504F9353C29C9FA5A2E3BF302EFE97FE7052E558595C9D172C73D00A516D0BB41AB5C6E04C005F9755F6085E6D2D979811300F430E04100A69CDD081EDB37977653630A003FFDBDA0764AC0E1AF9917187E65D79DEF1A7B201C5666EC3EB875DF36B77DF2DB
310
E636F37DDBBB5FB7F7CB013033009805C0328105C0350036B6F8F43F0E80DA8AB57DC3F64F6AC0F63113D8FE4512BC7BC17F665B00BC6902667DF7F8026001B0487001B04CE087CB14DF566DBA01C0EFD816007F1D801B24B8005826B00058002C0016092E0096092C0016000B80DF4E82A98DE8B7BE2E37B80058002C0016
310
001C00F7A7B70380D71FDFFE0F4D1C226B705F9E980000000049454E44AE426082
  0
ACDSRECORD
 90
        0
  2
AcDbDs::ID
280
    10
320
D7
  2
Thumbnail_Data
280
    15
 94
     2791
310
89504E470D0A1A0A0000000D4948445200000100000000B5080300000087DCD12600000300504C5445FFFFFFFFFFFFFFFFFF0000000000000000000000000000000000000000000000000000330000660000990000CC0000FF0033000033330033660033990033CC0033FF0066000066330066660066990066CC0066FF0099
310
000099330099660099990099CC0099FF00CC0000CC3300CC6600CC9900CCCC00CCFF00FF0000FF3300FF6600FF9900FFCC00FFFF3300003300333300663300993300CC3300FF3333003333333333663333993333CC3333FF3366003366333366663366993366CC3366FF3399003399333399663399993399CC3399FF33CC00
310
33CC3333CC6633CC9933CCCC33CCFF33FF0033FF3333FF6633FF9933FFCC33FFFF6600006600336600666600996600CC6600FF6633006633336633666633996633CC6633FF6666006666336666666666996666CC6666FF6699006699336699666699996699CC6699FF66CC0066CC3366CC6666CC9966CCCC66CCFF66FF0066
310
FF3366FF6666FF9966FFCC66FFFF9900009900339900669900999900CC9900FF9933009933339933669933999933CC9933FF9966009966339966669966999966CC9966FF9999009999339999669999999999CC9999FF99CC0099CC3399CC6699CC9999CCCC99CCFF99FF0099FF3399FF6699FF9999FFCC99FFFFCC0000CC00
310
33CC0066CC0099CC00CCCC00FFCC3300CC3333CC3366CC3399CC33CCCC33FFCC6600CC6633CC6666CC6699CC66CCCC66FFCC9900CC9933CC9966CC9999CC99CCCC99FFCCCC00CCCC33CCCC66CCCC99CCCCCCCCCCFFCCFF00CCFF33CCFF66CCFF99CCFFCCCCFFFFFF0000FF0033FF0066FF0099FF00CCFF00FFFF3300FF3333
310
FF3366FF3399FF33CCFF33FFFF6600FF6633FF6666FF6699FF66CCFF66FFFF9900FF9933FF9966FF9999FF99CCFF99FFFFCC00FFCC33FFCC66FFCC99FFCCCCFFCCFFFFFF00FFFF33FFFF66FFFF99FFFFCCFFFFFF0000000D0D0D1A1A1A2828283535354343435050505D5D5D6B6B6B787878868686939393A1A1A1AEAEAEBB
310
BBBBC9C9C9D6D6D6E4E4E4F1F1F1FFFFFF000000000000000000000000000000000000000000000000000000000000AD4AB4E4000007694944415478DAED9D49B2E3200C86751CDDFF00D9700DAF5876BD0547680F183388313811315457F2ECA4D2D167E997184CE0EFE10DFE3DB96D001EDD26800960029800FC26D77F6B
310
FBCDC742003FDB2680A7039822F87400530326800960668199056616981A30014C00330B548BA01CAD750730BAB3BF1B02134078EAE5B6A5A66143A33FE99B1EF07A59074BD57C540B00F2831801C8B53F061ED059046DFB417F15A11B6C876A3F3E1E5600CA6D22F840113E0991FA56821F80C3E2EDF800A089C00EC07EBF
310
822F00E81D0234803F73782300ED682C01884D0F2C0F58FFA9FE008E171902584D5BBC10D8AD58A1E435806AA30138E4CF02A02FE32AE3E6DA3B173AF400FDA61B3CE02322E80310278093C16F03D884C901005A0376E3F77CAEE20E7F37807B43E0086CA143FD8AF8D5FEB5AD8653EDC440BC34AA085A259AB2AEE7EA01E7
310
A11D08E1C5579E8D03660137044200B69D2208FF4700C0F33563DF65A8F292E26859200E809280D3404A0586CB026137CDF3000710061EE047C8702160CAF32A00C6032A0130EC0B1C116B1BB2A7FD24006500401D008EBDC1A3EAB700A0B13BAA01CAA4C1CA3A80310063003AF5CF950594FD68D501FECB22DA3FBA1A2B11
310
743C60BFF2AE07783E8E76348705C23592906AFC00680D4057FB520000C80A29F9B739E015026044108100A06E68CC001C093A0600D5DE2346B5F78CD51924DE23712AF126A600FCA18FED8F6D2C1C34802B41667D3C13085C3D800260E630AA82BC2F809B45F004804101A80745BFAE01B767813D6F21C400404D788FA701
310
608F772400F4717E8669D0A900CDC179F40000F4CC273D39DA672AFDEBD3E3F681656A724E3732C99B38DD11C09D22984CEB975A21FDF1D1D35BF510FB54649506CB00D4DA9F0280BCB240A4B275F355B5FD1680200DB20390AF58EAED876519A53384984C5EDB376DB03F186C06DB0300180308876E5AECEF0CE04322A8CC
310
B8F5F5BCF705EBEDEFAC01F702A0973F9C00DAEC1F4D032C370D3CA0C9FE441A44609B06CB01E4DD220A00812F00553A7E5D1016090D00BE75000100B1C9FEA2F282511680D303DC0540EB2101A04816FD19356F507D64006569611B3BC521C6036A0114A6451A00B204606B4016406959D057033E9506F3008ACB22441C64
310
5EC007E0AEFFF30094978504006C07F0A90191704E974C8325B2180240E00AC0D1800600E43B06D3802B0BD403A0DF40AFAC19200D560388C9829B06117E1540EC650B0012834E7CEB801800ACB67FA8BE406B1688DA7FADA8E85207F404B0DD2CDA0900C6ED675C08F50380292E88300C80C63A0093E7F9D601A407346481
310
CC79BF0ED0A32D4A8D9706B1C57E1F80BEFF46EDB721B11E1029F480AC5F380056C3AF3053EC003468403E2E1085B59EDA5E522D788F07140128D0850DC0F9194A78532F9CC7034A0094E8620A801A1C40515E4800D86460BCBE4041F70F6200FC9B2A04E779812C80E251E1048091D360F9A8704F007CC6032A4685AD3428
310
7803A8981BAC1915F653BF73C4360BA401201437BB3738501DE0775C8523EE15F6BBDD61AF12643C2F90045063BF371EE0F505F8CE0B84F7405E00AAEC0F971EEDB9C0DC9EC8350BF82338E2BA5475F603FACBE4B4F5DF1F116A04503B2AECAF13F4369C180E40EDF50F164ABA7B2DB1AD03420D482E964E0C17FAEB044F00
310
ACE7059495051C0FA8D53F7D8955CC03184F8F93CBE4B0F6F23B00A003804F2E940C6F9868B17F28009901FCD6C5D23D35E09B778C342F96F634C04E83CC3C80BEBFAB6D475962DB50420479ED29BAEDF04A5CCFA56547596AE358C20396DA5D656F05B074F48025EA018EC2B2BA7172552B54A1109A3B6797D6DBC3C7D941
310
02D009017B4D8FA356D537075F2F78DBA673BB7B3C05A0C0E81C80DD76A59F1F08405AE76523807B4590D080F7B78E311A209DD392E30E12102E6CC7FA6D02E87B8E57AF77DFA4C3806708D83736BD0BC0A8DFB3016C3F97A9BCAF23D9010835A0D7E651D2170173827716C0824B1CDB44DB7993BCBE8202F3DBA9925B16B8
310
1BC0FE1DD4F555D80328DA2E4E6FBD0E2900D2FA4359DF442AD61A5026000212FBCA06258074A44072D580580D486FAC2CE0DC823EDC673CA801CF3258E9F36C0120B9BA9B683B00FD4324D6AD6602620060080084FCC57605B500E43D40BA3480675F80BEC9415817D7BAD6E2DC53D4DF3E541022E0D603925F5F00CD46C2
310
61F4DBEE6D1FE88B1DEC9F2AEE4883B7EF2687F19236BA45B609851C800E85D0ED00540E80F02DB4F6D68E03D8FF777F3C40B21B10C925FC08802B16A21AB0C5BB248F596EA848FB410E001902D668A0DF1D8696EEF0CD229807E0CABF315B6401C8A03B2CC70360E4DED8ADA54F981F238A7B80FB0D24EB2D35131A50E301
310
6197404AE799A306B464819406F89FC47C5EA06043C58A2C50347A361C80B0108AFDAC9AF0E7057A00E82D82553FB97953FB2280777E75B65B7B7D3304E2F1F0B936014C0013C0F7B2C0043043A007007F23826101BCDE00F0466304A0BF1505D79F0F0066EDF32238018C00E09D1018ADF506F01B6D02783A803744700298
310
2130014C0013C014C1096086C00430014C00BF2E824767FA571F671A9C0026800960027001FC7B72DB00FC3DBCFD070D0C3BC6810DB9370000000049454E44AE42608200D8041800068001F8761274C9F4B75ED90D32000C0003C0009400FC7B72DB00F87978FB0FC327BE38E7DF4F3C0000000049454E44AE426082
  0
ACDSRECORD
 90
        0
  2
AcDbDs::ID
280
    10
320
22
  2
Thumbnail_Data
280
    15
 94
     2654
310
89504E470D0A1A0A0000000D49484452000001000000007408030000005D681C3700000300504C5445212830FFFFFF2128300000000000000000000000000000000000000000000000000000330000660000990000CC0000FF0033000033330033660033990033CC0033FF0066000066330066660066990066CC0066FF0099
310
000099330099660099990099CC0099FF00CC0000CC3300CC6600CC9900CCCC00CCFF00FF0000FF3300FF6600FF9900FFCC00FFFF3300003300333300663300993300CC3300FF3333003333333333663333993333CC3333FF3366003366333366663366993366CC3366FF3399003399333399663399993399CC3399FF33CC00
310
33CC3333CC6633CC9933CCCC33CCFF33FF0033FF3333FF6633FF9933FFCC33FFFF6600006600336600666600996600CC6600FF6633006633336633666633996633CC6633FF6666006666336666666666996666CC6666FF6699006699336699666699996699CC6699FF66CC0066CC3366CC6666CC9966CCCC66CCFF66FF0066
310
FF3366FF6666FF9966FFCC66FFFF9900009900339900669900999900CC9900FF9933009933339933669933999933CC9933FF9966009966339966669966999966CC9966FF9999009999339999669999999999CC9999FF99CC0099CC3399CC6699CC9999CCCC99CCFF99FF0099FF3399FF6699FF9999FFCC99FFFFCC0000CC00
310
33CC0066CC0099CC00CCCC00FFCC3300CC3333CC3366CC3399CC33CCCC33FFCC6600CC6633CC6666CC6699CC66CCCC66FFCC9900CC9933CC9966CC9999CC99CCCC99FFCCCC00CCCC33CCCC66CCCC99CCCCCCCCCCFFCCFF00CCFF33CCFF66CCFF99CCFFCCCCFFFFFF0000FF0033FF0066FF0099FF00CCFF00FFFF3300FF3333
310
FF3366FF3399FF33CCFF33FFFF6600FF6633FF6666FF6699FF66CCFF66FFFF9900FF9933FF9966FF9999FF99CCFF99FFFFCC00FFCC33FFCC66FFCC99FFCCCCFFCCFFFFFF00FFFF33FFFF66FFFF99FFFFCCFFFFFF0000000D0D0D1A1A1A2828283535354343435050505D5D5D6B6B6B787878868686939393A1A1A1AEAEAEBB
310
BBBBC9C9C9D6D6D6E4E4E4F1F1F1FFFFFF0000000000000000000000000000000000000000000000000000000000002E4550F1000006EA4944415478DAED5C4B7AF32A0CD50EBA0DED7F014CD8064BE88089E717907888A773BF36267F51E33871133E7410470F43008E1C3972E4C89123478E1C3972E4C8EF8A527F50E5A9
310
FC01005EFBAFFADB00FC8B26F19A057C1C00692E9B91289C49F13D490AA3E6BE3B4FFCF2AB95F7B17AA986EC31BA2B13041A006283EE4074078403A3B17C779EF8E55773F1EB7D166E5C87B517A707BF309644299D3EADF3A145339A9A80020064DD59FF8F00E0DBF75F0528DC151B3FB10680101326E5752EF5C74F00C080
310
3201003F92261A80CDBA2AA7683C2400C00040310584FE9F6001264E62AF22A2751DB77E4C75CB998D05F400404103DF2BF96AAF3C0C403401A5A328FFDE1F23002A0E2868607B0BB096983C28E8547400B8EBCE0A2C302D6A708A878B1D0E68002875FF000E28827B456F090008008419EF9F080022BD5B53A03836B70095
310
BD7902208AA3C140FD96ADC35A7D87032A1BD81D0037C17D0CE401400A7E2058BB3B270BB0F4693B718319807A0EECCE0164E1AC736B015EA405D45201D070C0EE5E200CB057CE07B89904FDA34CFF99043BD209853F8903D802BCF2DEEAADB00055BFE8097981D8EEC7718009F11FA669EF23418F46789021407B2AAFD400
310
7C1A074800ACA34560258103C2F29DFFA615F9A423D0B21EF2697180637F3F8905002F4A0540C3019B93A057C111A0251AF4535A89F16E4FA58524FEFB600E08C58FB2CA312E12754B455599B8E1002E1ECD2A428F01E0FB8D454D27178550D486AA374D69A86CB7C301AB161FB400EFFE6C0E7350B153C3F293F24D2A1849
310
3708630E50AB161F06A09AE7866B5A83DE823780F21B080D003507AC5A7C90040B0072602BFAD70C5D0500B600B41CB068F1F929C0517EC87316BD85E514683960D5E2D300C8B2A750A763BACE024AC788708F03662DEE600139B5C1C2A5F586AE48154624D872407FF8F9DD162498EA3C1A53E8D2EDADCF9A0407C0880330
310
73C054FFC749902DA005A03F7597165094C4E99C01E8B7B805071453200230A02EC48203822D743920EB9F0118B4B8070082A5D4B8B7770090FA2700462DEE41820D0023D7B59E0295FE28BC40A7C53D48700A000A3F16491073ECD87183C5AD3133D51F700B129400E04CFF5B6E30EBDFC905648B9B72C0A0B740E532C829
310
B0EDB9C142FF8E0560950B3C00001531D40D0E40D9DBF8055F45E15269C70D96FA371C50B7F83800350788054F4DE44A95527FAFCC6AA5ADED7180D01FAA6468BB5C604A826DD779FCDCE0FBDB091E81611C103960AEFFD66E107BB900DF2FA7FB45DA0EE3802E07602F1778D80B8C4910BBB940089B2300EED421C1AA2436
310
D57F630BC07E2E4000683B000027E930EE980B0C390007B900DF32D75C4879211DC63D7381AA1ED04D86CA5C40250EB05D0E686E8D99A9FE5B24431D0070F0BD782320E81E8E7559BC970C95B9C01E2468C51418F5D60360C90DDAB072E076496CD8E21E532045F654121BF6F67F97C4262DEE438229B79BDE18A18FF2223A
310
00B8C5011BDF18A92CC018D941B90E1E73595CF1FAA95B1C3019FFDD4A628686B0BF4D864AA096F2082EA4DFE18099FE7B1445CB198DE9DF95B5AA786344D132D2BE05405D16DE3819A2BBC3D51E001C6E9750C58A425A45A9C36AF941593C2AA8A6B79A8DF97A64C344B13EA00240891503CD2609C500241234F3B238E09D
310
2526D22F9AB7029027417861660BC23CF7997C3B7D727BBCDC3550D8040240B59ABE533132E6BD00C42A377944953C62F7A40C7FE47202ABB2784F7F94ABE973F21D5B7C3B00C202ECD260431C7C5DFEB3E179900E77F4EF1F2AAA9F9EDF6F0134C2E4119518F674AB345EE4D18F6FAF26107A557F50597D7EB19F05543C70
310
D9AB78352C8BDFC4C0F7E40206E0F28F672CC052B5D3D77A21AF152E560387A8D0F2B05F39561A95C5EFDA808A7AD3F911008A00459060DC3423B74C7357150D9A1A94C55FE1006E91E7C1F5C814C0BC46BEF0798A360CF0353E93FD5F2AFAC56E59FC250EB8A2177806005AEB04BC32588985F07E4B08ED96E30B6C019686
310
CB36DD35320E5EEB5F02000F59805821AFA940E2FF62B81B974F7804A2095C6C092D0962C70F4CF44795E67E9C0AEF0640AC15E4CD829A3651465BE02F69059904C908AE513A7C57FFC7495006BA3666B9C0D3010A0B80E810AFE406AFD14AD1DBFACB3820F8C3370300C516084516401A9305D0BEB90400CD7FDF614BB1EB
310
3A0E98EBCF001004D70391A088F503003A3F74A0820A006012BCFA0B245ED03F7180F0023B4C0162420D95056835DA33348E0356FA777EAAE2FD53A00C7D4CE280628F5C02C07BFD2A455CC7010B0E78241D6E7E4162F4431277FE3BAF09AE6C402D5AFC2D0052766BC43E91D57E911E2C72F47E42E04DF233BF90F4D1BFA0
310
A39A5F04FA7300ECD1C67300FC841C0B3872E4C89123478E1C3972E4C89123478E1C3972E4C89123478E1CF95DF90F2FDDDDCC6FE8AB730000000049454E44AE42608201DBFFDB04962C59B264C992254B962C59B264C992254BA695FF00133013C3869F006E0000000049454E44AE426082
  0
ENDSEC
  0
EOF
